상품코드,판매상품 ID,상품명,정가,판매가,할인율,적립율,적립예정포인트,인물,출판사,발행(출시)일자,분야
9788937460586,S000000620195,싯다르타,"8,000","7,200",10%,5%,400,헤르만 헤세,민음사,20020120,소설
9791124137635,S000220693844,한국사 이상현상 연구원(일반판),"22,000","19,800",10%,5%,"1,100",최인서,다이브,20260831,소설
9791194891178,S000220587963,빵충 사육 준수 사항,"16,800","15,120",10%,5%,840,김혜영,안전가옥,20260722,소설
9791175772892,S000220307771,테오,"21,000","18,900",10%,5%,"1,050",앨런 레비,오팬하우스,20260701,소설
9791198547514,S000211748790,수족관,"17,700","15,930",10%,5%,880,유래혁,포스터샵,20240111,소설
9791169087520,S000221141797,녹색 절벽의 신자들,"19,000","17,100",10%,5%,950,조예은,오리지널스,20260908,소설
9788998441012,S000001632467,모순,"13,000","11,700",10%,5%,650,양귀자,쓰다,20130401,소설
9791167141637,S000220937605,서리꽃 세트,"40,000","36,000",10%,5%,"2,000",조정래,해냄출판사,20260824,소설
9788937460449,S000000620181,데미안,"8,000","7,200",10%,5%,400,헤르만 헤세,민음사,20090120,소설
9788937461798,S000000620316,브람스를 좋아하세요,"10,000","9,000",10%,5%,500,프랑수아즈 사강,민음사,20080502,소설
9791170614043,S000220515357,투명한 나선,"22,000","19,800",10%,5%,"1,100",히가시노 게이고,북다,20260713,소설
9788925588735,S000000479333,프로젝트 헤일메리,"22,000","19,800",10%,5%,"1,100",앤디 위어,알에이치코리아,20260219,소설
9788937443848,S000000619973,이방인,"10,000","9,000",10%,5%,500,알베르 카뮈,민음사,20190902,소설
9791141602376,S000216796615,안녕이라 그랬어,"16,800","15,120",10%,5%,840,김애란,문학동네,20250620,소설
9788936439996,S000220806975,찌니주의보,"16,800","15,120",10%,5%,840,정지아,창비,20260817,소설
9791141602451,S000217503188,절창(화이트 에디션),"18,000","16,200",10%,5%,900,구병모,문학동네,20250917,소설
9788937464690,S000218858335,악수도 없이 헤어졌다,"15,000","13,500",10%,5%,750,피천득,민음사,20251212,소설
9788937460883,S000000620225,오만과 편견,"13,000","11,700",10%,5%,650,제인 오스틴,민음사,20090120,소설
9788937461033,S000000620240,인간 실격,"9,000","8,100",10%,5%,450,다자이 오사무,민음사,20120410,소설
9788937473401,S000200550189,급류,"14,000","12,600",10%,5%,700,정대건,민음사,20221222,소설
9788932909349,S000000581291,그리스인 조르바,"14,800","13,320",10%,5%,740,니코스 카잔차키스,열린책들,20091220,소설
9788936439743,S000216111714,혼모노,"18,000","16,200",10%,5%,900,성해나,창비,20250328,소설
9788972750031,S000001122985,악의,"16,800","15,120",10%,5%,840,히가시노 게이고,현대문학,20190725,소설
9791141548612,S000221062041,데뷔 못 하면 죽는 병 걸림 5부 굿즈박스 세트(한정판),"144,000","129,600",10%,5%,"7,200",백덕수,위시북스,20261208,소설
9791172134686,S000221191551,끝나지 않는 노래,"18,000","16,200",10%,5%,900,최진영,한겨레출판,20260915,소설
9788937462146,S000000620351,면도날,"15,000","13,500",10%,5%,750,서머싯 몸,민음사,20090630,소설
9788998441074,S000001632473,나는 소망한다 내게 금지된 것을,"15,000","13,500",10%,5%,750,양귀자,쓰다,20190420,소설
9788937434488,S000000619590,노르웨이의 숲,"17,000","15,300",10%,5%,850,무라카미 하루키,민음사,20170807,소설
9788937486074,S000000621139,안나 카레니나 세트,"30,800","27,720",10%,5%,"1,540",레프 니콜라예비치 톨스토이,민음사,20121101,소설
9788937460777,S000000620214,1984,"11,000","9,900",10%,5%,550,조지 오웰,민음사,20070330,소설
9791167764126,S000219244059,세종의 나라 2,"22,000","19,800",10%,5%,"1,100",김진명,이타북스,20260224,소설
9788990982704,S000001461135,용의자 X의 헌신,"18,800","16,920",10%,5%,940,히가시노 게이고,재인,20170830,소설
9788937463433,S000000620480,시지프 신화,"12,000","10,800",10%,5%,600,알베르 카뮈,민음사,20160617,소설
9788937460050,S000000620142,동물농장,"8,000","7,200",10%,5%,400,조지 오웰,민음사,20090107,소설
2090000164985,S000220939335,백야,"14,500","13,050",10%,5%,720,표도르 도스토옙스키,문학동네,20260910,소설
9791194530701,S000218438100,괴테는 모든 것을 말했다(여름 에디션),"17,000","15,300",10%,5%,850,스즈키 유이,리프,20251118,소설
9788954681155,S000000781065,홍학의 자리,"14,000","12,600",10%,5%,700,정해연,엘릭시르,20210726,소설
9788936434120,S000000610612,소년이 온다,"15,000","13,500",10%,5%,750,한강,창비,20140519,소설
9788982735738,S000001277555,눈물을 마시는 새 세트,"66,000","59,400",10%,5%,"3,300",이영도,황금가지,20140201,소설
9791141603649,S000221189893,재이,"18,000","16,200",10%,5%,900,조남주,문학동네,20260909,소설
9788937404665,S000219468964,참을 수 없는 존재의 가벼움(리커버판),"17,000","15,300",10%,5%,850,밀란 쿤데라,민음사,20260310,소설
9791167764119,S000219244028,세종의 나라 1,"22,000","19,800",10%,5%,"1,100",김진명,이타북스,20260224,소설
9788937464614,S000215599577,사랑에 대하여,"15,000","13,500",10%,5%,750,안톤 체호프,민음사,20250120,소설
9788937460470,S000000620184,호밀밭의 파수꾼,"12,000","10,800",10%,5%,600,제롬 데이비드 샐린저,민음사,20230117,소설
9788972917793,S000061863290,존재의 세 가지 거짓말,"22,000","19,800",10%,5%,"1,100",아고타 크리스토프,까치,20220915,소설
9788954687041,S000061350870,새의 선물,"16,000","14,400",10%,5%,800,은희경,문학동네,20220603,소설
9788937461491,S000000620286,무진기행,"11,000","9,900",10%,5%,550,김승옥,민음사,20070803,소설
9788937460388,S000000620175,달과 6펜스,"10,000","9,000",10%,5%,500,서머싯 몸,민음사,20000620,소설
9791199757684,S000220272256,우리는 가장 밝은 밤에 헤어졌다,"17,800","16,020",10%,5%,890,표도르 도스토옙스키,윌마,20260617,소설
9791199305304,S000217089705,자몽살구클럽,"12,000","10,800",10%,5%,600,한로로,어센틱,20250725,소설
9791124255131,S000219595709,폰더 씨의 위대한 하루,"18,000","16,200",10%,5%,900,앤디 앤드루스,세종서적,20260410,소설
9791124038192,S000218969272,나의 완벽한 장례식,"19,000","17,100",10%,5%,950,조현선,북로망스,20260121,소설
9788937464720,S000218474573,사람은 무엇으로 사는가,"15,000","13,500",10%,5%,750,레프 톨스토이,민음사,20251028,소설
9791161571188,S000001803157,불편한 편의점(벚꽃 에디션),"16,800","15,120",10%,5%,840,김호연,나무옆의자,20210420,소설
9788937460944,S000000620231,차라투스트라는 이렇게 말했다,"16,000","14,400",10%,5%,800,프리드리히 니체,민음사,20040102,소설
9791124575178,S000220307596,달러구트 꿈 백화점 0,"17,800","16,020",10%,5%,890,이미예,팩토리나인,20260701,소설
9791168343887,S000220364011,주와 연,"17,500","15,750",10%,5%,870,청예,래빗홀,20260624,소설
9788937462788,S000000620415,노인과 바다,"8,000","7,200",10%,5%,400,어니스트 헤밍웨이,민음사,20120102,소설
9788937460708,S000000620207,체호프 단편선,"9,000","8,100",10%,5%,450,안톤 체호프,민음사,20021120,소설
9791141619992,S000221229253,눈 내리는 삼일포,"18,000","16,200",10%,5%,900,김연수,문학동네,20261002,소설
9788937477478,S000220297360,악마는 열심히 산다,"15,000","13,500",10%,5%,750,김화진,민음사,20260619,소설
9788937464386,S000211623169,이반 일리치의 죽음,"12,000","10,800",10%,5%,600,레프 톨스토이,민음사,20231208,소설
9788937460616,S000000620198,설국,"8,000","7,200",10%,5%,400,가와바타 야스나리,민음사,20090120,소설
9791191824582,S000220623768,태양 아래 올리브,"19,800","17,820",10%,5%,990,김초엽,자이언트북스,20260803,소설
9791170614029,S000220351148,연금술사,"16,800","15,120",10%,5%,840,파울로 코엘료,북다,20260703,소설
9791167372864,S000201621499,구의 증명(리커버판),"12,000","10,800",10%,5%,600,최진영,은행나무,20230426,소설
9788937417566,S000000618740,클라라와 태양,"17,000","15,300",10%,5%,850,가즈오 이시구로,민음사,20210329,소설
9791141617226,S000220215920,시간의 감촉,"18,800","16,920",10%,5%,940,은희경,문학동네,20260622,소설
9791162203392,S000001808667,아가미(애니메이션 더블 커버),"16,800","15,120",10%,5%,840,구병모,위즈덤하우스,20180330,소설
9788932023977,S000000569916,초조한 마음,"17,000","15,300",10%,5%,850,슈테판 츠바이크,문학과지성사,20130412,소설
9788925554990,S000000478177,스토너,"16,800","15,120",10%,5%,840,존 윌리엄스,알에이치코리아,20150102,소설
9788982819278,S000001280352,고래,"15,000","13,500",10%,5%,750,천명관,문학동네,20140416,소설
9788998441029,S000001632468,천년의 사랑,"15,000","13,500",10%,5%,750,양귀자,쓰다,20130420,소설
9788937462399,S000000620376,지하로부터의 수기,"11,000","9,900",10%,5%,550,표도르 도스토예프스키,민음사,20100226,소설
9788937462344,S000000620371,참을 수 없는 존재의 가벼움,"13,000","11,700",10%,5%,650,밀란 쿤데라,민음사,20091224,소설
9788937460500,S000000620187,수레바퀴 아래서,"8,000","7,200",10%,5%,400,헤르만 헤세,민음사,20090120,소설
9791141603540,S000221265030,쥬디 할머니(한지 에디션),"20,000","18,000",10%,5%,"1,000",박완서,문학동네,20260914,소설
9788932045726,S000221191898,소설 보다: 가을 2026,"5,500","4,950",10%,5%,270,박우연 외,문학과지성사,20260910,소설
9791124038604,S000220637951,기억의 무늬,"19,800","17,820",10%,5%,990,백희성,북로망스,20260805,소설
9791164455300,S000001830102,어린 왕자(초판본)(1943년 오리지널 초판본 표지디자인),"2,990","2,700",10%,5%,140,앙투안 생텍쥐페리,더스토리,20211004,소설
9788925588650,S000000479326,마션(스페셜 에디션),"19,800","17,820",10%,5%,990,앤디 위어,알에이치코리아,20210504,소설
9791190090261,S000001935255,천 개의 파랑,"17,000","15,300",10%,5%,850,천선란,허블,20200819,소설
9788998441081,S000001632474,희망,"19,800","17,820",10%,5%,990,양귀자,쓰다,20200630,소설
9788932925844,S000220929920,드라큘라,"18,800","16,920",10%,5%,940,브램 스토커,열린책들,20260815,소설
9788937465000,S000220240819,압록강은 흐른다,"14,000","12,600",10%,5%,700,이미륵,민음사,20260612,소설
9791141609962,S000216317041,연매장,"17,500","15,750",10%,5%,870,팡팡,문학동네,20250418,소설
9791191247329,S000201172390,눈이 올 정도로 추운지,"14,800","13,320",10%,5%,740,제시카 아우,엘리,20230310,소설
9791197671708,S000061451738,사서함 110호의 우편물,"17,000","15,300",10%,5%,850,이도우,수박설탕,20220730,소설
9788937486067,S000000621138,카라마조프가의 형제들 세트,"33,000","29,700",10%,5%,"1,650",표도로 도스토예프스키,민음사,20121101,소설
9788932023151,S000000569840,비행운,"15,000","13,500",10%,5%,750,김애란,문학과지성사,20120719,소설
9788937462849,S000000620421,죄와 벌 1,"11,000","9,900",10%,5%,550,도스토예프스키,민음사,20120330,소설
9788937460258,S000000620162,젊은 베르테르의 슬픔,"9,000","8,100",10%,5%,450,요한 볼프강 폰 괴테,민음사,19990320,소설
9791175774162,S000221251398,1차원의 삽목,"19,800","17,820",10%,5%,990,마쓰시타 류노스케,반타,20260910,소설
9791141601300,S000214032055,이중 하나는 거짓말,"16,000","14,400",10%,5%,800,김애란,문학동네,20240827,소설
9788954682152,S000000781116,작별하지 않는다,"16,800","15,120",10%,5%,840,한강,문학동네,20210909,소설
9788954641548,S000000779642,너무 시끄러운 고독,"15,000","13,500",10%,5%,750,보후밀 흐라발,문학동네,20160708,소설
9788937462856,S000000620422,죄와 벌 2,"11,000","9,900",10%,5%,550,도스토예프스키,민음사,20120330,소설
9791192738888,S000220938756,이상한 지도,"18,800","16,920",10%,5%,940,우케쓰,리드비,20260827,소설
9791167141644,S000220937602,서리꽃 1,"20,000","18,000",10%,5%,"1,000",조정래,해냄출판사,20260824,소설
9788932925868,S000220930171,프랑켄슈타인,"14,800","13,320",10%,5%,740,메리 W. 셸리,열린책들,20260815,소설
9788984374966,S000215985037,마음을 읽는 아이 오로르,"22,000","19,800",10%,5%,"1,100",더글라스 케네디,밝은세상,20250311,소설
9788986836837,S000200205332,왜 나는 너를 사랑하는가(70만 부 기념 리커버),"14,000","12,600",10%,5%,700,알랭 드 보통,청미래,20221110,소설
9788936434595,S000000610650,채식주의자,"17,000","15,300",10%,5%,850,한강,창비,20220328,소설
9791191824001,S000001953324,지구 끝의 온실,"18,500","16,650",10%,5%,920,김초엽,자이언트북스,20210818,소설
9788937463884,S000000620525,남아 있는 나날,"14,000","12,600",10%,5%,700,가즈오 이시구로,민음사,20210806,소설
9788937479793,S000000620699,내 이름은 빨강 1,"13,000","11,700",10%,5%,650,오르한 파묵,민음사,20191030,소설
9788937437564,S000000619722,참을 수 없는 존재의 가벼움,"17,000","15,300",10%,5%,850,밀란 쿤데라,민음사,20180620,소설
9788937461187,S000000620255,폭풍의 언덕,"13,000","11,700",10%,5%,650,에밀리 브론테,민음사,20090120,소설
9788937460043,S000000620141,변신 시골의사,"8,500","7,650",10%,5%,420,프란츠 카프카,민음사,20090120,소설
9788937464973,S000220295807,백치 1,"17,000","15,300",10%,5%,850,표도르 도스토옙스키,민음사,20260618,소설
9791143010216,S000219083403,죄와 벌 1~2권 세트,"35,000","31,500",10%,5%,"1,750",표도르 도스토옙스키,지식을만드는지식,20250828,소설
9791166688768,S000217098917,돌이킬 수 있는,"16,800","15,120",10%,5%,840,문목하,아작,20250725,소설
9791159921445,S000001786573,사탄탱고(블랙 에디션),"19,800","17,820",10%,5%,990,크러스너호르커이 라슬로,알마,20180509,소설
9788932917245,S000000581824,어린 왕자,"11,800","10,620",10%,5%,590,앙투안 드 생택쥐페리,열린책들,20151020,소설
9788973814725,S000001144035,멋진 신세계,"13,800","12,420",10%,5%,690,올더스 헉슬리,소담출판사,20150612,소설
9788937460753,S000000620212,위대한 개츠비,"9,000","8,100",10%,5%,450,F. 스콧 피츠제럴드,민음사,20090120,소설
9788954476836,S000221238257,청담동 다이어리,"18,000","16,200",10%,5%,900,정수현,자음과모음,20260909,소설
9791167903792,S000220735253,서성이다,"15,000","13,500",10%,5%,750,장강명,현대문학,20260805,소설
9791175773721,S000220663381,뒤틀린 사랑,"23,000","20,700",10%,5%,"1,150",아나 황,모모,20260728,소설
9788936431716,S000220451496,"알로하, 나의 엄마들","16,000","14,400",10%,5%,800,이금이,창비,20260615,소설
9788937446238,S000218622923,디 에센셜: 제인 오스틴(교보문고 특별판),"20,000","18,000",10%,5%,"1,000",제인 오스틴,민음사,20251114,소설
9791194891055,S000218149462,테세우스 패러독스,"16,000","14,400",10%,5%,800,이경희,안전가옥,20251015,소설
9788954618373,S000000778372,프랑켄슈타인,"11,000","9,900",10%,5%,550,메리 셸리,문학동네,20251010,소설
9791194413394,S000216819592,궤도,"17,000","15,300",10%,5%,850,서맨사 하비,서해문집,20250620,소설
9791194654063,S000216172302,긴키 지방의 어느 장소에 대하여,"16,800","15,120",10%,5%,840,세스지 외,반타,20250410,소설
9791194280804,S000215820966,변신(초판본)(1916년 오리지널 초판본 표지디자인),"2,980","2,690",10%,5%,140,프란츠 카프카,더스토리,20250228,소설
9788937464638,S000215912789,지킬 박사와 하이드 씨의 기이한 사건,"12,000","10,800",10%,5%,600,로버트 루이스 스티븐슨 외,민음사,20250220,소설
9791193790083,S000213029112,히든 픽처스,"14,000","12,600",10%,5%,700,제이슨 르쿨락,문학수첩,20240503,소설
9791130646381,S000211513068,이처럼 사소한 것들,"13,800","12,420",10%,5%,690,클레어 키건,다산책방,20231127,소설
9791198363510,S000202972046,아몬드,"16,800","15,120",10%,5%,840,손원평,다즐링,20230714,소설
9791190174756,S000001936854,"칵테일, 러브, 좀비 (리커버)","13,000","11,700",10%,5%,650,조예은,안전가옥,20230125,소설
9791167901484,S000200550190,나미야 잡화점의 기적(무선 보급판),"18,800","16,920",10%,5%,940,히가시노 게이고,현대문학,20221219,소설
9788936438838,S000061694154,아버지의 해방일지,"17,000","15,300",10%,5%,850,정지아,창비,20220902,소설
9791191043754,S000061353833,세상의 마지막 기차역(리커버 에디션),"16,800","15,120",10%,5%,840,무라세 다케시,모모,20220509,소설
9791197377143,S000001986136,"어서 오세요, 휴남동 서점입니다","15,000","13,500",10%,5%,750,황보름,클레이하우스,20220117,소설
9788937463945,S000000620531,케이크와 맥주,"13,000","11,700",10%,5%,650,서머싯 몸,민음사,20210910,소설
9791190090018,S000001935245,우리가 빛의 속도로 갈 수 없다면,"17,000","15,300",10%,5%,850,김초엽,허블,20190624,소설
9788972758945,S000001123764,모스크바의 신사,"18,000","16,200",10%,5%,900,에이모 토울스,현대문학,20180622,소설
9791162203620,S000001808685,파과,"17,800","16,020",10%,5%,890,구병모,위즈덤하우스,20180416,소설
9791196222628,S000001973588,회색 인간,"13,000","11,700",10%,5%,650,김동식,요다,20171227,소설
9788937473166,S000000620599,해가 지는 곳으로,"14,000","12,600",10%,5%,700,최진영,민음사,20170630,소설
9788959134823,S000000887763,사랑의 생애,"18,500","16,650",10%,5%,920,이승우,위즈덤하우스,20170302,소설
9788952776372,S000000733954,리틀 라이프 1,"16,800","15,120",10%,5%,840,한야 야나기하라,시공사,20160616,소설
9788956609959,S000000828491,종의 기원,"16,800","15,120",10%,5%,840,정유정,은행나무,20160516,소설
9788932917207,S000000581821,앵무새 죽이기,"15,800","14,220",10%,5%,790,하퍼 리,열린책들,20150630,소설
9788937460432,S000000620180,고도를 기다리며,"9,000","8,100",10%,5%,450,사뮈엘 베케트,민음사,20120220,소설
9788937460036,S000000620140,햄릿,"7,000","6,300",10%,5%,350,셰익스피어,민음사,20090120,소설
9788970135472,S000001069444,은하수를 여행하는 히치하이커를 위한 안내서(합본),"71,000","63,900",10%,5%,"3,550",더글러스 애덤스,책세상,20051220,소설
9788937460272,S000000620164,다섯째 아이,"13,000","11,700",10%,5%,650,도리스 레싱,민음사,19990625,소설
9788937477515,S000221365798,우리 착한 나진,"15,000","13,500",10%,5%,750,이서수,민음사,20260918,소설
9788932925851,S000220930092,에드거 앨런 포 단편선,"15,800","14,220",10%,5%,790,에드거 앨런 포,열린책들,20260815,소설
9791168344044,S000220566745,지푸라기 왕관을 쓴 여자,"18,800","16,920",10%,5%,940,박상영,래빗홀,20260722,소설
9791193235966,S000220211813,윗집 부부,"18,000","16,200",10%,5%,900,황보름,클레이하우스,20260624,소설
9788932925738,S000220036769,나는 고양이로소이다,"16,800","15,120",10%,5%,840,나쓰메 소세키,열린책들,20260525,소설
9791167376275,S000219138574,내 심장을 쏴라,"18,000","16,200",10%,5%,900,정유정,은행나무,20260206,소설
9791141615055,S000218961437,쥬디 할머니,"18,500","16,650",10%,5%,920,박완서,문학동네,20260120,소설
9788937464713,S000218841048,쓰가루,"13,000","11,700",10%,5%,650,다자이 오사무,민음사,20251212,소설
9788937464737,S000217485868,도련님,"13,000","11,700",10%,5%,650,나쓰메 소세키,민음사,20250905,소설
9791160405750,S000209209050,단 한 사람,"15,000","13,500",10%,5%,750,최진영,한겨레출판,20230930,소설
9791156754312,S000208855562,인생(위화 작가 등단 40주년 기념 리커버 특별판),"16,800","15,120",10%,5%,840,위화,푸른숲,20230905,소설
9791161571379,S000061532631,불편한 편의점 2(단풍 에디션),"16,800","15,120",10%,5%,840,김호연,나무옆의자,20220810,소설
9788937464034,S000061350717,달려라 메로스,"14,000","12,600",10%,5%,700,다자이 오사무,민음사,20220603,소설
9791191056556,S000001947560,미드나잇 라이브러리,"17,500","15,750",10%,5%,870,매트 헤이그,인플루엔셜,20210428,소설
9791164453115,S000001829920,데미안(초판본)(1919년 오리지널 초판본 표지 디자인),"2,980","2,690",10%,5%,140,헤르만 헤세,더스토리,20200820,소설
9788937463686,S000000620505,여름,"12,000","10,800",10%,5%,600,이디스 워튼,민음사,20200814,소설
9788936434427,S000000610639,유원,"14,000","12,600",10%,5%,700,백온유,창비,20200619,소설
9788937443671,S000000619968,부활 2,"13,000","11,700",10%,5%,650,레프 톨스토이,민음사,20191227,소설
9788937443664,S000000619967,부활 1,"12,000","10,800",10%,5%,600,레프 톨스토이,민음사,20191227,소설
9788937479809,S000000620700,내 이름은 빨강 2,"13,000","11,700",10%,5%,650,오르한 파묵,민음사,20191030,소설
9788992036962,S000001491388,고백,"14,800","13,320",10%,5%,740,미나토 가나에,비채,20180823,소설
9788937462672,S000000620404,페스트,"14,000","12,600",10%,5%,700,알베르 카뮈,민음사,20110403,소설
9788937461699,S000000620306,포스트맨은 벨을 두 번 울린다,"11,000","9,900",10%,5%,550,제임스 M. 케인,민음사,20071228,소설
9788937461118,S000000620248,크눌프,"9,000","8,100",10%,5%,450,헤르만 헤세,민음사,20041120,소설
9788937461088,S000000620245,달콤 쌉싸름한 초콜릿,"13,000","11,700",10%,5%,650,라우라 에스키벨,민음사,20041020,소설
9788937460555,S000000620192,모래의 여자,"10,000","9,000",10%,5%,500,아베 코보,민음사,20011110,소설
9788936481698,S000221352069,엄마를 부탁해(리마스터판),"20,000","18,000",10%,5%,"1,000",신경숙,창비,20260921,소설
9791127888671,S000221178586,왕의 프러포즈 8,"8,500","7,650",10%,5%,420,타치바나 코우시,디앤씨미디어,20260921,소설
9791170614135,S000220845906,이효석문학상 수상작품집 2026,"17,000","15,300",10%,5%,850,박솔뫼 외,북다,20260818,소설
9788937465017,S000220988235,밀회,"15,000","13,500",10%,5%,750,아베 코보,민음사,20260818,소설
9791175488649,S000220662966,헝거 게임: 50번째 추첨의 날,"20,000","18,000",10%,5%,"1,000",수잔 콜린스,북폴리오,20260731,소설
9791141603410,S000220363935,두 도시 이야기,"20,000","18,000",10%,5%,"1,000",찰스 디킨스,문학동네,20260630,소설
9791175773387,S000220296667,신 퇴마록 신세편 2,"22,000","19,800",10%,5%,"1,100",이우혁,반타,20260623,소설
9791175773370,S000220296661,신 퇴마록 신세편 1,"22,000","19,800",10%,5%,"1,100",이우혁,반타,20260623,소설
9791172134297,S000220271017,인비인,"18,000","16,200",10%,5%,900,성해나,한겨레출판,20260619,소설
9791190818483,S000220041732,아무도 미워하지 않는 자의 죽음,"16,700","15,030",10%,5%,830,잉게 숄,시간과공간사,20260619,소설
9788937464980,S000220295810,백치 2,"17,000","15,300",10%,5%,850,표도르 도스토옙스키,민음사,20260618,소설
9791171311774,S000219457925,행복한 죽음,"15,000","13,500",10%,5%,750,알베르 카뮈,책세상,20260331,소설
9791166688867,S000219303088,유령해마(소장판),"18,000","16,200",10%,5%,900,문목하,아작,20260310,소설
9791171715503,S000218606713,죽은 왕녀를 위한 파반느(양장 특별판),"20,000","18,000",10%,5%,"1,000",박민규,위즈덤하우스,20251119,소설
9788901296906,S000217222979,그 많던 싱아는 누가 다 먹었을까(박완서 X 이옥토 리커버 특별판),"18,500","16,650",10%,5%,920,박완서,웅진지식하우스,20250818,소설
9791170612759,S000217048850,가공범,"22,000","19,800",10%,5%,"1,100",히가시노 게이고,북다,20250721,소설
9791194591627,S000216090373,페스트(초판본)(1947년 오리지널 표지디자인),"3,980","3,590",10%,5%,190,알베르 카뮈,더스토리,20250410,소설
9791193790564,S000214780290,해리 포터와 혼혈 왕자 1,"13,000","11,700",10%,5%,650,J.K. 롤링,문학수첩,20241128,소설
9788937428234,S000214717572,비눗방울 퐁,"15,000","13,500",10%,5%,750,이유리,민음사,20241108,소설
9788937456121,S000211622457,디 에센셜: 알베르 카뮈(무선 보급판),"17,000","15,300",10%,5%,850,알베르 카뮈,민음사,20231208,소설
9791164456338,S000201096967,데미안(리커버 한정판),"15,000","13,500",10%,5%,750,헤르만 헤세,더스토리,20230315,소설
9791167901354,S000200115764,랑과 나의 사막,"15,000","13,500",10%,5%,750,천선란,현대문학,20221025,소설
9788960174191,S000000919960,제노사이드,"18,000","16,200",10%,5%,900,다카노 가즈아키,황금가지,20220810,소설
9791168340510,S000061450857,파친코 1,"15,800","14,220",10%,5%,790,이민진,인플루엔셜,20220805,소설
9788937429859,S000061350710,도리언 그레이의 초상 1890,"11,800","10,620",10%,5%,590,오스카 와일드,민음사,20220429,소설
9788954683708,S000000781194,백야,"14,500","13,050",10%,5%,720,표도르 도스토옙스키,문학동네,20211129,소설
9791164455263,S000001830098,인간 실격(초판본)(1948년 오리지널 초판본 표지디자인),"2,990","2,700",10%,5%,140,다자이 오사무,더스토리,20210910,소설
9788954681179,S000000781066,밝은 밤,"17,000","15,300",10%,5%,850,최은영,문학동네,20210727,소설
9791167370280,S000001849737,완전한 행복,"17,800","16,020",10%,5%,890,정유정,은행나무,20210608,소설
9788925588711,S000000479331,아르테미스(스페셜 에디션),"19,800","17,820",10%,5%,990,앤디 위어,알에이치코리아,20210504,소설
9788932920238,S000000582058,깊이에의 강요,"16,800","15,120",10%,5%,840,파트리크 쥐스킨트,열린책들,20200420,소설
9788972758389,S000001123721,노변의 피크닉,"16,800","15,120",10%,5%,840,아르카디 스트루가츠키 외,현대문학,20171218,소설
9788952777645,S000000734079,유년기의 끝,"19,800","17,820",10%,5%,990,아서 C. 클라크,시공사,20161216,소설
9788932916804,S000000581783,돈키호테 1,"19,800","17,820",10%,5%,990,미겔 데 세르반테스 사아베드라,열린책들,20141115,소설
9788937460463,S000000620183,카탈로니아 찬가,"10,000","9,000",10%,5%,500,조지 오웰,민음사,20140825,소설
9788937462900,S000000620427,구르브 연락 없다,"11,000","9,900",10%,5%,550,에두아르도 멘도사,민음사,20120629,소설
9788954611800,S000000777812,1Q84 3,"15,800","14,220",10%,5%,790,무라카미 하루키,문학동네,20100727,소설
9788972976196,S000001129490,나의 라임 오렌지나무,"13,000","11,700",10%,5%,650,J. M. 바스콘셀로스,동녘,20100415,소설
9788937460067,S000000620143,허클베리 핀의 모험,"13,000","11,700",10%,5%,650,마크 트웨인,민음사,20090120,소설
9788937460210,S000000620158,파우스트 1,"11,000","9,900",10%,5%,550,요한 볼프강 폰 괴테,민음사,20090120,소설
9788937461378,S000000620274,인생의 베일,"11,000","9,900",10%,5%,550,서머싯 몸,민음사,20070202,소설
9788958560760,S000000877181,톨스토이 단편선 1,"10,000","9,000",10%,5%,500,L. N. 톨스토이,인디북,20051223,소설
9788937460197,S000000620156,파리대왕,"13,000","11,700",10%,5%,650,윌리엄 골딩,민음사,20001016,소설
9788937460111,S000000620148,인간의 굴레에서 1,"13,000","11,700",10%,5%,650,서머싯 몸,민음사,19980930,소설
9791193866566,S000221268729,탄흔,"17,500","15,750",10%,5%,870,데라오 데쓰야,드롬,20260928,소설
9791168344198,S000221061936,트와이스,"18,000","16,200",10%,5%,900,미치 앨봄,인플루엔셜,20260828,소설
9791170614296,S000221061490,스핑크스의 왼쪽 눈동자,"16,800","15,120",10%,5%,840,김유진,북다,20260828,소설
9791175774094,S000221061921,온고쿠,"16,800","15,120",10%,5%,840,기타자와 도,반타,20260826,소설
9791167141651,S000220937603,서리꽃 2,"20,000","18,000",10%,5%,"1,000",조정래,해냄출판사,20260824,소설
9791192313894,S000220341461,I,"18,800","16,920",10%,5%,940,미치오 슈스케,북스피어,20260630,소설
9791175910942,S000220271742,서울의 선인,"18,000","16,200",10%,5%,900,김호연,위즈덤하우스,20260617,소설
9791158162085,S000219508326,용궁장의 고백,"16,800","15,120",10%,5%,840,조승리,달,20260320,소설
9788937404672,S000219468971,불멸(리커버판),"17,000","15,300",10%,5%,850,밀란 쿤데라,민음사,20260310,소설
9791173830242,S000218565615,비밀 속의 비밀 2,"16,800","15,120",10%,5%,840,댄 브라운,문학수첩,20251205,소설
9791171713929,S000216885391,여름은 고작 계절,"17,500","15,750",10%,5%,870,김서해,위즈덤하우스,20251127,소설
9791173830235,S000218565637,비밀 속의 비밀 1,"16,800","15,120",10%,5%,840,댄 브라운,문학수첩,20251127,소설
9791193078709,S000218147274,아무도 오지 않는 곳에서,"17,000","15,300",10%,5%,850,천선란,허블,20251027,소설
9791168343108,S000217345795,양면의 조개껍데기(리커버 특별판),"17,500","15,750",10%,5%,870,김초엽,래빗홀,20250827,소설
9788901296913,S000217222886,그 산이 정말 거기 있었을까(박완서 X 이옥토 리커버 특별판),"18,500","16,650",10%,5%,920,박완서,웅진지식하우스,20250818,소설
9788937477317,S000217011947,꽤 낙천적인 아이,"15,000","13,500",10%,5%,750,원소윤,민음사,20250718,소설
9791143007070,S000217165455,카라마조프가의 형제들(Братья Карамазовы) 세트,"89,000","80,100",10%,5%,"4,450",표도르 도스토옙스키,지식을만드는지식,20250710,소설
9791194591412,S000215970502,크눌프(초판본)(1915년 오리지널 초판본 표지디자인),"2,980","2,690",10%,5%,140,헤르만 헤세,더스토리,20250328,소설
9791194591399,S000215970450,야간 비행(초판본)(1931년 오리지널 초판본 표지디자인),"2,980","2,690",10%,5%,140,앙투안 드 생텍쥐페리,더스토리,20250328,소설
9791194280798,S000215820954,노인과 바다(초판본)(1952년 오리지널 초판본 표지디자인),"2,980","2,690",10%,5%,140,어니스트 헤밍웨이,더스토리,20250228,소설
9791194280828,S000215820974,싯다르타(초판본)(1922년 오리지널 초판본 표지디자인),"2,980","2,690",10%,5%,140,헤르만 헤세,더스토리,20250228,소설
9791171717279,S000215131259,계화의 여름,"13,000","11,700",10%,5%,650,배명은,위즈덤하우스,20250108,소설
9791194246442,S000214846597,달러구트 꿈 백화점 (200만부 기념 합본호 : 아메리칸드림 에디션),"28,000","25,200",10%,5%,"1,400",이미예,팩토리나인,20241202,소설
9788932461434,S000214261302,필로우맨,"16,000","14,400",10%,5%,800,마틴 맥도나,을유문화사,20240910,소설
9791193937198,S000213999814,빛이 이끄는 곳으로,"18,800","16,920",10%,5%,940,백희성,북로망스,20240821,소설
9791171717071,S000214032692,0000,"13,000","11,700",10%,5%,650,임선우,위즈덤하우스,20240814,소설
9791139716542,S000212196137,파우스트(명화 수록 무삭제 완역본),"17,500","15,750",10%,5%,870,요한 볼프강 폰 괴테,현대지성,20240208,소설
9791197671739,S000211402868,날씨가 좋으면 찾아가겠어요,"17,000","15,300",10%,5%,850,이도우,수박설탕,20231122,소설
9788954695053,S000203331812,아주 희미한 빛으로도,"16,800","15,120",10%,5%,840,최은영,문학동네,20230807,소설
9788950935658,S000201447729,슬픔이여 안녕,"15,000","13,500",10%,5%,750,프랑수아즈 사강,아르테(arte),20230331,소설
9788932923048,S000200879837,수확자 Scythe,"18,500","16,650",10%,5%,920,닐 셔스터먼,열린책들,20230210,소설
9791139707137,S000061694904,모비딕(무삭제 완역본),"19,900","17,910",10%,5%,990,허먼 멜빌,현대지성,20220902,소설
9791167090126,S000060626263,쉽게 읽는 일리아스 오디세이아,"17,500","15,750",10%,5%,870,호메로스,아름다운날,20220620,소설
9788932921396,S000000582138,신곡(La Divina Commedia)(귀스타브 도레 삽화 수록본),"36,000","32,400",10%,5%,"1,800",단테 알리기에리,열린책들,20220330,소설
9788954682749,S000000781143,1차원이 되고 싶어,"14,800","13,320",10%,5%,740,박상영,문학동네,20211008,소설
9791191043297,S000001947482,"오늘 밤, 세계에서 이 사랑이 사라진다 해도","14,000","12,600",10%,5%,700,이치조 미사키,모모,20210628,소설
9791191280630,S000001949992,사람은 무엇으로 사는가(러시아 원전 번역본),"7,700","6,930",10%,5%,380,레프 톨스토이,현대지성,20210205,소설
9788925569154,S000000479161,이문열 삼국지 세트,"168,000","151,200",10%,5%,"8,400",이문열 (평역),알에이치코리아,20200325,소설
9788937429569,S000000619355,여름의 책,"10,800","9,720",10%,5%,540,토베 얀손,민음사,20191101,소설
9788952240569,S000000722354,가재가 노래하는 곳,"16,000","14,400",10%,5%,800,델리아 오언스,살림,20190621,소설
9788954641630,S000000779649,쇼코의 미소,"16,000","14,400",10%,5%,800,최은영,문학동네,20190620,소설
9791164050277,S000001824800,숨,"18,500","16,650",10%,5%,920,테드 창,엘리,20190520,소설
9788955824957,S000000809569,내 영혼이 따뜻했던 날들,"15,000","13,500",10%,5%,750,포리스터 카터,아름드리미디어,20190320,소설
9788954646079,S000000779885,바깥은 여름,"16,000","14,400",10%,5%,800,김애란,문학동네,20170628,소설
9788956057842,S000000814614,당신 인생의 이야기,"17,000","15,300",10%,5%,850,테드 창,엘리,20161019,소설
9788956608846,S000000828422,낭만적 연애와 그 후의 일상,"17,000","15,300",10%,5%,850,알랭 드 보통,은행나무,20160825,소설
9788935669738,S000000603617,나의 눈부신 친구,"17,000","15,300",10%,5%,850,엘레나 페란테,한길사,20160707,소설
9788956601021,S000000827932,공중그네,"17,000","15,300",10%,5%,850,오쿠다 히데오,은행나무,20150615,소설
9788932027098,S000000570056,광장/구운몽,"14,000","12,600",10%,5%,700,최인훈,문학과지성사,20141231,소설
9788990982575,S000001461127,가면산장 살인사건,"16,800","15,120",10%,5%,840,히가시노 게이고,재인,20140926,소설
9788993094435,S000001517469,안드로이드는 전기양의 꿈을 꾸는가,"18,000","16,200",10%,5%,900,필립 K. 딕,폴라북스,20130927,소설
9788937488061,S000000621203,신곡 세트,"29,000","26,100",10%,5%,"1,450",단테 알리기에리,민음사,20130717,소설
9788982816635,S000001280109,자기 앞의 생,"16,000","14,400",10%,5%,800,에밀 아자르,문학동네,20130124,소설
9788998441005,S000001632466,원미동 사람들,"13,000","11,700",10%,5%,650,양귀자,쓰다,20121225,소설
9788936433871,S000000610593,두근 두근 내 인생,"16,000","14,400",10%,5%,800,김애란,창비,20110620,소설
9788954608640,S000000777513,1Q84 1,"14,800","13,320",10%,5%,740,무라카미 하루키,문학동네,20090825,소설
9788937461606,S000000620297,깊은 강,"15,000","13,500",10%,5%,750,엔도 슈사쿠,민음사,20071030,소설
9788937461262,S000000620263,라셀라스,"11,000","9,900",10%,5%,550,새뮤얼 존슨,민음사,20051025,소설
9788937460661,S000000620203,나르치스와 골드문트,"12,000","10,800",10%,5%,600,헤르만 헤세,민음사,20020730,소설
9788937460678,S000000620204,황야의 이리,"11,000","9,900",10%,5%,550,헤르만 헤세,민음사,20020730,소설
9788937460340,S000000620171,백년의 고독 1,"11,000","9,900",10%,5%,550,가브리엘 가르시아 마르케스,민음사,20000105,소설
9788937460357,S000000620172,백년의 고독 2,"11,000","9,900",10%,5%,550,가브리엘 가르시아 마르케스,민음사,20000105,소설
9788937460128,S000000620149,인간의 굴레에서 2,"13,000","11,700",10%,5%,650,서머싯 몸,민음사,19980930,소설
9788937460029,S000000620139,변신이야기 2,"13,000","11,700",10%,5%,650,오비디우스,민음사,19980805,소설
9788937460012,S000000620138,변신이야기 1,"13,000","11,700",10%,5%,650,오비디우스,민음사,19980805,소설
9788937460104,S000000620147,한국단편문학선 1,"12,000","10,800",10%,5%,600,김동인,민음사,19980805,소설
9791141548568,S000221062057,데뷔 못 하면 죽는 병 걸림 5부 세트,"80,000","72,000",10%,5%,"4,000",백덕수,위시북스,20261208,소설
9791124379363,S000221282067,하공진,"26,500","23,850",10%,5%,"1,320",하희봉,오픈업,20260921,소설
9791172102500,S000221251710,아름다움이라는 우연,"19,500","17,550",10%,5%,970,브라이언 워싱턴,더픽션,20260920,소설
9791192738895,S000221262383,"그 살인, 본격 미스터리로 만들어 드리겠습니다.","17,800","16,020",10%,5%,890,가타오카 쇼,리드비,20260917,소설
9788954474931,S000221231662,우리가 보고 있지 않았던 장면들,"15,000","13,500",10%,5%,750,임솔아,자음과모음,20260916,소설
9791130683348,S000221267697,디어 윌버 문구점,"19,500","17,550",10%,5%,970,샐리 페이지,다산책방,20260915,소설
9791124712078,S000221282993,브레인 데미지,"19,000","17,100",10%,5%,950,프리다 맥파든,북플라자,20260914,소설
9791158792619,S000221191561,가족극,"18,800","16,920",10%,5%,940,미야베 미유키,북로드,20260911,소설
9791167903822,S000221327981,인간 판박이,"16,800","15,120",10%,5%,840,아베 고보,현대문학,20260910,소설
9791141603618,S000221152201,테니스나무,"17,000","15,300",10%,5%,850,윤고은,문학동네,20260904,소설
9791175911185,S000221142514,펀치 드렁크 픽션,"13,000","11,700",10%,5%,650,서장원,위즈덤하우스,20260902,소설
9791199327894,S000220923399,수살귀,"19,000","17,100",10%,5%,950,쌈무이,책과삶,20260828,소설
9791176612845,S000221030657,신 수수께끼 풀이는 저녁식사 후에 1,"18,900","17,010",10%,5%,940,히가시가와 도쿠야,아르테(arte),20260826,소설
9791173327193,S000220843887,슬로 호시스,"19,000","17,100",10%,5%,950,믹 헤런,비채,20260824,소설
9791124185230,S000220924596,셸리 숍앤센터,"16,800","15,120",10%,5%,840,설재인,나무옆의자,20260824,소설
9791130682884,S000220870534,위스퍼맨,"19,000","17,100",10%,5%,950,알렉스 노스,다산책방,20260818,소설
9791199968905,S000220852214,톨스토이 문장들 필사집,"19,800","17,820",10%,5%,990,레프 니콜라예비치 톨스토이,출판사 핌,20260818,소설
9791157958030,S000220647880,무진기행 필사북,"22,000","19,800",10%,5%,"1,100",김승옥,스타북스,20260805,소설
9791124684023,S000220695244,야수의 산,"19,000","17,100",10%,5%,950,홍진희,클레이하우스,20260729,소설
9791193190715,S000220573899,귀야옹 씨의 조그만 상실에 관하여,"8,800","7,920",10%,5%,440,정보라,텍스티(TXTY),20260720,소설
9791193591536,S000220523951,큰 새에게 사로잡히지 않도록,"18,800","16,920",10%,5%,940,가와카미 히로미,디플롯,20260710,소설
9791175772939,S000219868420,히티드 라이벌리,"21,000","18,900",10%,5%,"1,050",레이철 리드,모모,20260709,소설
9788932045573,S000220453074,텅 빈 마음 가진 채로,"17,000","15,300",10%,5%,850,김화진,문학과지성사,20260703,소설
9791193078969,S000220455477,라스트 젤리 샷,"17,000","15,300",10%,5%,850,청예,허블,20260703,소설
9791167903662,S000220341532,매스커레이드 라이프,"20,000","18,000",10%,5%,"1,000",히가시노 게이고,현대문학,20260701,소설
9788998891077,S000220339398,백서,"16,700","15,030",10%,5%,830,이상훈,책마실,20260701,소설
9791171311811,S000220766387,전락,"15,000","13,500",10%,5%,750,알베르 카뮈,책세상,20260630,소설
9791194891154,S000220428616,오프사이드,"12,000","10,800",10%,5%,600,김미조,안전가옥,20260630,소설
9791124591055,S000220307739,애니가 남긴 것,"18,800","16,920",10%,5%,940,애너 퀸들런,리프,20260624,소설
9791175773394,S000220296675,신 퇴마록 신세편 3,"22,000","19,800",10%,5%,"1,100",이우혁,반타,20260623,소설
9791175773424,S000220279567,내가 죽였다,"18,500","16,650",10%,5%,920,정해연,반타,20260618,소설
9791175773431,S000220279573,내가 죽이지 않았다,"18,500","16,650",10%,5%,920,정해연,반타,20260618,소설
9791139732252,S000220166193,지하로부터의 수기,"8,800","7,920",10%,5%,440,표도르 도스토옙스키,현대지성,20260615,소설
9791130676029,S000219752390,김약국의 딸들(한국문학의 거장 박경리 탄생 100주년 기념 특별판),"22,000","19,800",10%,5%,"1,100",박경리,다산책방,20260519,소설
9791193873236,S000219519826,단지의 두 사람,"15,000","13,500",10%,5%,750,후지노 지야,빈페이지,20260410,소설
9791124038338,S000219513807,바다에서 온 소년,"19,800","17,820",10%,5%,990,개럿 카,북파머스,20260401,소설
9791141603250,S000219615731,제17회 젊은작가상 수상작품집(2026),"7,700","6,930",10%,5%,380,김채원 외,문학동네,20260331,소설
9791141602468,S000219513229,사랑의 힘,"19,800","17,820",10%,5%,990,박서련,문학동네,20260320,소설
9791141615819,S000219468375,약속의 세대,"18,000","16,200",10%,5%,900,백온유,문학동네,20260320,소설
9791167376237,S000219438081,카프네,"18,000","16,200",10%,5%,900,아베 아키코,은행나무,20260318,소설
9791194891116,S000219468864,혐오도 복제가 되나요,"12,000","10,800",10%,5%,600,윤혜성,안전가옥,20260318,소설
9788937464812,S000219457927,명심보감,"14,000","12,600",10%,5%,700,범입본,민음사,20260313,소설
9791130674643,S000219084393,눈과 돌멩이(제49회 이상문학상 작품집 2026년),"18,000","16,200",10%,5%,900,위수정 외,다산책방,20260123,소설
9791188547531,S000218796359,"울어봐, 빌어도 좋고 5","19,800","17,820",10%,5%,990,솔체,폴라북스,20251225,소설
9791188547517,S000218796319,"울어봐, 빌어도 좋고 3","19,800","17,820",10%,5%,990,솔체,폴라북스,20251225,소설
9788937464768,S000218880868,레볼루셔너리 로드,"17,000","15,300",10%,5%,850,리처드 예이츠,민음사,20251222,소설
9791112063656,S000218081035,파도가 사랑을 말하는 순간에(리커버 에디션),"13,000","11,700",10%,5%,650,김바다,부크크(Bookk),20250923,소설
9791173323188,S000217429170,멜론은 어쩌다,"17,800","16,020",10%,5%,890,아밀,비채,20250911,소설
9791141602567,S000217184482,치즈 이야기,"17,000","15,300",10%,5%,850,조예은,문학동네,20250730,소설
9788937428852,S000216812612,싯다르타,"15,000","13,500",10%,5%,750,헤르만 헤세,민음사,20250610,소설
9791194591610,S000216063359,오만과 편견(초판본)(1894년 오리지널 초판본 표지디자인),"5,500","4,950",10%,5%,270,제인 오스틴,더스토리,20250415,소설
9791193024959,S000216261660,"괴물, 용혜","12,000","10,800",10%,5%,600,김진영,안전가옥,20250404,소설
9791194654476,S000216026136,퇴마록 국내편 2,"22,000","19,800",10%,5%,"1,100",이우혁,반타,20250402,소설
9791141601713,S000216110908,흰,"14,500","13,050",10%,5%,720,한강,문학동네,20250331,소설
9791194591351,S000215970351,예언자(초판본)(1923년 오리지널 초판본 표지디자인),"2,980","2,690",10%,5%,140,칼릴 지브란,더스토리,20250328,소설
9788931024487,S000215703322,호밀밭의 파수꾼,"11,000","9,900",10%,5%,550,제롬 데이비드 샐린저,문예출판사,20250220,소설
9791194280781,S000215820983,이방인(초판본)(1944년 오리지널 초판본 표지디자인),"2,980","2,690",10%,5%,140,알베르 카뮈,더스토리,20250218,소설
9788936431525,S000215144671,허밍,"16,000","14,400",10%,5%,800,최정원,창비,20250110,소설
9791193790588,S000214780482,해리 포터와 혼혈 왕자 3,"13,000","11,700",10%,5%,650,J.K. 롤링,문학수첩,20241128,소설
9791193790571,S000214780455,해리 포터와 혼혈 왕자 2,"13,000","11,700",10%,5%,650,J.K. 롤링,문학수첩,20241128,소설
9791193790519,S000214780157,해리 포터와 불사조 기사단 1,"13,000","11,700",10%,5%,650,J.K. 롤링,문학수첩,20241128,소설
9791193790595,S000214780541,해리 포터와 혼혈 왕자 4,"13,000","11,700",10%,5%,650,J.K. 롤링,문학수첩,20241128,소설
9791193790410,S000214664902,해리 포터와 마법사의 돌 2,"12,500","11,250",10%,5%,620,J.K. 롤링,문학수첩,20241120,소설
9791193790427,S000214664904,해리 포터와 비밀의 방 1,"12,500","11,250",10%,5%,620,J.K. 롤링,문학수첩,20241120,소설
9788931024029,S000214725410,멋진 신세계,"12,000","10,800",10%,5%,600,올더스 헉슬리,문예출판사,20241115,소설
9791130653495,S000213682469,그린 레터,"18,000","16,200",10%,5%,900,황모과,다산책방,20240717,소설
9791138483650,S000213747922,녹나무의 파수꾼(무선제본특별판),"17,800","16,020",10%,5%,890,히가시노 게이고,소미미디어,20240710,소설
9791193358825,S000213226555,노트북,"15,000","13,500",10%,5%,750,니콜라스 스파크스,모모,20240508,소설
9788932924014,S000212737742,도리언 그레이의 초상,"8,800","7,920",10%,5%,440,오스카 와일드,열린책들,20240320,소설
9791191714425,S000212679854,가시고기,"17,000","15,300",10%,5%,850,조창인,산지,20240220,소설
9788937464362,S000211908394,미들마치 1,"19,000","17,100",10%,5%,950,조지 엘리엇,민음사,20240115,소설
9788937454820,S000211789034,귀신들의 땅,"18,000","16,200",10%,5%,900,천쓰홍,민음사,20231229,소설
9788937427145,S000211539705,순수 박물관,"22,000","19,800",10%,5%,"1,100",오르한 파묵,민음사,20231127,소설
9788937473852,S000210696180,치치새가 사는 숲,"14,000","12,600",10%,5%,700,장진영,민음사,20231020,소설
9788937464225,S000208586446,코뿔소,"12,000","10,800",10%,5%,600,외젠 이오네스코,민음사,20230815,소설
9791192579870,S000203075463,88번 버스의 기적,"17,500","15,750",10%,5%,870,프레야 샘슨,모모,20230724,소설
9791197894534,S000202971686,Alice in Wonderland(『앨리스』 출간 150주년 기념 디럭스 에디션),"66,000","59,400",10%,5%,"3,300",루이스 캐럴,꽃피는책,20230704,소설
9788937427923,S000202705926,클라우드 쿠쿠 랜드(Cloud Cuckoo Land),"22,000","19,800",10%,5%,"1,100",앤서니 도어,민음사,20230612,소설
9791130699462,S000202594963,토지 1(1부 1권),"17,000","15,300",10%,5%,850,박경리,다산책방,20230607,소설
9791168127128,S000202210245,만조를 기다리며,"13,000","11,700",10%,5%,650,조예은,위즈덤하우스,20230517,소설
9788936439002,S000201234595,두고 온 여름,"14,000","12,600",10%,5%,700,성해나,창비,20230317,소설
9791189356934,S000201226775,자살,"16,000","14,400",10%,5%,800,에두아르 르베,워크룸프레스,20230310,소설
9791168127012,S000201210270,파쇄,"13,000","11,700",10%,5%,650,구병모,위즈덤하우스,20230308,소설
9791168340541,S000061585356,파친코 2,"15,800","14,220",10%,5%,790,이민진,인플루엔셜,20220825,소설
9788937464065,S000060621774,세피아빛 초상,"14,000","12,600",10%,5%,700,이사벨 아옌데,민음사,20220531,소설
9791128865459,S000218366085,백치 일러스트판 세트,"49,600","44,640",10%,5%,"2,480",표도르 도스토옙스키,지식을만드는지식,20220428,소설
9788937461125,S000000620249,시계태엽 오렌지,"14,000","12,600",10%,5%,700,앤서니 버지스,민음사,20220425,소설
9788954442695,S000000776062,삼체 1: 삼체문제,"17,000","15,300",10%,5%,850,류츠신,자음과모음,20220215,소설
9788937463822,S000000620519,만년,"14,000","12,600",10%,5%,700,다자이 오사무,민음사,20210709,소설
9788937463853,S000000620522,악령 2,"15,000","13,500",10%,5%,750,표도르 도스토옙스키,민음사,20210630,소설
9788937463846,S000000620521,악령 1,"14,000","12,600",10%,5%,700,표도르 도스토옙스키,민음사,20210630,소설
9788937463648,S000000620501,개구리,"16,000","14,400",10%,5%,800,모옌,민음사,20210618,소설
9788937444371,S000000619992,나를 보내지 마,"19,000","17,100",10%,5%,950,가즈오 이시구로,민음사,20210420,소설
9788931021516,S000000549260,구토,"15,000","13,500",10%,5%,750,장 폴 사르트르,문예출판사,20201231,소설
9788954674492,S000000780715,복자에게,"16,000","14,400",10%,5%,800,김금희,문학동네,20200909,소설
9791164135981,S000001826066,노래하는 새와 뱀의 발라드,"17,000","15,300",10%,5%,850,수잔 콜린스,북폴리오,20200908,소설
9791164453122,S000001829921,동물 농장(초판본)(1945년 오리지널 초판본 표지 디자인),"2,990","2,700",10%,5%,140,조지 오웰,더스토리,20200820,소설
9791197021640,S000001982912,엘리베이터에 낀 그 남자는 어떻게 되었나,"12,000","10,800",10%,5%,600,김영하,복복서가,20200720,소설
9788925538297,S000000476884,스토너(초판본),"18,000","16,200",10%,5%,900,존 윌리엄스,알에이치코리아,20200624,소설
9788954672214,S000000780616,"시선으로부터,","14,000","12,600",10%,5%,700,정세랑,문학동네,20200605,소설
9788936438029,S000000610792,"달려라,아비(리마스터판)","17,000","15,300",10%,5%,850,김애란,창비,20190925,소설
9788932035710,S000000570461,아홉 켤레의 구두로 남은 사내,"17,000","15,300",10%,5%,850,윤흥길,문학과지성사,20190920,소설
9788954657129,S000000780415,아침 그리고 저녁,"12,500","11,250",10%,5%,620,욘 포세,문학동네,20190726,소설
9788972750024,S000001122984,잠자는 숲,"16,800","15,120",10%,5%,840,히가시노 게이고,현대문학,20190725,소설
9788963716664,S000000992366,낙원의 이론 1,"13,000","11,700",10%,5%,650,정선우,파란미디어,20190709,소설
9788937441943,S000000619906,단순한 진심,"13,000","11,700",10%,5%,650,조해진,민음사,20190705,소설
9788954651820,S000000780120,내게 무해한 사람,"16,000","14,400",10%,5%,800,최은영,문학동네,20190620,소설
9791185359304,S000001866318,곰스크로 가는 기차,"13,000","11,700",10%,5%,650,프리츠 오르트만,북인더갭,20181120,소설
9788932919096,S000000581977,얼굴 빨개지는 아이,"14,800","13,320",10%,5%,740,장자크 상페,열린책들,20180720,소설
9788937437892,S000000619738,전쟁과 평화 세트,"51,000","45,900",10%,5%,"2,550",레프 톨스토이,민음사,20180615,소설
9788932030982,S000000570344,그리스인 조르바,"15,000","13,500",10%,5%,750,니코스 카잔자키스,문학과지성사,20180525,소설
9788970134796,S000001069376,은하수를 여행하는 히치하이커를 위한 안내서 1,"14,000","12,600",10%,5%,700,더글러스 애덤스,책세상,20180505,소설
9788954651035,S000000780085,카라마조프가의 형제들 세트,"39,000","35,100",10%,5%,"1,950",표도르 도스토옙스키,문학동네,20180430,소설
9788954646130,S000000779890,기사단장 죽이기 2: 전이하는 메타포,"16,300","14,670",10%,5%,810,무라카미 하루키,문학동네,20170712,소설
9791159035555,S000001774429,수레바퀴 아래서(초판본)(1906년 오리지널 초판본 표지디자인),"2,990","2,700",10%,5%,140,헤르만 헤세,더스토리,20170320,소설
9788954643252,S000000779739,제5도살장,"12,500","11,250",10%,5%,620,커트 보니것,문학동네,20161209,소설
9788958284475,S000000869660,다윈 영의 악의 기원,"25,000","22,500",10%,5%,"1,250",박지리,사계절,20160920,소설
9788932317960,S000000574854,마음,"13,000","11,700",10%,5%,650,나쓰메소세키,현암사,20160625,소설
9788952776389,S000000733955,리틀 라이프 2,"16,800","15,120",10%,5%,840,한야 야나기하라,시공사,20160616,소설
9788954639408,S000000779513,작은 것들의 신,"15,500","13,950",10%,5%,770,아룬다티 로이,문학동네,20160115,소설
9788954619585,S000000778486,단순한 열정,"10,000","9,000",10%,5%,500,아니 에르노,문학동네,20150330,소설
9788960177765,S000000920027,오리엔트 특급 살인,"12,000","10,800",10%,5%,600,애거서 크리스티,황금가지,20141125,소설
9788932916811,S000000581784,돈키호테 2,"19,800","17,820",10%,5%,990,미겔 데 세르반테스 사아베드라,열린책들,20141115,소설
9788954624398,S000000778946,빌러비드,"17,000","15,300",10%,5%,850,토니 모리슨,문학동네,20140315,소설
9788954620147,S000000778539,데미안,"8,000","7,200",10%,5%,400,헤르만 헤세,문학동네,20130101,소설
9788937486111,S000000621143,셰익스피어 4대 비극 세트,"22,800","20,520",10%,5%,"1,140",윌리엄 셰익스피어,민음사,20121101,소설
9788937485619,S000000621116,잃어버린 시간을 찾아서 1: 스완네 집 쪽으로 1,"15,000","13,500",10%,5%,750,마르셀 프루스트,민음사,20120905,소설
9788937462818,S000000620418,알레프,"11,000","9,900",10%,5%,550,호르헤 루이스 보르헤스,민음사,20120227,소설
9788937462757,S000000620412,픽션들,"11,000","9,900",10%,5%,550,호르헤 루이스 보르헤스,민음사,20111021,소설
9788937462733,S000000620410,유리알 유희 1,"13,000","11,700",10%,5%,650,헤르만 헤세,민음사,20110925,소설
9788937462740,S000000620411,유리알 유희 2,"12,000","10,800",10%,5%,600,헤르만 헤세,민음사,20110925,소설
9788954614122,S000000777981,아Q정전,"13,000","11,700",10%,5%,650,루쉰,문학동네,20110225,소설
9788954611152,S000000777753,올리브 키터리지,"16,800","15,120",10%,5%,840,엘리자베스 스트라우트,문학동네,20100506,소설
9788970128436,S000001068787,4월의 어느 맑은 아침에 100퍼센트의 여자를 만나는 것에 대하여,"13,000","11,700",10%,5%,650,무라카미 하루키,문학사상,20091130,소설
9788954608657,S000000777514,1Q84 2,"14,800","13,320",10%,5%,740,무라카미 하루키,문학동네,20090908,소설
9788937462177,S000000620354,오이디푸스 왕,"11,000","9,900",10%,5%,550,소포클레스,민음사,20090821,소설
9788937480973,S000000620795,엄청나게 시끄럽고 믿을 수 없게 가까운,"17,000","15,300",10%,5%,850,조너선 사프란 포어,민음사,20090702,소설
9788937460722,S000000620209,구운몽,"8,000","7,200",10%,5%,400,김만중,민음사,20090120,소설
9788954605908,S000000777264,로드(THE ROAD),"15,000","13,500",10%,5%,750,코맥 매카시,문학동네,20080610,소설
9788937461804,S000000620317,카타리나 블룸의 잃어버린 명예,"9,000","8,100",10%,5%,450,하인리히 뵐,민음사,20080530,소설
9788937461750,S000000620312,분노의 포도 2,"13,000","11,700",10%,5%,650,존 스타인벡,민음사,20080324,소설
9788937461743,S000000620311,분노의 포도 1,"13,000","11,700",10%,5%,650,존 스타인벡,민음사,20080324,소설
9788937461590,S000000620296,주홍글자,"12,000","10,800",10%,5%,600,너새니얼 호손,민음사,20071025,소설
9788937461576,S000000620294,지상의 양식,"12,000","10,800",10%,5%,600,앙드레 지드,민음사,20071010,소설
9788937420115,S000000618833,나목 도둑맞은 가난,"14,000","12,600",10%,5%,700,박완서,민음사,20051001,소설
9788937420047,S000000618826,젊은 느티나무,"13,000","11,700",10%,5%,650,강신재,민음사,20051001,소설
9788982817236,S000001280165,사랑을 말할 때 우리가 이야기하는 것,"14,000","12,600",10%,5%,700,레이먼드 카버,문학동네,20050224,소설
9788970134802,S000001069377,은하수를 여행하는 히치하이커를 위한 안내서 2,"14,000","12,600",10%,5%,700,더글러스 애덤스,책세상,20041220,소설
9788937460845,S000000620221,질투,"10,000","9,000",10%,5%,500,알랭 로브 그리예,민음사,20030830,소설
9788937460227,S000000620159,파우스트 2,"13,000","11,700",10%,5%,650,요한 볼프강 폰 괴테,민음사,19990320,소설
9788937460135,S000000620150,"이반 데니소비치, 수용소의 하루","8,000","7,200",10%,5%,400,알렉산드르 솔제니친,민음사,19980930,소설
9788932008806,S000000568471,아홉켤레의 구두로 남은 사내,"13,000","11,700",10%,5%,650,윤흥길,문학과지성사,19970305,소설
9788925568195,S000221328279,캠퍼스 드라이버 1: 슈퍼매드,"22,000","19,800",10%,5%,"1,100",C. S. 퀼,알에이치코리아,20260923,소설
9791176215305,S000221359626,후회해도 괜찮아요!,"16,800","15,120",10%,5%,840,고형석,바른북스,20260922,소설
9791141603601,S000221354678,맥베스,"10,000","9,000",10%,5%,500,윌리엄 셰익스피어,문학동네,20260921,소설
9791127888817,S000221178588,일주일에 한 번 클래스메이트를 사는 이야기 6,"8,500","7,650",10%,5%,420,하네다 우사,디앤씨미디어,20260921,소설
9788936481674,S000221282072,찌니주의보(큰글자책),"30,000","30,000",0%,5%,"1,500",정지아,창비,20260920,소설
9791167612434,S000221359467,카드넘버 586,"23,000","20,700",10%,5%,"1,150",마크 벤덜 외,품스토리,20260918,소설
9791167376480,S000221283687,강바닥에서,"16,800","15,120",10%,5%,840,저메이카 킨케이드,은행나무,20260918,소설
9788936481681,S000221351549,죽여주는 연애 상담소,"16,000","14,400",10%,5%,800,김호애,토닥스토리,20260918,소설
9791138492034,S000221283676,전생했더니 검이었습니다 20,"11,000","9,900",10%,5%,550,다나카 유,소미미디어,20260917,소설
9791172071226,S000221175043,당신의 시월,"16,000","14,400",10%,5%,800,이경아,달아실,20260915,소설
9788996550174,S000221284796,뉴커머,"20,000","18,000",10%,5%,"1,000",천수현,쇼비,20260911,소설
9791167376862,S000221228254,잃기일지,"17,000","15,300",10%,5%,850,이선진,은행나무,20260911,소설
9791171259892,S000221379935,어떻게든 해야 해,"22,000","19,800",10%,5%,"1,100",온다 리쿠,시공사,20260910,소설
9791144101289,S000221263843,에도가와 란포의 트릭 해부학,"19,800","17,820",10%,5%,990,에도가와 란포,에이케이커뮤니케이션즈,20260910,소설
9791193149829,S000221143323,영겁관 초연속 살인 사건,"18,800","16,920",10%,5%,940,미나미 아소부,블루홀식스(블루홀6),20260909,소설
9791189770778,S000221061298,해신당의 살인,"18,000","16,200",10%,5%,900,김영민,아프로스미디어,20260909,소설
9791124669129,S000221163005,묘생묘세,"17,000","15,300",10%,5%,850,천쉐,돌베개,20260906,소설
9791141603564,S000221062988,대부호,"17,500","15,750",10%,5%,870,성혜령,문학동네,20260902,소설
9791194591450,S000220666789,유리알 유희(초판본)(1943년 오리지널 초판본 표지디자인)(초호화 금장 에디션),"35,000","31,500",10%,5%,"1,750",헤르만 헤세,더스토리,20260901,소설
9791160275148,S000220466426,네가 나를 떠나면,"19,800","17,820",10%,5%,990,크리스털 하나 김,소담,20260831,소설
9788932045719,S000221109231,이응 이응,"18,000","16,200",10%,5%,900,김멜라,문학과지성사,20260831,소설
9791172134617,S000221031317,아르고스,"16,800","15,120",10%,5%,840,이승형,한겨레출판,20260830,소설
9791138491990,S000221062109,순정 갸루는 여친은 아니지만 1,"10,000","9,000",10%,5%,500,미우라 미우,소미미디어,20260827,소설
9791193939741,S000221031552,천국에서 온 탐정 2: 천 개의 목숨,"18,800","16,920",10%,5%,940,이동원,라곰,20260826,소설
9791141618018,S000220930846,사랑은 하루도 사랑,"18,000","16,200",10%,5%,900,서고운,문학동네,20260826,소설
9791189519841,S000221075294,상자인간,"22,000","19,800",10%,5%,"1,100",Kobo Abe,고트,20260825,소설
9791170528234,S000221031934,"단편들, 한국 공포 문학의 셋째 밤","18,000","16,200",10%,5%,900,일월명 외,황금가지,20260825,소설
9791141617912,S000220807737,알리바이의 해부학,"18,000","16,200",10%,5%,900,애슐리 엘스턴,문학동네,20260824,소설
9791124028438,S000220704955,어두운 집,"15,000","13,500",10%,5%,750,전건우,앤드(&),20260812,소설
9791155819562,S000220704387,여름 편집 후기,"20,000","18,000",10%,5%,"1,000",에밀리 헨리,윌북,20260810,소설
9791130682280,S000220735306,저주받은 고양이 펠리스,"19,800","17,820",10%,5%,990,김명철,다산책방,20260808,소설
9791199721838,S000220663424,알파벳 퍼즐러즈,"18,000","16,200",10%,5%,900,오야마 세이이치로,톰캣,20260805,소설
9791167376701,S000220734627,자화상,"15,000","13,500",10%,5%,750,에두아르 르베,은행나무,20260805,소설
9791175241909,S000220705474,어린 왕자: 1943년 오리지널 초판본 표지디자인(초판본),"13,800","12,420",10%,5%,690,앙투안 드 생텍쥐페리,더스토리,20260801,소설
9791173327377,S000220645496,인생의 단맛을 보여주마,"18,000","16,200",10%,5%,900,김영민,김영사,20260731,소설
9788931027150,S000220636332,타인의 얼굴,"16,800","15,120",10%,5%,840,Kobo Abe,문예출판사,20260730,소설
9791138491457,S000220704536,정령환상기 28,"9,000","8,100",10%,5%,450,키타야마 유리,소미미디어,20260730,소설
9791167376749,S000220631943,인 더 메가처치,"19,800","17,820",10%,5%,990,아사이 료,은행나무,20260724,소설
9791173327254,S000220490622,천 개의 웃음과 눈물의 낙원,"13,000","11,700",10%,5%,650,전경린,김영사,20260713,소설
9791141617493,S000220501663,더 트리스,"18,500","16,650",10%,5%,920,퍼시벌 에버렛,문학동네,20260710,소설
9791199175280,S000220466774,가장 뜨거운 여름에 우리는 죽기로 했다,"17,300","15,570",10%,5%,860,다카야마 간,허밍북스,20260701,소설
9791124038581,S000220341442,여름(썸머 에디션),"19,000","17,100",10%,5%,950,이디스 워튼,머묾,20260701,소설
9791171311859,S000220766417,반항하는 인간,"23,000","20,700",10%,5%,"1,150",알베르 카뮈,책세상,20260630,소설
9791175910928,S000220363304,첫사랑,"14,500","13,050",10%,5%,720,이반 투르게네프,위즈덤하우스,20260630,소설
9791199013599,S000220349751,정원 이야기,"17,000","15,300",10%,5%,850,알베르 카뮈 외,유선사,20260625,소설
9791176610346,S000220338878,빵집에서는 수수께끼의 향기가 난다,"16,900","15,210",10%,5%,840,쓰치야 우사기,아르테(arte),20260624,소설
9788936439972,S000220436782,아무도 미치지 않았다,"16,000","14,400",10%,5%,800,편혜영 외,창비,20260624,소설
9791190749978,S000220273376,고백은 이미 본 장면,"18,500","16,650",10%,5%,920,김동식,요다,20260622,소설
9791167376688,S000220307242,"얼지 마, 죽지 마, 사랑하게 될 거야","18,000","16,200",10%,5%,900,권혜영,은행나무,20260622,소설
9788936439965,S000220225908,아코디언,"18,000","16,200",10%,5%,900,천명관,창비,20260622,소설
9791141603359,S000220296660,지상의 밤,"17,500","15,750",10%,5%,870,임선우,문학동네,20260622,소설
9791175772885,S000220297193,긴키 지방의 어느 장소에 대하여: 두 번째 기록,"15,800","14,220",10%,5%,790,세스지,반타,20260622,소설
9791138444620,S000220221535,전생했더니 슬라임이었던 건에 대하여 23(완결),"14,000","12,600",10%,5%,700,후세,소미미디어,20260611,소설
9791124038499,S000220097124,리치먼드힐의 이층 버스,"19,000","17,100",10%,5%,950,이경진,북플레저,20260610,소설
9791141186173,S000220167895,무직전생 16,"10,000","9,000",10%,5%,500,리후진 나 마고노테,학산문화사,20260608,소설
9791141186166,S000220167894,무직전생 15,"10,000","9,000",10%,5%,500,리후진 나 마고노테,학산문화사,20260608,소설
9788937464997,S000220211124,암호 해독자,"16,000","14,400",10%,5%,800,마이자,민음사,20260605,소설
9791141603380,S000220151615,상상 속의 삶,"19,800","17,820",10%,5%,990,앤드루 포터,문학동네,20260604,소설
9791141617028,S000220102245,랠리,"18,000","16,200",10%,5%,900,박민경,문학동네,20260529,소설
9788937464966,S000220110722,바라모,"12,000","10,800",10%,5%,600,세사르 아이라,민음사,20260529,소설
9788930108256,S000220106656,엄마혀,"15,000","13,500",10%,5%,750,에미네 세브기 외즈다마르,열화당,20260525,소설
9791167376565,S000219882876,겨울통,"17,000","15,300",10%,5%,850,정용준,은행나무,20260515,소설
9791139731644,S000219925141,양반전·허생전·호질 외,"11,000","9,900",10%,5%,550,박지원,현대지성,20260515,소설
9791130676760,S000219940472,인 메모리엄,"21,000","18,900",10%,5%,"1,050",앨리스 윈,다산책방,20260512,소설
9791193873274,S000219791140,유심인,"16,800","15,120",10%,5%,840,정윈만,빈페이지,20260501,소설
9791192738772,S000219751867,"사랑을 담아, 엄마가","19,000","17,100",10%,5%,950,일리아나 잰더,리드비,20260427,소설
9788937464836,S000219868660,드라큘라 2,"16,000","14,400",10%,5%,800,브램 스토커,민음사,20260427,소설
9791168343764,S000219785903,흉담,"17,000","15,300",10%,5%,850,전건우,래빗홀,20260422,소설
9791124370391,S000219681233,안부를 전하며: 헤르만 헤세 x 빈센트 반 고흐,"22,000","19,800",10%,5%,"1,100",헤르만 헤세 외,모티브,20260416,소설
9791194530985,S000219751983,강물이 멈춘 날,"22,000","19,800",10%,5%,"1,100",월리 램,리프,20260415,소설
9791193873267,S000219542616,3배속 도플갱어,"15,000","13,500",10%,5%,750,구메 에미리,빈페이지,20260415,소설
9791193873250,S000219519809,"또, 단지의 두 사람","15,000","13,500",10%,5%,750,후지노 지야,빈페이지,20260410,소설
9791130687001,S000219647410,눈알이 제일 맛있단다,"19,500","17,550",10%,5%,970,모니카 김,다산책방,20260408,소설
9788937404610,S000219468936,농담(리커버판),"17,000","15,300",10%,5%,850,밀란 쿤데라,민음사,20260310,소설
9791173325441,S000219346553,시간관리국,"19,800","17,820",10%,5%,990,캘리앤 브래들리,비채,20260306,소설
9791141603021,S000219301439,구름 사람들,"18,000","16,200",10%,5%,900,이유리,문학동네,20260220,소설
9791193324806,S000219133557,방해 금지,"19,000","17,100",10%,5%,950,프리다 맥파든,북플라자,20260218,소설
9788937477393,S000219145551,다나,"15,000","13,500",10%,5%,750,박서영,민음사,20260130,소설
9788937448843,S000219001215,이지페이지: 싯다르타(큰글자책),"15,000","13,500",10%,1%,150,헤르만 헤세,민음사,20260115,소설
9791127885892,S000218934349,가끔씩 툭하고 러시아어로 부끄러워하는 옆자리의 아랴 양 10,"8,500","7,650",10%,5%,420,SUN SUN SUN,디앤씨미디어,20260110,소설
9791188547524,S000218796356,"울어봐, 빌어도 좋고 4","19,800","17,820",10%,5%,990,솔체,폴라북스,20251225,소설
9791188547500,S000218796309,"울어봐, 빌어도 좋고 2","19,800","17,820",10%,5%,990,솔체,폴라북스,20251225,소설
9791188547494,S000218796304,"울어봐, 빌어도 좋고 1","19,800","17,820",10%,5%,990,솔체,폴라북스,20251225,소설
9791175020146,S000218736961,나이팅게일,"22,000","19,800",10%,5%,"1,100",크리스틴 해나,알파미디어,20251215,소설
9788984375154,S000218736274,차일드 호더,"19,000","17,100",10%,5%,950,프리다 맥파든,밝은세상,20251209,소설
9791164458318,S000218709481,초판본 데미안 미니(1919년 오리지널 초판본 표지디자인),"5,500","4,950",10%,5%,270,헤르만 헤세,더스토리,20251130,소설
9791164458349,S000218709514,초판본 싯다르타 미니북(1922년 오리지널 초판본 표지디자인)(더스토리 초판본 미니북 시리즈),"5,500","4,950",10%,5%,270,헤르만 헤세,더스토리,20251130,소설
9791175770348,S000218666724,세상의 마지막 우체국,"17,500","15,750",10%,5%,870,무라세 다케시,모모,20251126,소설
9791199242531,S000218576471,1938 타이완 여행기,"18,800","16,920",10%,5%,940,양솽쯔,마티스블루,20251125,소설
9788932925479,S000218638829,오래된 뜬구름,"15,800","14,220",10%,5%,790,찬쉐,열린책들,20251125,소설
9791170613237,S000218301655,인간 표본,"18,800","16,920",10%,5%,940,미나토 가나에,북다,20251030,소설
9791141602789,S000218308673,멋진 실리콘 세계,"18,500","16,650",10%,5%,920,단요 외,문학동네,20251030,소설
9791175240438,S000217938607,빨강 머리 앤(초판본)(1908년 오리지널 초판본 표지 디자인),"5,500","4,950",10%,5%,270,루시 모드 몽고메리,더스토리,20250930,소설
9791194928997,S000218189659,초판본 싯다르타 미니미니북(1922년 오리지널 초판본 표지디자인),"3,900","3,510",10%,5%,190,헤르만 헤세,더클래식,20250930,소설
9791175240544,S000217938614,셜록홈즈 2: 네 개의 서명(초판본)(1892년 오리지널 초판본 표지디자인),"2,980","2,690",10%,5%,140,아서 코난 도일,더스토리,20250930,소설
9791193324554,S000217548561,하우스메이드 3,"19,000","17,100",10%,5%,950,프리다 맥파든,북플라자,20250919,소설
9791141602574,S000217548744,노인을 위한 나라는 없다,"17,000","15,300",10%,5%,850,코맥 매카시,문학동네,20250912,소설
9791168340947,S000201465515,저주토끼,"16,800","15,120",10%,5%,840,정보라,래빗홀,20250910,소설
9791173573910,S000217127068,돌비공포라디오 더 레드,"19,800","17,820",10%,5%,990,돌비,아르테(arte),20250723,소설
9791173322341,S000216803795,실연당한 사람들을 위한 일곱 시 조찬모임,"17,000","15,300",10%,5%,850,백영옥,김영사,20250620,소설
9788932044149,S000216933235,녹천에는 똥이 많다,"17,000","15,300",10%,5%,850,이창동,문학과지성사,20250618,소설
9791193937310,S000214614641,메리골드 마음 세탁소(아틀리에 컬렉션),"18,000","16,200",10%,5%,900,윤정은,북로망스,20250618,소설
9791198547507,S000216865904,바람은 도착하지 않는다,"19,000","17,100",10%,5%,950,유래혁,포스터샵,20250617,소설
9791173260797,S000216842855,화산귀환 8,"13,000","11,700",10%,5%,650,비가,러프미디어,20250617,소설
9791170525912,S000216810795,13계단(리커버판),"18,000","16,200",10%,5%,900,다카노 가즈아키,황금가지,20250613,소설
9791139723731,S000216681232,시지프 신화,"11,500","10,350",10%,5%,570,알베르 카뮈,현대지성,20250609,소설
9791193001691,S000216648315,느티나무 재판관,"14,800","13,320",10%,5%,740,고은주,문학세계사,20250603,소설
9791167903068,S000216669303,매듭의 끝,"16,800","15,120",10%,5%,840,정해연,현대문학,20250528,소설
9791190999212,S000216549239,페른베,"19,000","17,100",10%,5%,950,신유진,시간의흐름,20250523,소설
9791167375599,S000216646636,순교자!,"19,000","17,100",10%,5%,950,카베 악바르,은행나무,20250523,소설
9791141610265,S000216559920,파이널 걸 서포트 그룹,"18,000","16,200",10%,5%,900,그래디 헨드릭스,문학동네,20250521,소설
9791127881832,S000216465751,가끔씩 툭하고 러시아어로 부끄러워하는 옆자리의 아랴 양 9,"8,500","7,650",10%,5%,420,SUN SUN SUN,디앤씨미디어,20250520,소설
9791194654643,S000216468454,사망 유희로 밥을 먹는다 3,"8,500","7,650",10%,5%,420,우카이 유시,오팬스노벨,20250512,소설
9788954654418,S000000780263,싯다르타,"9,000","8,100",10%,5%,450,헤르만 헤세,문학동네,20250510,소설
9791197221989,S000216344843,"첫 여름, 완주","17,000","15,300",10%,5%,850,김금희,무제(MUZE),20250508,소설
9791194591597,S000216090396,프랑켄슈타인(초판본)(1818년 오리지널 초판본 표지디자인),"3,980","3,590",10%,5%,190,메리 셸리,더스토리,20250415,소설
9791194591603,S000216063347,위대한 개츠비(초판본)(1925년 오리지널 표지디자인),"3,980","3,590",10%,5%,190,프랜시스 스콧 피츠제럴드,더스토리,20250415,소설
9791194591573,S000216063334,1984(초판본)(1949년 오리지널 초판본 표지디자인),"3,980","3,590",10%,5%,190,조지 오웰,더스토리,20250415,소설
9791194591832,S000216190595,키다리 아저씨(초판본)(1912년 오리지널 초판본 표지디자인),"2,980","2,690",10%,5%,140,진 웹스터(Jean Webster),더스토리,20250415,소설
9788984374973,S000216175154,네버 라이,"18,500","16,650",10%,5%,920,프리다 맥파든(Freida McFadden),밝은세상,20250401,소설
9791194591849,S000216177261,햄릿(초판본)(1603년 오리지널 초판본 표지디자인),"2,980","2,690",10%,5%,140,윌리엄 셰익스피어,더스토리,20250325,소설
9788932924984,S000216063712,그녀를 지키다,"22,000","19,800",10%,5%,"1,100",장바티스트 앙드레아,열린책들,20250320,소설
9791130664996,S000216043605,단역배우 김순효 씨,"17,000","15,300",10%,5%,850,이수정,다산책방,20250314,소설
9788954609166,S000000777564,1984,"11,000","9,900",10%,5%,550,조지 오웰,문학동네,20250310,소설
9791194654100,S000216001026,사망 유희로 밥을 먹는다 2,"8,500","7,650",10%,5%,420,우카이 유시,오팬스노벨,20250306,소설
9791192738482,S000215822226,이상한 집 2: 11개의 평면도,"18,000","16,200",10%,5%,900,우케쓰,리드비,20250226,소설
9791193024928,S000215765634,사랑은 하트 모양이 아니야,"12,000","10,800",10%,5%,600,김효인,안전가옥,20250214,소설
9788937464584,S000215667022,버진 수어사이드,"15,000","13,500",10%,5%,750,제프리 유제니디스,민음사,20250207,소설
9788931024319,S000215133321,몽테뉴 수상록,"8,000","7,200",10%,5%,400,미셸 드 몽테뉴,문예출판사,20250115,소설
9791193937372,S000214833707,새들이 남쪽으로 가는 날,"19,500","17,550",10%,5%,970,리사 리드센,북파머스,20241218,소설
9791161572055,S000214971511,불편한 편의점(양장 렌티큘러 한정판),"16,800","15,120",10%,5%,840,김호연,나무옆의자,20241216,소설
9791161572062,S000214971188,불편한 편의점 2(양장 렌티큘러 한정판),"16,800","15,120",10%,5%,840,김호연,나무옆의자,20241216,소설
9791193078396,S000214889835,에너미 마인,"15,000","13,500",10%,5%,750,배리 B. 롱이어(Barry B. Longyear),허블,20241204,소설
9791193790625,S000214781080,해리 포터와 죽음의 성물 3,"13,000","11,700",10%,5%,650,J.K. 롤링,문학수첩,20241128,소설
9791193790632,S000214781089,해리 포터와 죽음의 성물 4,"13,000","11,700",10%,5%,650,J.K. 롤링,문학수첩,20241128,소설
9791193790618,S000214781077,해리 포터와 죽음의 성물 2,"13,000","11,700",10%,5%,650,J.K. 롤링,문학수첩,20241128,소설
9791193790601,S000214780988,해리 포터와 죽음의 성물 1,"13,000","11,700",10%,5%,650,J.K. 롤링,문학수첩,20241128,소설
9791193790526,S000214780183,해리 포터와 불사조 기사단 2,"13,000","11,700",10%,5%,650,J.K. 롤링,문학수첩,20241128,소설
9791193790403,S000214664899,해리 포터와 마법사의 돌 1,"12,500","11,250",10%,5%,620,J.K. 롤링,문학수첩,20241120,소설
9791193790434,S000214664907,해리 포터와 비밀의 방 2,"12,500","11,250",10%,5%,620,J.K. 롤링,문학수첩,20241120,소설
9791193790397,S000214971099,해리 포터 시리즈 1~4권 세트,"128,000","115,200",10%,5%,"6,400",J.K. 롤링,문학수첩,20241113,소설
9788937464485,S000214737495,바스커빌가의 사냥개,"14,000","12,600",10%,5%,700,아서 코넌 도일,민음사,20241108,소설
9788932924762,S000214604106,디 에센셜: 프리드리히 니체(The Essential Friedrich Nietzche),"30,000","27,000",10%,5%,"1,500",프리드리히 니체,열린책들,20241030,소설
9788937464515,S000214545967,8월은 악마의 달,"15,000","13,500",10%,5%,750,에드나 오브라이언,민음사,20241018,소설
9791193130988,S000214513938,싯다르타(완역본),"10,000","9,000",10%,5%,500,헤르만 헤세,올리버,20241014,소설
9788936439651,S000214308609,대온실 수리 보고서,"18,000","16,200",10%,5%,900,김금희,창비,20241004,소설
9788901288451,S000214416999,사물들,"17,000","15,300",10%,5%,850,조르주 페렉,웅진지식하우스,20240930,소설
9791141601218,S000214094183,생의 이면,"18,500","16,650",10%,5%,920,이승우,문학동네,20240906,소설
9791193790298,S000213914848,광마회귀 6,"17,000","15,300",10%,5%,850,유진성,문학수첩,20240809,소설
9791193790304,S000213914852,광마회귀 7,"17,000","15,300",10%,5%,850,유진성,문학수첩,20240809,소설
9791193790311,S000213914856,광마회귀 8,"17,000","15,300",10%,5%,850,유진성,문학수첩,20240809,소설
9791141606442,S000213942255,귀매,"17,000","15,300",10%,5%,850,유은지,문학동네,20240731,소설
9788970120935,S000213906411,스푸트니크의 연인,"16,800","15,120",10%,5%,840,무라카미 하루키,문학사상,20240730,소설
9791141601102,S000213908168,사랑과 결함,"16,500","14,850",10%,5%,820,예소연,문학동네,20240726,소설
9791161571829,S000213806075,망원동 브라더스,"17,500","15,750",10%,5%,870,김호연,나무옆의자,20240719,소설
9791193262214,S000213816840,네가 유성처럼 스러지는 모습을 지켜볼 운명이었다,"18,000","16,200",10%,5%,900,미나토 쇼,필름(Feelm),20240717,소설
9788970125954,S000213587717,바람의 노래를 들어라,"13,500","12,150",10%,5%,670,무라카미 하루키,문학사상,20240618,소설
9791141600877,S000213561796,최선의 삶,"15,000","13,500",10%,5%,750,임솔아,문학동네,20240614,소설
9788970125466,S000213398973,해변의 카프카 1,"16,800","15,120",10%,5%,840,무라카미 하루키,문학사상,20240610,소설
9791193813348,S000214182235,화산귀환 4,"13,000","11,700",10%,5%,650,비가,러프미디어,20240531,소설
9791193813362,S000214182340,화산귀환 6,"13,000","11,700",10%,5%,650,비가,러프미디어,20240531,소설
9791193813355,S000214182262,화산귀환 5,"13,000","11,700",10%,5%,650,비가,러프미디어,20240531,소설
9791193813331,S000214182227,화산귀환 3,"13,000","11,700",10%,5%,650,비가,러프미디어,20240531,소설
9791141600310,S000213260156,디 에센셜 김연수,"19,000","17,100",10%,5%,950,김연수,문학동네,20240515,소설
9788962261349,S000212649750,한 번은 읽어야 할 신곡,"13,000","11,700",10%,5%,650,단테 알리기에리,해누리기획,20240311,소설
9788937464379,S000211908396,미들마치 2,"19,000","17,100",10%,5%,950,조지 엘리엇,민음사,20240115,소설
9791170402480,S000211963545,모든 사람에 대한 이론,"17,000","15,300",10%,5%,850,이하진,열림원,20240112,소설
9791130649672,S000211833232,흐르는 강물처럼,"17,000","15,300",10%,5%,850,셸리 리드,다산책방,20240108,소설
9791196254865,S000211780837,원더,"17,000","15,300",10%,5%,850,R. J. 팔라시오,책과콩나무,20231222,소설
9791168127425,S000211646383,소녀는 따로 자란다,"13,000","11,700",10%,5%,650,안담,위즈덤하우스,20231213,소설
9788932923864,S000211520684,파피용,"15,800","14,220",10%,5%,790,베르나르 베르베르,열린책들,20231210,소설
9791165348281,S000211039329,죽은 남편이 돌아왔다 2,"15,800","14,220",10%,5%,790,제인도,팩토리나인,20231120,소설
9788954697484,S000211178241,마지막 춤은 나와 함께,"16,800","15,120",10%,5%,840,은희경,문학동네,20231110,소설
9788954696456,S000211207505,밤은 내가 가질게,"16,000","14,400",10%,5%,800,안보윤,문학동네,20231109,소설
9788934920793,S000210729037,의천도룡기 세트,"118,400","106,560",10%,5%,"5,920",김용,김영사,20231027,소설
9788954694940,S000208604435,내일 또 내일 또 내일,"18,500","16,650",10%,5%,920,가브리엘 제빈,문학동네,20230824,소설
9791191193237,S000001948883,아홉수 가위,"13,000","11,700",10%,5%,650,범유진,안전가옥,20230801,소설
9791170401964,S000203353236,위대한 개츠비,"14,000","12,600",10%,5%,700,F.스콧 피츠제럴드,열림원,20230725,소설
9791170610182,S000203273979,이상한 그림,"16,000","14,400",10%,5%,800,우케쓰,북다,20230724,소설
9788936439170,S000202672370,연수,"16,800","15,120",10%,5%,840,장류진,창비,20230623,소설
9791130699592,S000202594991,토지 13(4부 1권),"17,000","15,300",10%,5%,850,박경리,다산책방,20230607,소설
9788954692526,S000201850916,각각의 계절,"15,000","13,500",10%,5%,750,권여선,문학동네,20230507,소설
9791130698199,S000201621680,맡겨진 소녀,"13,000","11,700",10%,5%,650,클레어 키건,다산책방,20230421,소설
9788937427831,S000201434876,돌연한 출발,"16,000","14,400",10%,5%,800,프란츠 카프카,민음사,20230407,소설
9791192579504,S000201370169,바다가 들리는 편의점,"16,000","14,400",10%,5%,800,마치다 소노코,모모,20230324,소설
9788925577128,S000200651190,해피엔딩에서 너를 기다릴게,"16,800","15,120",10%,5%,840,산다 치에,알에이치코리아,20230113,소설
9791164798728,S000200485179,더블,"16,000","14,400",10%,5%,800,정해연,해피북스투유,20230110,소설
9788934967392,S000200646941,전지적 독자 시점 PART 2: 1,"13,500","12,150",10%,5%,670,싱숑,비채,20230103,소설
9788934967415,S000200646951,전지적 독자 시점 PART 2: 3,"13,500","12,150",10%,5%,670,싱숑,비채,20230103,소설
9788937456091,S000200492391,디 에센셜: 헤르만 헤세(무선 보급판),"17,000","15,300",10%,5%,850,헤르만 헤세,민음사,20221223,소설
9791192684239,S000200399377,카지노,"16,500","14,850",10%,5%,820,김진명,새움,20221213,소설
9788937473395,S000200271194,엉엉,"14,000","12,600",10%,5%,700,김홍,민음사,20221111,소설
9791196074456,S000200136665,믿음의 개는 시간을 저버리지 않으며,"12,000","10,800",10%,5%,600,박솔뫼,스위밍꿀,20221030,소설
9788973374939,S000001136422,눈먼 자들의 도시(탄생 100주년 기념 스페셜 에디션),"18,800","16,920",10%,5%,940,주제 사라마구,해냄출판사,20221020,소설
9791191061987,S000062180466,인어 사냥,"15,000","13,500",10%,5%,750,차인표,해결책,20221014,소설
9788937427343,S000062180011,언러키 스타트업,"15,000","13,500",10%,5%,750,정지음,민음사,20221007,소설
9788972979517,S000001129693,나의 라임오렌지나무(40주년 기념 스페셜 에디션),"16,000","14,400",10%,5%,800,J. M. 바스콘셀로스,동녘,20220920,소설
9788954699259,S000061776164,바게트 소년병,"14,500","13,050",10%,5%,720,오한기,문학동네,20220919,소설
9788934975137,S000061776078,지구별 인간,"14,800","13,320",10%,5%,740,무라타 사야카,비채,20220915,소설
9791165345839,S000061550141,악마의 계약서는 만기 되지 않는다,"14,500","13,050",10%,5%,720,리러하,팩토리나인,20220812,소설
9788937464126,S000061583887,어둠 속의 사건,"14,000","12,600",10%,5%,700,오노레 드 발자크,민음사,20220729,소설
9791191247206,S000061451354,"비올레트, 묘지지기","18,500","16,650",10%,5%,920,발레리 페랭,엘리,20220718,소설
9791160272949,S000061352227,오페라의 유령,"15,800","14,220",10%,5%,790,가스통 르루,소담출판사,20220610,소설
9788937464072,S000060621775,사기 열전 1,"15,000","13,500",10%,5%,750,사마천,민음사,20220610,소설
9788937464102,S000061350721,사기 열전 4,"15,000","13,500",10%,5%,750,사마천,민음사,20220610,소설
9791191043723,S000061353832,"어느 날, 내 죽음에 네가 들어왔다","17,000","15,300",10%,5%,850,세이카 료겐,모모,20220509,소설
9791191114225,S000001947900,작별인사,"14,000","12,600",10%,5%,700,김영하,복복서가,20220502,소설
9788937442698,S000000619941,유령의 마음으로,"13,000","11,700",10%,5%,650,임선우,민음사,20220325,소설
9788937463990,S000000620536,방랑자들,"18,000","16,200",10%,5%,900,올가 토카르추크,민음사,20220218,소설
9788954442718,S000000776064,삼체 3: 사신의 영생,"25,000","22,500",10%,5%,"1,250",류츠신,자음과모음,20220215,소설
9788954442701,S000000776063,삼체 2: 암흑의 숲,"25,000","22,500",10%,5%,"1,250",류츠신,자음과모음,20220215,소설
9791190473767,S000001940618,이방인,"8,000","7,200",10%,5%,400,알베르 카뮈,새움,20220210,소설
9788937472916,S000000620578,디 에센셜: 조지 오웰(무선 보급판),"18,000","16,200",10%,5%,900,조지 오웰,민음사,20220204,소설
9788937472930,S000000620580,디 에센셜: 다자이 오사무(무선 보급판),"16,000","14,400",10%,5%,800,다자이 오사무,민음사,20220121,소설
9791134899509,S000001704477,약사의 혼잣말 10,"9,000","8,100",10%,5%,450,휴우가 나츠,학산문화사,20220119,소설
9788954683432,S000000781177,백치 1,"15,000","13,500",10%,5%,750,표도르 도스토옙스키,문학동네,20211125,소설
9788932920290,S000000582064,향수,"16,800","15,120",10%,5%,840,파트리크 쥐스킨트,열린책들,20210910,소설
9791134856793,S000001702764,약사의 혼잣말 9,"9,000","8,100",10%,5%,450,휴우가 나츠,학산문화사,20210908,소설
9791165343729,S000001835707,달러구트 꿈 백화점 2,"17,800","16,020",10%,5%,890,이미예,팩토리나인,20210727,소설
9791136278630,S000001712696,방황하는 칼날,"17,000","15,300",10%,5%,850,히가시노 게이고,하빌리스,20210726,소설
9788937463860,S000000620523,악령 3,"15,000","13,500",10%,5%,750,표도르 도스토옙스키,민음사,20210630,소설
9788970125190,S000001068531,양을 쫓는 모험(하),"13,500","12,150",10%,5%,670,무라카미 하루키,문학사상,20210617,소설
9791136734518,S000001715299,주술회전 1: 떠나가는 여름과 돌아오는 가을,"7,800","7,020",10%,5%,390,Gege Akutami,서울미디어코믹스(서울문화사),20210525,소설
9791190749145,S000001943442,밸런스 게임,"13,000","11,700",10%,5%,650,김동식,요다,20210310,소설
9791190885621,S000001945335,내가 되는 꿈,"15,000","13,500",10%,5%,750,최진영,현대문학,20210225,소설
9791158887544,S000001772370,듄 1(DUNE),"30,000","27,000",10%,5%,"1,500",프랭크 허버트,황금가지,20210121,소설
9791158887582,S000001772374,듄 5: 듄의 이단자들(HERETICS OF DUNE),"27,000","24,300",10%,5%,"1,350",프랭크 허버트,황금가지,20210121,소설
9788965749318,S000001026081,"아리랑 1: 제1부 아, 한반도","17,500","15,750",10%,5%,870,조정래,해냄출판사,20201015,소설
9791197021688,S000001982913,살인자의 기억법,"12,000","10,800",10%,5%,600,김영하,복복서가,20200828,소설
9788936438319,S000000610816,자두,"17,000","15,300",10%,5%,850,이주혜,창비,20200825,소설
9788932037578,S000000570531,여름밤 열 시 반,"10,000","9,000",10%,5%,500,마르그리트 뒤라스,문학과지성사,20200731,소설
9791190090193,S000001935252,깃털,"9,500","8,550",10%,5%,470,김혜진,허블,20200727,소설
9788934991687,S000000598093,사조영웅전 세트,"102,400","92,160",10%,5%,"5,120",김용,김영사,20200708,소설
9791165341909,S000001835614,달러구트 꿈 백화점 1,"17,800","16,020",10%,5%,890,이미예,팩토리나인,20200708,소설
9788937473289,S000000620611,내가 말하고 있잖아,"14,000","12,600",10%,5%,700,정용준,민음사,20200626,소설
9788954671828,S000000780589,사랑의 역사,"17,000","15,300",10%,5%,850,니콜 크라우스,문학동네,20200603,소설
9788937420528,S000000618864,지상의 노래,"14,000","12,600",10%,5%,700,이승우,민음사,20200519,소설
9788925569130,S000000479159,하쿠바산장 살인사건,"18,000","16,200",10%,5%,900,히가시노 게이고,알에이치코리아,20200427,소설
9791158886356,S000001772337,얼음나무 숲,"19,000","17,100",10%,5%,950,하지은,황금가지,20200320,소설
9791190669030,S000001942565,삼국지 원전 세트,"22,000","19,800",10%,5%,"1,100",나관중,코너스톤,20200309,소설
9788972751502,S000001123112,유성의 인연 2,"16,000","14,400",10%,5%,800,히가시노 게이고,현대문학,20200131,소설
9788972751496,S000001123111,유성의 인연 1,"16,000","14,400",10%,5%,800,히가시노 게이고,현대문학,20200131,소설
9791196914806,S000001981838,당신 인생의 이야기,"18,500","16,650",10%,5%,920,테드 창,엘리,20200128,소설
9791158886141,S000001772322,시녀 이야기 + 증언들 세트,"28,000","25,200",10%,5%,"1,400",마거릿 애트우드,황금가지,20200103,소설
9788936464707,S000000612351,금색 공책 1,"18,000","16,200",10%,5%,900,도리스 레싱,창비,20191129,소설
9791189336110,S000001925874,도어,"15,000","13,500",10%,5%,750,서보 머그더,프시케의숲,20191110,소설
9788936438036,S000000610793,일의 기쁨과 슬픔,"16,000","14,400",10%,5%,800,장류진,창비,20191025,소설
9788932035635,S000000570454,빛의 과거,"16,000","14,400",10%,5%,800,은희경,문학과지성사,20190830,소설
9791136401229,S000001713595,나 혼자만 레벨업 2,"12,000","10,800",10%,5%,600,추공,파피루스,20190819,소설
9791136401212,S000001713594,나 혼자만 레벨업 1,"12,000","10,800",10%,5%,600,추공,파피루스,20190819,소설
9791136401274,S000001713600,나 혼자만 레벨업 7,"12,000","10,800",10%,5%,600,추공,파피루스,20190819,소설
9791188862290,S000001919339,지구에서 한아뿐,"16,000","14,400",10%,5%,800,정세랑,난다,20190731,소설
9788972750055,S000001122987,내가 그를 죽였다,"16,800","15,120",10%,5%,840,히가시노 게이고,현대문학,20190725,소설
9788972750086,S000001122990,졸업: 설월화 살인 게임,"16,800","15,120",10%,5%,840,히가시노 게이고,현대문학,20190725,소설
9788972750048,S000001122986,둘 중 누군가 그녀를 죽였다,"16,800","15,120",10%,5%,840,히가시노 게이고,현대문학,20190725,소설
9791163898078,S000001823677,방과 후,"14,800","13,320",10%,5%,740,히가시노 게이고,소미미디어,20190710,소설
9788963716695,S000000992369,낙원의 이론 4,"13,000","11,700",10%,5%,650,정선우,파란미디어,20190709,소설
9788936437978,S000000610788,대도시의 사랑법,"18,000","16,200",10%,5%,900,박상영,창비,20190628,소설
9791159922527,S000001786599,저항의 멜랑콜리,"22,000","19,800",10%,5%,"1,100",크러스너호르커이 라슬로,알마,20190513,소설
9788932035338,S000000570432,소년이로,"16,000","14,400",10%,5%,800,편혜영,문학과지성사,20190429,소설
9788925849157,S000000486852,괴물 이야기(상),"12,000","10,800",10%,5%,600,니시오 이신,학산문화사,20190420,소설
9791134814557,S000001701207,무직전생 17,"9,000","8,100",10%,5%,450,리후진 나 마고노테,학산문화사,20190418,소설
9788937439322,S000000619770,태엽 감는 새 연대기 세트,"40,000","36,000",10%,5%,"2,000",무라카미 하루키,민음사,20190403,소설
9788954655477,S000000780324,아일린,"14,500","13,050",10%,5%,720,오테사 모시페그,문학동네,20190315,소설
9791189581572,S000001928401,데미안(미니미니북)(초판본),"3,900","3,510",10%,5%,190,헤르만 헤세,더클래식,20181030,소설
9791161908021,S000001806509,전생했더니 슬라임이었던 건에 대하여 12,"10,000","9,000",10%,5%,500,후세,소미미디어,20181001,소설
9788972758990,S000001123767,매스커레이드 나이트,"20,000","18,000",10%,5%,"1,000",히가시노 게이고,현대문학,20180830,소설
9788931011012,S000000549209,19호실로 가다,"14,800","13,320",10%,5%,740,도리스 레싱,문예출판사,20180705,소설
9788925849171,S000000486854,괴물 이야기(하),"12,000","10,800",10%,5%,600,니시오 이신,학산문화사,20180620,소설
9788974431143,S000001157697,나무를 심은 사람,"10,000","9,000",10%,5%,500,장 지오노,두레,20180310,소설
9788932030616,S000000570314,유년의 뜰,"13,000","11,700",10%,5%,650,오정희,문학과지성사,20171215,소설
9788998274931,S000001629834,봉제인형 살인사건,"15,000","13,500",10%,5%,750,다니엘 콜,북플라자,20171020,소설
9788959135172,S000000887785,츠바키 문구점,"17,000","15,300",10%,5%,850,오가와 이토,위즈덤하우스,20170915,소설
9788972758303,S000001123716,꿀벌과 천둥,"20,000","18,000",10%,5%,"1,000",온다 리쿠,현대문학,20170731,소설
9788954640299,S000000779580,세 개의 관,"15,200","13,680",10%,5%,760,존 딕슨 카,엘릭시르,20170714,소설
9788954646123,S000000779889,기사단장 죽이기 1: 현현하는 이데아,"16,300","14,670",10%,5%,810,무라카미 하루키,문학동네,20170712,소설
9788935670314,S000000603668,떠나간 자와 머무른 자,"17,000","15,300",10%,5%,850,엘레나 페란테,한길사,20170531,소설
9788937463488,S000000620485,설득,"13,000","11,700",10%,5%,650,제인 오스틴,민음사,20170421,소설
9791133440061,S000001696629,언어의 정원,"13,000","11,700",10%,5%,650,신카이 마코토,대원씨아이,20170117,소설
9788937473142,S000000620597,날짜 없음,"14,000","12,600",10%,5%,700,장은진,민음사,20161125,소설
9788937429033,S000000619306,산책,"9,800","8,820",10%,5%,490,로베르트 발저,민음사,20161125,소설
9788937463457,S000000620482,모옌 중단편선,"13,000","11,700",10%,5%,650,모옌,민음사,20160930,소설
9788952776044,S000000733926,살육에 이르는 병,"15,000","13,500",10%,5%,750,아비코 다케마루,검은숲,20160701,소설
9788934974260,S000000597236,킨,"18,000","16,200",10%,5%,900,옥타비아 버틀러,비채,20160531,소설
9788956604992,S000000828190,7년의 밤,"18,500","16,650",10%,5%,920,정유정,은행나무,20160530,소설
9788937473104,S000000620593,자기 개발의 정석,"14,000","12,600",10%,5%,700,임성순,민음사,20160422,소설
9788990982629,S000001461131,백야행 2,"19,800","17,820",10%,5%,990,히가시노 게이고,재인,20160406,소설
9788937432361,S000000619487,잃어버린 시간을 찾아서 1~6권 세트,"78,000","70,200",10%,5%,"3,900",마르셀 프루스트,민음사,20160101,소설
9788994006314,S000001539434,오정희: 중국인 거리(Chinatown),"9,500","8,550",10%,5%,470,오정희,아시아,20150824,소설
9788937463365,S000000620473,좁은 문 전원교향곡 배덕자,"14,000","12,600",10%,5%,700,앙드레 지드,민음사,20150731,소설
9788954609128,S000000777560,가면의 고백,"13,500","12,150",10%,5%,670,미시마 유키오,문학동네,20150701,소설
9788937463358,S000000620472,코스모스,"12,000","10,800",10%,5%,600,비톨트 곰브로비치,민음사,20150529,소설
9788998441043,S000001632470,슬픔도 힘이 된다,"12,000","10,800",10%,5%,600,양귀자,쓰다,20141115,소설
9791131901694,S000001690688,3일간의 행복,"9,500","8,550",10%,5%,470,미아키 스가루,영상출판미디어(영상노트),20140925,소설
9788932317045,S000000574791,산시로,"15,000","13,500",10%,5%,750,나쓰메 소세키,현암사,20140905,소설
9788954624558,S000000778962,빵가게 재습격,"16,800","15,120",10%,5%,840,무라카미 하루키,문학동네,20140828,소설
9788994353470,S000001547431,날개,"13,500","12,150",10%,5%,670,이상,애플북스,20140616,소설
9788954624862,S000000778993,대성당,"16,800","15,120",10%,5%,840,레이먼드 카버,문학동네,20140523,소설
9788990982513,S000001461121,한여름의 방정식,"18,800","16,920",10%,5%,940,히가시노 게이고,재인,20140317,소설
9788937463198,S000000620456,여자의 일생,"12,000","10,800",10%,5%,600,기 드 모파상,민음사,20140314,소설
9788932916453,S000000581751,마의 산(상),"12,800","11,520",10%,5%,640,토마스 만,열린책들,20140220,소설
9788982739316,S000001277824,피를 마시는 새 세트,"117,000","105,300",10%,5%,"5,850",이영도,황금가지,20140201,소설
9788994207353,S000001544303,불가능,"17,000","15,300",10%,5%,850,조르주 바타유,워크룸프레스,20140131,소설
9788982735752,S000001277557,눈물을 마시는 새 2,"22,000","19,800",10%,5%,"1,100",이영도,황금가지,20140128,소설
9788954623360,S000000778846,칼의 노래,"17,000","15,300",10%,5%,850,김훈,문학동네,20140115,소설
9788960177567,S000000920015,파운데이션,"16,000","14,400",10%,5%,800,아이작 아시모프,황금가지,20131004,소설
9788937830891,S000000625078,밤의 피크닉,"12,000","10,800",10%,5%,600,온다 리쿠,북폴리오,20130722,소설
9788970127354,S000001068687,렉싱턴의 유령,"13,500","12,150",10%,5%,670,무라카미 하루키,문학사상,20130522,소설
9788971848722,S000001105993,나를 찾아줘,"19,000","17,100",10%,5%,950,길리언 플린,푸른숲,20130401,소설
9788937463082,S000000620445,에드거 앨런 포 단편선,"11,500","10,350",10%,5%,570,에드거 앨런 포,민음사,20130212,소설
9788937463051,S000000620442,레 미제라블 5,"13,000","11,700",10%,5%,650,빅토르 위고,민음사,20121105,소설
9788936464073,S000000612288,이반 일리치의 죽음,"13,000","11,700",10%,5%,650,레프 니꼴라예비치 똘스또이,창비,20121005,소설
9788932020914,S000000569631,당신들의 천국,"17,000","15,300",10%,5%,850,이청준,문학과지성사,20120928,소설
9788932403878,S000000575672,죄와 벌(상),"12,000","10,800",10%,5%,600,표도르 도스토예프스키,을유문화사,20120920,소설
9788963708386,S000000992045,예감은 틀리지 않는다,"17,500","15,750",10%,5%,870,줄리언 반스,다산책방,20120326,소설
9788937462795,S000000620416,무기여 잘 있어라,"12,000","10,800",10%,5%,600,어니스트 헤밍웨이,민음사,20120102,소설
9788937462801,S000000620417,태양은 다시 떠오른다,"11,500","10,350",10%,5%,570,어니스트 헤밍웨이,민음사,20120102,소설
9788932020877,S000000569627,가면의 꿈,"16,000","14,400",10%,5%,800,이청준,문학과지성사,20111229,소설
9791168416765,S000211551227,캣칭 파이어,"17,000","15,300",10%,5%,850,수잔 콜린스,북폴리오,20100901,소설
9788932020815,S000000569621,병신과 머저리,"13,000","11,700",10%,5%,650,이청준,문학과지성사,20100730,소설
9788901104935,S000000404365,SF 명예의 전당 1: 전설의 밤,"22,000","19,800",10%,5%,"1,100",아이작 아시모프,오멜라스,20100630,소설
9788937462481,S000000620385,인형의 집,"8,000","7,200",10%,5%,400,헨리크 입센,민음사,20100630,소설
9788954610926,S000000777735,동물농장 파리와 런던의 따라지 인생,"13,500","12,150",10%,5%,670,조지 오웰,문학동네,20100517,소설
9788937462467,S000000620383,사랑할 때와 죽을 때,"15,000","13,500",10%,5%,750,에리히 마리아 레마르크,민음사,20100430,소설
9788937462382,S000000620375,뜨거운 양철 지붕 위의 고양이 유리 동물원,"11,000","9,900",10%,5%,550,테네시 윌리엄스,민음사,20100122,소설
9788932909967,S000000581352,예브게니 오네긴,"11,800","10,620",10%,5%,590,알렉산드르 뿌쉬낀,열린책들,20091220,소설
9788932909363,S000000581293,연애 소설 읽는 노인,"15,800","14,220",10%,5%,790,루이스 세풀베다,열린책들,20091130,소설
9788932909844,S000000581340,서부 전선 이상 없다,"14,800","13,320",10%,5%,740,에리히 마리아 레마르크,열린책들,20091130,소설
9788937462306,S000000620367,클링조어의 마지막 여름,"7,500","6,750",10%,5%,370,헤르만 헤세,민음사,20091120,소설
9788931006384,S000000549005,안네의 일기,"9,000","8,100",10%,5%,450,안네 프랑크,문예출판사,20090430,소설
9788982739088,S000001277814,화씨 451,"15,000","13,500",10%,5%,750,레이 브래드버리,황금가지,20090304,소설
9788937462009,S000000620337,홍길동전,"12,000","10,800",10%,5%,600,허균,민음사,20090115,소설
9788937461095,S000000620246,제인 에어 1,"13,000","11,700",10%,5%,650,샬럿 브론테,민음사,20080730,소설
9788937461729,S000000620309,한여름 밤의 꿈,"8,000","7,200",10%,5%,400,윌리엄 셰익스피어,민음사,20080228,소설
9788937461644,S000000620301,운명의 딸 2,"11,000","9,900",10%,5%,550,이사벨 아옌데,민음사,20071214,소설
9788937461637,S000000620300,운명의 딸 1,"11,000","9,900",10%,5%,550,이사벨 아옌데,민음사,20071214,소설
9788937461446,S000000620281,연인,"9,000","8,100",10%,5%,450,마르그리트 뒤라스,민음사,20070430,소설
9788937461286,S000000620265,쿠오 바디스 1,"15,000","13,500",10%,5%,750,헨릭 시엔키에비츠,민음사,20051216,소설
9788937461293,S000000620266,쿠오 바디스 2,"15,000","13,500",10%,5%,750,헨릭 시엔키에비츠,민음사,20051216,소설
9788954600200,S000000776740,변신,"11,000","9,900",10%,5%,550,프란츠 카프카,문학동네,20050730,소설
9788970126937,S000001068649,백년 동안의 고독,"12,800","11,520",10%,5%,640,G. 마르케스,문학사상,20050728,소설
9788982738852,S000001277802,뉴로맨서,"18,000","16,200",10%,5%,900,윌리엄 깁슨,황금가지,20050614,소설
9788937461071,S000000620244,나무 위의 남작,"12,000","10,800",10%,5%,600,이탈로 칼비노,민음사,20040810,소설
9788995501443,S000001573833,꾸뻬씨의 행복여행,"15,000","13,500",10%,5%,750,프랑수아 를로르,오래된미래,20040728,소설
9788988027400,S000001390460,죽은 시인의 사회,"15,000","13,500",10%,5%,750,N.H.클라인바움,서교출판사,20040330,소설
9788937460999,S000000620236,맥베스,"7,000","6,300",10%,5%,350,윌리엄 셰익스피어,민음사,20040315,소설
9788937460951,S000000620232,적과 흑 1,"10,500","9,450",10%,5%,520,스탕달,민음사,20040115,소설
9788937460968,S000000620233,적과 흑 2,"10,500","9,450",10%,5%,520,스탕달,민음사,20040115,소설
9788937460876,S000000620224,그 후,"13,000","11,700",10%,5%,650,나쓰메 소세키,민음사,20030925,소설
9788937460838,S000000620220,팡세,"15,000","13,500",10%,5%,750,파스칼 블레이즈,민음사,20030825,소설
9788982735745,S000001277556,눈물을 마시는 새 1,"22,000","19,800",10%,5%,"1,100",이영도,황금가지,20030118,소설
9788982734083,S000001277430,셜록 홈즈 전집 세트,"60,000","54,000",10%,5%,"3,000",아서 코난 도일,황금가지,20021020,소설
9788937460562,S000000620193,부덴브로크 가의 사람들 1,"15,000","13,500",10%,5%,750,토마스 만,민음사,20011115,소설
9788937460531,S000000620190,오셀로,"7,500","6,750",10%,5%,370,윌리엄 셰익스피어,민음사,20010905,소설
9788937460289,S000000620165,삶의 한가운데,"13,000","11,700",10%,5%,650,루이제 린저,민음사,19990625,소설
9788937460142,S000000620151,너새니얼 호손 단편선,"14,000","12,600",10%,5%,700,너새니얼 호손,민음사,19980930,소설
9788937460098,S000000620146,문학이란 무엇인가,"16,000","14,400",10%,5%,800,장 폴 사르트르,민음사,19980805,소설
9788937460081,S000000620145,토니오 크뢰거 · 트리스탄 · 베니스에서의 죽음,"15,000","13,500",10%,5%,750,토마스 만,민음사,19980805,소설
9791141548544,S000221062087,데뷔 못 하면 죽는 병 걸림 5부 17,"15,000","13,500",10%,5%,750,백덕수,위시북스,20261208,소설
9791141548520,S000221062066,데뷔 못 하면 죽는 병 걸림 5부 15,"15,000","13,500",10%,5%,750,백덕수,위시북스,20261208,소설
9791141548551,S000221062088,데뷔 못 하면 죽는 병 걸림 5부 18,"15,000","13,500",10%,5%,750,백덕수,위시북스,20261208,소설
9791141548537,S000221062086,데뷔 못 하면 죽는 병 걸림 5부 16,"15,000","13,500",10%,5%,750,백덕수,위시북스,20261208,소설
9791192313955,S000221327759,시인 황후,"23,000","20,700",10%,5%,"1,150",션 타오,북스피어,20260930,소설
9788920056758,S000221353944,바이올렛의 생애,"19,800","17,820",10%,5%,990,버지니아 울프,지식의날개,20260930,소설
9791165086763,S000220931315,싯다르타,"14,000","12,600",10%,5%,700,헤르만 헤세,다온길,20260930,소설
9791124612750,S000221365711,무서운 괴담,"18,800","16,920",10%,5%,940,마츠바라 타니시,시원북스,20260929,소설
9788925568201,S000221328308,캠퍼스 드라이버 3: 크래시 테스트,"22,000","19,800",10%,5%,"1,100",C. S. 퀼,알에이치코리아,20260923,소설
9788925568140,S000221328290,캠퍼스 드라이버 2: 북 보이프렌드,"22,000","19,800",10%,5%,"1,100",C. S. 퀼,알에이치코리아,20260923,소설
9788963126449,S000221255406,마지막 파도,"15,000","13,500",10%,5%,750,최해욱,선,20260922,소설
9791171212354,S000221281542,하늘이 참 아름답다고 말할 것,"13,000","11,700",10%,5%,650,장강명 외,빚은책들,20260921,소설
9791138492027,S000221283673,수속성의 마법사 7,"14,000","12,600",10%,5%,700,쿠보 타다시,소미미디어,20260917,소설
9791167529084,S000221329725,무덤마을 등불책방,"13,000","11,700",10%,5%,650,한소민,책과나무,20260917,소설
9791138492171,S000221283671,이세계 안락한 무인도 라이프 3,"10,000","9,000",10%,5%,500,카미즈 호타미,소미미디어,20260917,소설
9791138492188,S000221283665,"좋아하는 아이를 메이드로 삼았더니, 내 방에서 몰래 뭔가 하고 있다 2","8,500","7,650",10%,5%,420,카가미 유,소미미디어,20260917,소설
9791138445726,S000221283661,풀 메탈 패닉! Family 3,"8,500","7,650",10%,5%,420,가토 쇼지,소미미디어,20260917,소설
9791170965923,S000221151709,우리가 주워진 세계,"18,500","16,650",10%,5%,920,아사쿠라 히로카게,해피북스투유,20260915,소설
9791199877528,S000220922282,이곳은 타로카드 상담소가 아니다,"16,800","15,120",10%,5%,840,허선아,세종마루,20260915,소설
9791130683096,S000221257383,에케 호모,"16,000","14,400",10%,5%,800,오수완,다산책방,20260914,소설
9791160784213,S000221242417,택시! 어디로 모실까요?,"17,000","15,300",10%,5%,850,이남대,다산글방,20260914,소설
9791199048164,S000221282066,미지의 차원,"21,000","18,900",10%,5%,"1,050",노나 페르난데스,가망서사,20260911,소설
9791176214834,S000221330285,루루 이야기,"18,000","16,200",10%,5%,900,바이즈,바른북스,20260911,소설
9788936431792,S000221261450,파란 파란,"16,000","14,400",10%,5%,800,유지현,창비,20260911,소설
9791199956025,S000221176543,오마리가 살인사건,"19,800","17,820",10%,5%,990,아시베 다쿠,더블샷,20260910,소설
9791194166832,S000221265040,단발낭자 이단아,"15,000","13,500",10%,5%,750,강선우,써네스트,20260910,소설
9788932925899,S000221142425,1984년,"8,800","7,920",10%,5%,440,조지 오웰,열린책들,20260910,소설
9788932925936,S000221142513,페스트,"8,800","7,920",10%,5%,440,알베르 카뮈,열린책들,20260910,소설
9788932925905,S000221142438,무기여 잘 있거라,"8,800","7,920",10%,5%,440,어니스트 헤밍웨이,열린책들,20260910,소설
9791175245181,S000221075488,젊은 베르테르의 슬픔(미니북)(1774년 오리지널 초판본 표지디자인),"5,500","4,950",10%,5%,270,괴테,더스토리,20260910,소설
9791175245150,S000221151679,오셀로 미니북,"5,500","4,950",10%,5%,270,윌리엄 셰익스피어,더클래식,20260910,소설
9791175245167,S000221329663,젊은 베르테르의 슬픔 미니미니북(1774년 오리지널 초판본 표지 디자인),"4,900","4,410",10%,5%,240,요한 볼프강 폰 괴테,더클래식,20260910,소설
9791175245235,S000221075483,이방인(미니미니북)(1944년 오리지널 초판본 표지디자인),"4,900","4,410",10%,5%,240,알베르 카뮈,더스토리,20260910,소설
9791193598160,S000221228858,한일 SF 교환일기,"25,000","22,500",10%,5%,"1,250",한국과학소설작가연대 외,연립서가,20260908,소설
9788960901087,S000221061314,호러는 아니지만 어쩐지,"16,800","15,120",10%,5%,840,이장욱,마음산책,20260905,소설
9788937477492,S000221178656,그 입에서 나오는 것,"15,000","13,500",10%,5%,750,박문영,민음사,20260904,소설
9791138069939,S000220945921,패배 히로인이 너무 많아! 8.5,"8,000","7,200",10%,5%,400,이미기 무루,미스터블루,20260904,소설
9788982183911,S000221166338,약속 장소,"16,000","14,400",10%,5%,800,성민선,강,20260903,소설
9788926787885,S000221143358,군림천하 39: 종남행로 편,"12,000","10,800",10%,5%,600,용대운,파피루스,20260902,소설
9791175245228,S000220924145,이방인,"7,700","6,930",10%,5%,380,알베르 카뮈,베어클래식,20260902,소설
9791194591443,S000220666623,유리알 유희(초판본)(1943년 오리지널 초판본 표지디자인),"24,800","22,320",10%,5%,"1,240",헤르만 헤세,더스토리,20260901,소설
9791143419064,S000221031834,헤라,"21,000","18,900",10%,5%,"1,050",제니퍼 세인트,잔상,20260831,소설
9791192313917,S000221031453,리볼버,"18,800","16,920",10%,5%,940,하라다 마하,북스피어,20260831,소설
9791141603663,S000221142443,도련님은 어떻게 작가가 되었나,"17,800","16,020",10%,5%,890,김경욱,문학동네,20260831,소설
9791141618728,S000221062984,유령들,"15,000","13,500",10%,5%,750,세사르 아이라,문학동네,20260831,소설
9791175774339,S000221074618,"다른 학교 얼음공주를 구했더니,  친구부터 시작하게 되었습니다 2","8,500","7,650",10%,5%,420,사츠키 히류,오팬스노벨,20260831,소설
9791175774353,S000221074625,피가 이어지지 않은 우리가  가족이 되는 단 하나의 방법 1,"8,500","7,650",10%,5%,420,히바리 유,오팬스노벨,20260831,소설
9791142359545,S000220945932,패밀리 랜드,"19,000","17,100",10%,5%,950,사와무라 이치,하빌리스,20260830,소설
9791175490901,S000221034047,지뢰밭은 나의 안식처,"19,000","17,100",10%,5%,950,나이주,소명출판,20260830,소설
9791175245037,S000220734133,무진기행,"16,800","15,120",10%,5%,840,김승옥,더스토리,20260830,소설
9791143419811,S000221031824,아리아드네,"21,000","18,900",10%,5%,"1,050",제니퍼 세인트,잔상,20260828,소설
9791167919199,S000221073995,겨울을 용서했어,"11,000","9,900",10%,5%,550,심영보,메이킹북스,20260828,소설
9791138492010,S000221062042,사망 엔딩에서 벗어난 미연시의 히로인들이 내 [일기장]을 읽고 비밀을 알아챈 듯하다 1,"8,500","7,650",10%,5%,420,addict,소미미디어,20260827,소설
9791142829734,S000221048610,소드 아트 온라인 29,"8,000","7,200",10%,5%,400,카와하라 레키,서울미디어코믹스(서울문화사),20260827,소설
9791176612852,S000221030658,신 수수께끼 풀이는 저녁식사 후에 2,"18,900","17,010",10%,5%,940,히가시가와 도쿠야,아르테(arte),20260826,소설
9791193939727,S000221031545,천국에서 온 탐정 1: 구원받지 못할 자,"18,800","16,920",10%,5%,940,이동원,라곰,20260826,소설
9791130682440,S000221031611,타이거! 타이거!,"19,800","17,820",10%,5%,990,앨프리드 베스터,다산책방,20260825,소설
9791199962934,S000220996765,호서극장 사람들,"18,000","16,200",10%,5%,900,김홍정,도서출판 등,20260825,소설
9791167376824,S000220929346,몸과 몸,"17,000","15,300",10%,5%,850,장희원,은행나무,20260825,소설
9791139737523,S000220929295,제인 에어,"19,900","17,910",10%,5%,990,샬럿 브론테,현대지성,20260821,소설
9791191803648,S000220922962,천 년의 후더닛,"19,800","17,820",10%,5%,990,아사네 주지,내친구의서재,20260820,소설
9788932045696,S000220931316,환호성,"17,000","15,300",10%,5%,850,구소현,문학과지성사,20260820,소설
9791127888572,S000220781695,새 엄마가 데려온 딸이 전 여친이었다 12,"8,500","7,650",10%,5%,420,카미시로 쿄스케,디앤씨미디어,20260820,소설
9791175244900,S000220700219,체호프 단편선,"7,700","6,930",10%,5%,380,안톤 체호프,베어클래식,20260820,소설
9791193939611,S000220923033,한성요괴상점,"18,800","16,920",10%,5%,940,18세기구름,라곰,20260819,소설
9791189703981,S000220762811,"다잉 스완, 친애하는 나의 살해자에게","18,500","16,650",10%,5%,920,송대길,비엠케이,20260819,소설
9791198404749,S000220648802,"정조, 길을 묻다 1","20,000","18,000",10%,5%,"1,000",백금남,피플워치,20260815,소설
9791160784190,S000220782388,오디세이: 불멸을 거절한 사람,"18,000","16,200",10%,5%,900,호메로스,다산글방,20260814,소설
9791194531418,S000220774586,굿나이트메어,"17,000","15,300",10%,5%,850,전건우,사유와공감,20260812,소설
9791197158728,S000220717208,"살아라, 타락하라","17,000","15,300",10%,5%,850,다자이 오사무 외,덤불프레스,20260812,소설
9791144100411,S000220788945,빠져든 침대에서 천사의 자는 얼굴을 보고 싶을 뿐 #둘이서 저지른 비밀의 교칙 위반,"12,000","10,800",10%,5%,600,우에스 테츠토,에이케이커뮤니케이션즈,20260810,소설
9788936431761,S000220789137,목소리가 들린다,"16,000","14,400",10%,5%,800,최정원,창비,20260807,소설
9791130682594,S000220736114,에티의 여름,"19,500","17,550",10%,5%,970,루시 스티즈,다산책방,20260805,소설
9791169087476,S000220774095,굿 게임 굿 럭,"17,000","15,300",10%,5%,850,장강명 외,오리지널스,20260805,소설
9791138863780,S000220807380,신들의 연대기 1~100(하),"16,800","15,120",10%,5%,840,장승모,좋은땅,20260804,소설
9791138863773,S000220807377,신들의 연대기 1~100(상),"16,800","15,120",10%,5%,840,장승모,좋은땅,20260804,소설
9791139233803,S000220648025,"그리고 다시, 우리","16,800","15,120",10%,5%,840,진성림,지식과감성,20260801,소설
9788976048134,S000220631743,셜록 홈즈 전집 통합본(금장 에디션),"110,000","99,000",10%,5%,"5,500",아서 코난 도일,문예춘추사,20260731,소설
9791127562632,S000220588836,귀신나방,"19,000","17,100",10%,5%,950,장용민,재담,20260731,소설
9791141617776,S000220636318,새들의 사회성,"17,500","15,750",10%,5%,870,편혜영,문학동네,20260731,소설
9791124539057,S000220623954,일: 경험의 이야기,"22,800","20,520",10%,5%,"1,140",루이자 메이 올컷,저녁달,20260730,소설
9791192738826,S000220631873,괴담 소설이라는 이름의 소설 괴담,"17,800","16,020",10%,5%,890,사와무라 이치,리드비,20260730,소설
9788926788981,S000220694318,군림천하 38: 육합귀진 편,"12,000","10,800",10%,5%,600,용대운,파피루스,20260729,소설
9791170361770,S000220703662,이반 일리치의 죽음,"11,800","10,620",10%,5%,590,레프 톨스토이,뿌쉬낀하우스,20260729,소설
9791156628200,S000220622316,2026년 제1회 김학철문학상 수상작품집,"16,800","15,120",10%,5%,840,황정은 외,아시아,20260728,소설
9791124712023,S000220634718,더 크래쉬,"19,000","17,100",10%,5%,950,프리다 맥파든,북플라자,20260727,소설
9791157404971,S000220574999,산군,"18,500","16,650",10%,5%,920,박해로,네오픽션,20260724,소설
9791141188214,S000220639481,무직전생 19,"10,000","9,000",10%,5%,500,리후진 나 마고노테,학산문화사,20260724,소설
9791141188252,S000220639503,약사의 혼잣말 15,"10,000","9,000",10%,5%,500,휴우가나츠,학산문화사,20260724,소설
9791141188238,S000220589838,약사의 혼잣말 1,"10,000","9,000",10%,5%,500,휴우가 나츠,학산문화사,20260721,소설
9788932325002,S000220588946,읽고 읽고 말하다,"18,800","16,920",10%,5%,940,아사쿠라 가스미,현암사,20260720,소설
9791124028667,S000220363867,믹스테이프,"17,800","16,020",10%,5%,890,전건우,앤드(&),20260720,소설
9791175244306,S000219976105,예수의 생애(초판본)(1934년 오리지널 초판본 표지디자인),"9,800","8,820",10%,5%,490,찰스 디킨스,더스토리,20260720,소설
9791141188221,S000220573898,무직전생 26(완결),"10,000","9,000",10%,5%,500,리후진 나 마고노테,학산문화사,20260716,소설
9791141188207,S000220573893,무직전생 18,"10,000","9,000",10%,5%,500,리후진 나 마고노테,학산문화사,20260716,소설
9791127888176,S000220455057,가끔씩 툭하고 러시아어로 부끄러워하는 옆자리의 아랴 양 11,"8,500","7,650",10%,5%,420,SUN SUN SUN,디앤씨미디어,20260716,소설
9788932925820,S000220664877,평범한 날들은 사라졌고,"23,000","20,700",10%,5%,"1,150",수잔 레드펀,열린책들,20260715,소설
9791194996248,S000220501447,신의 숨결에 날리는 깃털,"18,500","16,650",10%,5%,920,시그리드 누네즈,복복서가,20260715,소설
9791124575055,S000220490741,파우사,"18,000","16,200",10%,5%,900,최윤석,팩토리나인,20260715,소설
9791167903754,S000220525376,이름 없는 것들의 밤,"17,800","16,020",10%,5%,890,정보라,현대문학,20260715,소설
9788964363010,S000220465421,"연에게,","15,000","13,500",10%,5%,750,윤시월,삼인,20260715,소설
9791199490826,S000220363840,블러디 머더,"29,800","26,820",10%,5%,"1,490",줄리언 시먼스,우연한지식,20260710,소설
9791194706458,S000220430159,마담 스퀴데리,"13,800","12,420",10%,5%,690,에른스트 호프만,니케북스,20260710,소설
9788937449468,S000220510585,분재,"13,000","11,700",10%,5%,650,알레한드로 삼브라,민음사,20260710,소설
9791175773158,S000220492512,땅거미 상점가 거꾸로 우체국,"16,800","15,120",10%,5%,840,구리스 히요코,모모,20260709,소설
9791175773141,S000220492300,땅거미 상점가 속마음 과자점,"16,800","15,120",10%,5%,840,구리스 히요코,모모,20260709,소설
9791170614067,S000220453645,생가,"18,000","16,200",10%,5%,900,신재민,북다,20260707,소설
9791193078983,S000220454972,오렌지와 빵칼,"13,000","11,700",10%,5%,650,청예,허블,20260703,소설
9791130676395,S000220120914,토지 천경자 에디션,"340,000","306,000",10%,5%,"17,000",박경리,다산책방,20260701,소설
9791167903716,S000220363376,솔 벨로 2,"18,000","16,200",10%,5%,900,솔 벨로,현대문학,20260701,소설
9791192638911,S000220430985,꿈이다 아니다,"18,000","16,200",10%,5%,900,김중혁,안온북스,20260701,소설
9791175244818,S000220466569,로미오와 줄리엣 미니미니북: 1912년 오리지널 초판본 표지디자인(초판본),"4,900","4,410",10%,5%,240,윌리엄 셰익스피어,더스토리,20260701,소설
9791175244023,S000220466704,자기만의 방 미니미니북: 1929년 오리지널 초판본 표지디자인(초판본),"4,900","4,410",10%,5%,240,버지니아 울프,더스토리,20260701,소설
9791164162765,S000220120180,에도가와 란포 기담집,"18,000","16,200",10%,5%,900,에도가와 란포,책들의정원,20260630,소설
9791167376589,S000220363029,부피의 계산에 대하여 1,"17,000","15,300",10%,5%,850,솔베이 발레,은행나무,20260630,소설
9791175910935,S000220363305,날개,"13,000","11,700",10%,5%,650,이상,위즈덤하우스,20260630,소설
9791141184124,S000220225266,장송의 프리렌: 전주 2,"8,000","7,200",10%,5%,400,하치모쿠 메이,학산문화사,20260630,소설
9791161694023,S000220152009,닥터루팡,"16,800","15,120",10%,5%,840,박상민,서랍의날씨,20260626,소설
9791124638033,S000220297424,살,"18,800","16,920",10%,5%,940,데이비드 솔로이,서해문집,20260625,소설
9788932925790,S000220240695,영혼의 왈츠 2,"18,000","16,200",10%,5%,900,베르나르 베르베르,열린책들,20260624,소설
9788932925783,S000220240694,영혼의 왈츠 1,"18,000","16,200",10%,5%,900,베르나르 베르베르,열린책들,20260624,소설
9791199037663,S000220304698,완벽한 불량품,"17,500","15,750",10%,5%,870,유영광,알키미스트,20260624,소설
9791191861594,S000220453176,거울로 드나드는 여자 박스 세트,"83,000","74,700",10%,5%,"4,150",크리스텔 다보스,레모,20260622,소설
9788937449406,S000220455795,오렌지빛 해변의 소설,"15,000","13,500",10%,5%,750,권혜영 외,민음사,20260619,소설
9791175773240,S000220278032,바다가 들리는 편의점 5,"16,800","15,120",10%,5%,840,마치다 소노코,모모,20260618,소설
9791141603045,S000220240970,책갈피와 거짓말의 계절,"22,000","19,800",10%,5%,"1,100",요네자와 호노부,엘릭시르,20260616,소설
9791138490801,S000220221528,마녀와 용병 5,"10,000","9,000",10%,5%,500,초호키테키 카에루,소미미디어,20260611,소설
9791124038383,S000220297284,프랑켄슈타인,"21,000","18,900",10%,5%,"1,050",메리 셸리,머묾,20260610,소설
9791173830471,S000220100229,학살기관,"17,000","15,300",10%,5%,850,이토 게이카쿠,문학수첩,20260610,소설
9788932476186,S000220165036,"두려워요, 투우사여","17,000","15,300",10%,5%,850,페드로 레메벨,을유문화사,20260610,소설
9791130677255,S000220166143,스톤 메이든스,"19,800","17,820",10%,5%,990,로이드 데버로 리처즈,다산책방,20260608,소설
9791127562007,S000220162436,건축무한육면각체의 비밀 2,"17,000","15,300",10%,5%,850,장용민,재담,20260608,소설
9791127561994,S000220162433,건축무한육면각체의 비밀 1,"17,000","15,300",10%,5%,850,장용민,재담,20260608,소설
9791141186128,S000220167883,무직전생 1,"10,000","9,000",10%,5%,500,리후진 나 마고노테,학산문화사,20260608,소설
9791141186180,S000220167896,무직전생 21,"10,000","9,000",10%,5%,500,리후진 나 마고노테,학산문화사,20260608,소설
9791173830501,S000220046971,천사와 악마 2,"15,000","13,500",10%,5%,750,댄 브라운,문학수첩,20260605,소설
9788937464850,S000220166810,올빼미의 낮,"15,000","13,500",10%,5%,750,레오나르도 샤샤 외,민음사,20260605,소설
9791173830495,S000220046965,천사와 악마 1,"15,000","13,500",10%,5%,750,댄 브라운,문학수첩,20260605,소설
9791199909908,S000220153288,무자본 게임,"19,800","17,820",10%,5%,990,이동열,피클스토리웍스,20260604,소설
9791138068420,S000220042090,86 에이티식스 14,"8,000","7,200",10%,5%,400,아사토 아사토,미스터블루,20260604,소설
9791143023193,S000221061390,"표도르 미하일로비치 도스토옙스키의 죄와 벌, 백치, 악령, 카라마조프가의 형제들","298,000","298,000",0%,0%,0,표도르 도스토옙스키,지식을만드는지식,20260601,소설
9791192603902,S000220096917,보스턴의 첫 번째 마녀,"19,800","17,820",10%,5%,990,안드레아 카탈라노,토마토출판사,20260601,소설
9791158792558,S000220097302,거짓에 갇힌 여자,"19,000","17,100",10%,5%,950,데이비드 발다치,북로드,20260601,소설
9791173262524,S000220167807,화산귀환 11,"14,000","12,600",10%,5%,700,비가,러프미디어,20260601,소설
9791173262531,S000220167809,화산귀환 12,"14,000","12,600",10%,5%,700,비가,러프미디어,20260601,소설
9788976048059,S000219924524,일요일의 놀이공원,"16,800","15,120",10%,5%,840,아오야마 미치코,문예춘추사,20260530,소설
9791170613954,S000220097357,이웃집의 탐스러움,"14,800","13,320",10%,5%,740,정기현,북다,20260530,소설
9788937449314,S000220110230,딸기 이론,"18,000","16,200",10%,5%,900,김숨,민음사,20260529,소설
9791199603660,S000220046969,얼음 녹이기,"15,000","13,500",10%,5%,750,김서해,슬로우리드,20260529,소설
9788937477454,S000220110168,보글,"15,000","13,500",10%,5%,750,전예진,민음사,20260529,소설
9788937464942,S000220110634,사건,"12,000","10,800",10%,5%,600,아니 에르노,민음사,20260529,소설
9791192738796,S000220047182,입주 조건: 옆집에 사는 이웃과 반드시 친하게 지내세요,"17,800","16,020",10%,5%,890,네후네 하야세,리드비,20260528,소설
9791191247749,S000220004084,일요일에 잊힌 사람들,"18,000","16,200",10%,5%,900,발레리 페랭,엘리,20260527,소설
9791124468197,S000220053302,죽은 자의 스토킹,"18,000","16,200",10%,5%,900,알렉스 안도릴,필름(Feelm),20260527,소설
9791194531395,S000219973662,우리동네 도서관,"18,000","16,200",10%,5%,900,차인표,사유와공감,20260527,소설
9791193324967,S000220053122,이혼,"19,000","17,100",10%,5%,950,프리다 맥파든,북플라자,20260526,소설
9788937477430,S000220049153,실전 한국어,"15,000","13,500",10%,5%,750,문지혁,민음사,20260522,소설
9791130676784,S000220004221,우리는 한때 같은 성에 살았고,"18,000","16,200",10%,5%,900,김희재,다산책방,20260520,소설
9788932912998,S000220041020,마담 보바리: 지방 풍속,"18,000","16,200",10%,5%,900,귀스타브 플로베르,열린책들,20260520,소설
9791175242746,S000219975960,어린왕자 미니미니북(초판본),"4,900","4,410",10%,5%,240,앙투안 드 생텍쥐페리,더클래식,20260520,소설
9791130676036,S000219752392,애가(한국문학의 거장 박경리 탄생 100주년 기념 특별판),"18,000","16,200",10%,5%,900,박경리,다산책방,20260519,소설
9791170613862,S000219942259,2026 제13회 교보문고 스토리대상 단편 수상작품집,"13,800","12,420",10%,5%,690,이선화 외,북다,20260515,소설
9791170527213,S000219972853,오염된 잔,"22,000","19,800",10%,5%,"1,100",로버트 잭슨 베넷,황금가지,20260508,소설
9791170965817,S000219854249,더 티처,"19,000","17,100",10%,5%,950,프리다 맥파든,해피북스투유,20260508,소설
9788937464751,S000219997356,체호프 희곡선,"17,000","15,300",10%,5%,850,안톤 체호프,민음사,20260507,소설
9788937464799,S000219925436,금색야차,"18,000","16,200",10%,5%,900,오자키 고요,민음사,20260506,소설
9791170613879,S000219796932,연월일,"16,800","15,120",10%,5%,840,옌롄커,북다,20260506,소설
9791142949494,S000219616989,마지막 원고,"12,000","10,800",10%,5%,600,윤슬,루미너리북스,20260506,소설
9791190818476,S000219605118,인간 실격,"9,800","8,820",10%,5%,490,다자이 오사무,시간과공간사,20260506,소설
9791170801658,S000219786887,달맞이언덕의 안개(큰글자책),"48,000","48,000",0%,5%,"2,400",김성종,새움,20260504,소설
9791199865501,S000219859164,연애망상 : 열병,"10,900","9,810",10%,5%,540,초은,작은별방,20260501,소설
9791158792541,S000219801987,아름다움이 사람을 죽일 때,"17,500","15,750",10%,5%,870,미시마 유키오,북로드,20260430,소설
9788960909878,S000219752482,해파리 만개,"16,800","15,120",10%,5%,840,김초엽,마음산책,20260430,소설
9791138490450,S000219795698,"좋아하는 아이를 메이드로 삼았더니, 내 방에서 몰래 뭔가 하고 있다 1","8,500","7,650",10%,5%,420,카가미 유우,소미미디어,20260430,소설
9791193078907,S000219752020,이 완벽한 날,"19,000","17,100",10%,5%,950,아이라 레빈,허블,20260429,소설
9791191247725,S000219786443,"휴먼, 어디에 있나요?","19,800","17,820",10%,5%,990,에이드리언 차이콥스키,엘리,20260427,소설
9788937464829,S000219868652,드라큘라 1,"15,000","13,500",10%,5%,750,브램 스토커,민음사,20260427,소설
9791175910669,S000219796232,어둠의 색조 2,"18,000","16,200",10%,5%,900,크리스 휘타커,위즈덤하우스,20260424,소설
9791141616144,S000219795170,오후의 마지막 잔디,"15,000","13,500",10%,5%,750,무라카미 하루키,문학동네,20260423,소설
9791175772663,S000219786522,파이로매니악 2,"22,000","19,800",10%,5%,"1,100",이우혁,반타,20260422,소설
9791175772670,S000219786526,파이로매니악 3,"22,000","19,800",10%,5%,"1,100",이우혁,반타,20260422,소설
9791175772656,S000219786516,파이로매니악 1,"22,000","19,800",10%,5%,"1,100",이우혁,반타,20260422,소설
9791169087223,S000219786387,어느 멋진 도망,"17,000","15,300",10%,5%,850,나상천,오리지널스,20260422,소설
9788925569413,S000219731284,이지페이지: 스토너(큰글자책),"25,000","22,500",10%,5%,"1,250",존 윌리엄스,알에이치코리아,20260417,소설
9791173325991,S000219653304,질투하는 남자,"21,800","19,620",10%,5%,"1,090",요 네스뵈,비채,20260416,소설
9791192775760,S000219731943,그 여자를 유혹해 줘,"15,000","13,500",10%,5%,750,리나,스토리피아,20260416,소설
9791193324905,S000219655657,남자 친구,"19,000","17,100",10%,5%,950,프리다 맥파든,북플라자,20260415,소설
9788932925707,S000219681306,타나토노트 2,"17,800","16,020",10%,5%,890,베르나르 베르베르,열린책들,20260415,소설
9791199240919,S000219545222,데미안,"9,800","8,820",10%,5%,490,헤르만 헤세,씨리얼,20260415,소설
9788932925691,S000219681297,타나토노트 1,"17,800","16,020",10%,5%,890,베르나르 베르베르,열린책들,20260413,소설
9791175772229,S000219597688,내가 마지막으로 남긴 노래,"17,500","15,750",10%,5%,870,이치조 미사키,모모,20260409,소설
9791172133924,S000219545226,너의 나쁜 무리,"17,000","15,300",10%,5%,850,예소연,한겨레출판,20260404,소설
9788936439927,S000219564499,로스트 플레이스,"20,000","18,000",10%,5%,"1,000",세라 핀스커,창비,20260403,소설
9788954473545,S000219595871,이만 원만 빌려줘,"15,000","13,500",10%,5%,750,안보윤,자음과모음,20260403,소설
9791130675329,S000219597675,브루클린,"18,000","16,200",10%,5%,900,콜럼 토빈,다산책방,20260401,소설
9788937464775,S000219740000,처형인의 노래 1,"20,000","18,000",10%,5%,"1,000",노먼 메일러,민음사,20260331,소설
9788937464782,S000219740041,처형인의 노래 2,"20,000","18,000",10%,5%,"1,000",노먼 메일러,민음사,20260331,소설
9791193324899,S000219549905,전 여친,"19,000","17,100",10%,5%,950,프리다 맥파든,북플라자,20260331,소설
9791171311781,S000219664459,안과 겉,"11,000","9,900",10%,5%,550,알베르 카뮈,책세상,20260331,소설
9791175243460,S000219342197,초판본 단종애사: 1954년 초판본 표지 디자인,"11,000","9,900",10%,5%,550,이광수,더스토리,20260330,소설
9788937464805,S000219549199,노스탈지아,"19,000","17,100",10%,5%,950,미르체아 커르터레스쿠,민음사,20260327,소설
9791130675633,S000219519019,나의 친구들,"18,800","16,920",10%,5%,940,프레드릭 배크만,다산책방,20260325,소설
9791170965749,S000219545208,제비는 돌아오지 않는다,"18,000","16,200",10%,5%,900,기리노 나쓰오,해피북스투유,20260325,소설
9791173578489,S000219524026,코끼리의 마음,"17,900","16,110",10%,5%,890,톤 텔레헨,아르테(arte),20260325,소설
9791173578496,S000219523712,고슴도치의 소원,"17,900","16,110",10%,5%,890,톤 텔레헨,아르테(arte),20260325,소설
9791169852180,S000220636999,마음의 어휘력,"16,800","15,120",10%,5%,840,조아란 외,페이지2북스,20260811,시/에세이
9791141618575,S000220843924,그랬다고 적었다,"17,000","15,300",10%,5%,850,김애란,문학동네,20260824,시/에세이
9788901300702,S000221248241,박완서의 낱말들,"19,800","17,820",10%,5%,990,박완서,웅진지식하우스,20260914,시/에세이
9791197647666,S000200329012,기분이 태도가 되지 말자(30만부 기념 최신 개정판),"17,000","15,300",10%,5%,850,김수현(훈글),하이스트,20221125,시/에세이
9788956605593,S000000828225,불안(리커버:K),"18,000","16,200",10%,5%,900,알랭 드 보통,은행나무,20120104,시/에세이
9791191114768,S000216122857,단 한 번의 삶(강물에디션 활판인쇄 한정판),"16,800","15,120",10%,5%,840,김영하,복복서가,20250406,시/에세이
9791162145043,S000213913377,행복할 거야 이래도 되나 싶을 정도로(10만 부 기념 교보문고 단독 리커버),"18,000","16,200",10%,5%,900,일홍,부크럼,20240729,시/에세이
9791124878019,S000220862072,애매함을 사랑하기,"16,800","15,120",10%,5%,840,이창현(코유),고유,20260817,시/에세이
9791169851053,S000214453032,어른의 행복은 조용하다,"17,800","16,020",10%,5%,890,태수,페이지2북스,20241104,시/에세이
9788901299730,S000221046068,신경 끄기의 기술(한교동 에디션),"19,000","17,100",10%,5%,950,마크 맨슨,갤리온,20260903,시/에세이
9788965968382,S000220638767,숨결이 바람 될 때(10주년 에디션),"19,800","17,820",10%,5%,990,폴 칼라니티,흐름출판,20260819,시/에세이
9788936812621,S000218907630,빅터 프랭클의 죽음의 수용소에서(20주년 기념보급판),"12,000","10,800",10%,5%,600,빅터 프랭클,청아출판사,20260102,시/에세이
9791124468050,S000219654405,다정한 사람이 이긴다(스페셜 양장 리커버판),"19,000","17,100",10%,5%,950,이해인,필름(Feelm),20260415,시/에세이
9791194184645,S000220338953,"안녕, 피터팬","22,000","19,800",10%,5%,"1,100",전경철,이야기장수,20260626,시/에세이
9788970128337,S000001068777,달리기를 말할 때 내가 하고 싶은 이야기,"14,500","13,050",10%,5%,720,무라카미 하루키,문학사상,20161215,시/에세이
9791162145418,S000219181415,구원에게,"18,000","16,200",10%,5%,900,정영욱,부크럼,20260205,시/에세이
9791162143605,S000001807614,잘했고 잘하고 있고 잘될 것이다(50만부 기념),"18,000","16,200",10%,5%,900,정영욱,부크럼,20210514,시/에세이
9791168341890,S000213077352,제철 행복,"17,800","16,020",10%,5%,890,김신지,인플루엔셜,20240425,시/에세이
9791193153710,S000216730154,너를 아끼며 살아라,"18,500","16,650",10%,5%,920,나태주,더블북,20250612,시/에세이
9788956605418,S000000828212,월든(완결판),"13,000","11,700",10%,5%,650,헨리 데이빗 소로우,은행나무,20251027,시/에세이
9791194280958,S000214962079,하늘과 바람과 별과 시(초판본),"2,990","2,700",10%,5%,140,윤동주,더스토리,20241215,시/에세이
9791188469994,S000001914848,당신은 결국 무엇이든 해내는 사람(특별 리커버 에디션),"17,000","15,300",10%,5%,850,김상현,필름(Feelm),20220420,시/에세이
9791157280292,S000001752581,꽃을 보듯 너를 본다(100만 부 기념 에디션)(리커버:K),"13,000","11,700",10%,5%,650,나태주,지혜,20201130,시/에세이
9791122102505,S000221334752,내 기분까지 내 책임이라니,"22,000","19,800",10%,5%,"1,100",오원,스테이션,20260924,시/에세이
9791169852166,S000220807155,불행에 몰두하지 않는다,"18,500","16,650",10%,5%,920,정지우,페이지2북스,20260819,시/에세이
9791191369786,S000220177925,싫어하는 사람을 사라지게 하는 방법,"17,200","15,480",10%,5%,860,호리 모토코,딥앤와이드,20260608,시/에세이
9791162146170,S000221331034,이런 말을 듣고 싶었나 보다,"18,000","16,200",10%,5%,900,권지은,부크럼,20260918,시/에세이
9791124065785,S000221046066,기쁨에도 슬픔에도 아랑곳없이,"22,000","19,800",10%,5%,"1,100",박준,난다,20260825,시/에세이
9791124038574,S000220356213,너의 행복은 나의 기쁨이야,"19,800","17,820",10%,5%,990,정한경,북로망스,20260708,시/에세이
9788901297842,S000218276597,기분이 태도가 되지 않게(헬로키티 레드에디션),"18,000","16,200",10%,5%,900,레몬심리,갤리온,20251112,시/에세이
9791197377150,S000001986137,나는 나로 살기로 했다(영미권 출간기념 특별판),"17,500","15,750",10%,5%,870,김수현,클레이하우스,20220204,시/에세이
9788962452495,S000221075124,공무원 어휘 도감,"19,800","17,820",10%,5%,990,서은희 외,이비락,20260831,시/에세이
9791124065648,S000220221384,어깨에 머리를 기대던 시절,"13,000","11,700",10%,5%,650,고명재,난다,20260619,시/에세이
9791193282649,S000219442630,모든 날들이 행복했으면 좋겠어,"18,800","16,920",10%,5%,940,갱여운,하이스트,20260325,시/에세이
9788937409288,S000200866691,당신의 세계는 아직도 바다와 빗소리와 작약을 취급하는지,"13,000","11,700",10%,5%,650,김경미,민음사,20230127,시/에세이
9788952236753,S000000722174,모리와 함께한 화요일,"15,000","13,500",10%,5%,750,미치 앨봄,살림,20170616,시/에세이
9791186900222,S000001894141,새는 날아가면서 뒤돌아보지 않는다,"14,000","12,600",10%,5%,700,류시화,더숲,20170225,시/에세이
9791122106305,S000221380450,해고된 김에 교토,"19,500","17,550",10%,5%,970,노푸름,상록의서가,20260930,시/에세이
9791124497029,S000219714829,사춘기 엄마의 오장육부,"17,800","16,020",10%,5%,890,나민애,서교책방,20260420,시/에세이
9788936812607,S000217402426,죽음의 수용소에서,"16,000","14,400",10%,5%,800,빅터 프랭클,청아출판사,20250910,시/에세이
9788933872482,S000214976322,한 말씀만 하소서,"17,000","15,300",10%,5%,850,박완서,세계사,20241217,시/에세이
9788997381678,S000001615079,소년과 두더지와 여우와 말,"22,000","19,800",10%,5%,"1,100",찰리 맥커시,상상의힘,20200420,시/에세이
9788947527934,S000000695240,바보 빅터,"16,800","15,120",10%,5%,840,호아킴 데 포사다 외,한국경제신문사,20181224,시/에세이
9791193739303,S000220938686,소설가라는 이상한 직업 2,"19,000","17,100",10%,5%,950,장강명,유유히,20260917,시/에세이
9791199007772,S000219916123,우린 반드시 행복해진다,"18,500","16,650",10%,5%,920,조성용,북갈피,20260515,시/에세이
9788901297453,S000217577549,나는 메트로폴리탄 미술관의 경비원입니다,"18,500","16,650",10%,5%,920,패트릭 브링리,웅진지식하우스,20250925,시/에세이
9788932043272,S000214645193,사랑과 멸종을 바꿔 읽어보십시오,"12,000","10,800",10%,5%,600,유선혜,문학과지성사,20241028,시/에세이
9791169851008,S000214377566,와일드,"22,000","19,800",10%,5%,"1,100",셰릴 스트레이드,페이지2북스,20240925,시/에세이
9791167743312,S000221327624,난파선의 선장들,"17,800","16,020",10%,5%,890,김새섬 외,어크로스,20260918,시/에세이
9791141618568,S000220843962,잊기 좋은 이름,"17,500","15,750",10%,5%,870,김애란,문학동네,20260824,시/에세이
9791193937693,S000217602005,어른의 품위,"19,500","17,550",10%,5%,970,최서영,북로망스,20251001,시/에세이
9791168031234,S000217004530,"필사, 어른이 되는 시간","18,500","16,650",10%,5%,920,나태주,북로그컴퍼니,20250707,시/에세이
9791130664521,S000216032510,문학을 사랑하는 젊은이들에게,"17,000","15,300",10%,5%,850,박경리,다산책방,20250313,시/에세이
9788970125930,S000213494530,이렇게 작지만 확실한 행복,"16,000","14,400",10%,5%,800,무라카미 하루키,문학사상,20240610,시/에세이
9791169780957,S000221261416,수원에서의 나날,"22,000","19,800",10%,5%,"1,100",고영표 외,브레인스토어,20261002,시/에세이
9791176215428,S000221359614,모든 인간에게서 신을 본다,"17,000","15,300",10%,5%,850,김창호,바른북스,20260924,시/에세이
9791122020601,S000221373194,햇살샤워,"16,000","14,400",10%,5%,800,백가연,얼리썸머프레스,20260910,시/에세이
9791124137611,S000220789153,조용히 해내는 사람,"17,800","16,020",10%,5%,890,이재은,빅피시,20260819,시/에세이
9791176612500,S000220662389,아메리칸 서바이벌,"22,000","19,800",10%,5%,"1,100",올리버 샨 그랜트 외,21세기북스,20260727,시/에세이
9791199327887,S000220241808,나의 지옥은 나를 죽이지 못했다,"19,000","17,100",10%,5%,950,김강우,책과삶,20260625,시/에세이
9791194184638,S000220292539,일상주의자의 감각,"18,000","16,200",10%,5%,900,김이나,이야기장수,20260624,시/에세이
9791194741978,S000219336973,혼잣말까지 다정한 사람,"16,800","15,120",10%,5%,840,황예현,포레스트 웨일,20260225,시/에세이
9791199308619,S000219013470,소중한 사람아 꼭 행복해줘,"15,000","13,500",10%,5%,750,신우,필로맨틱,20260115,시/에세이
9791199555112,S000218979839,일본 광고 카피 도감,"18,800","16,920",10%,5%,940,오하림,서교책방,20260114,시/에세이
9791198210852,S000218192096,처음부터 끝까지 고백,"16,800","15,120",10%,5%,840,주또(이주영),시선과단상,20251017,시/에세이
9791170872580,S000215666905,"우리, 나이 드는 존재","16,800","15,120",10%,5%,840,고금숙 외,휴머니스트,20250217,시/에세이
9791189198640,S000001923905,마더북,"18,500","16,650",10%,5%,920,반비 편집부,반비,20190426,시/에세이
9791198978387,S000221151671,오래 머무는 마음,"18,000","16,200",10%,5%,900,나태주,OTD,20260928,시/에세이
9788965968528,S000221268323,혼자 영화관에 갔어,"18,000","16,200",10%,5%,900,김소미,흐름출판,20260911,시/에세이
9791124502020,S000219973683,행복,"20,000","18,000",10%,5%,"1,000",법륜,정토출판,20260512,시/에세이
9791192559070,S000216485879,사는 동안 틈틈이 행복합시다,"17,800","16,020",10%,5%,890,박근호,히읏,20250514,시/에세이
9788932042725,S000213044371,누군가를 이토록 사랑한 적,"12,000","10,800",10%,5%,600,이병률,문학과지성사,20240424,시/에세이
9791162851449,S000211346744,부자수업(마음부자 에디션),"20,000","18,000",10%,5%,"1,000",법상,마음의숲,20231111,시/에세이
9791159259111,S000200101025,0원으로 사는 삶,"19,500","17,550",10%,5%,970,박정미,들녘,20221028,시/에세이
9791170400608,S000061353411,너무 잘하려고 애쓰지 마라,"14,000","12,600",10%,5%,700,나태주,열림원,20220531,시/에세이
9788991418318,S000001474329,걷는 독서,"23,000","20,700",10%,5%,"1,150",박노해,느린걸음,20210607,시/에세이
9788937408915,S000000618420,숲의 소실점을 향해,"13,000","11,700",10%,5%,650,양안다,민음사,20200528,시/에세이
9791160401967,S000001790337,슬픔을 공부하는 슬픔,"16,000","14,400",10%,5%,800,신형철,한겨레출판,20180922,시/에세이
9788937461309,S000000620267,자기만의 방·3기니,"14,000","12,600",10%,5%,700,버지니아 울프,민음사,20080919,시/에세이
9788940302125,S000000641779,나는 누구인가,"11,000","9,900",10%,5%,550,라마나 마하라쉬,청하,20050527,시/에세이
9791199344082,S000221383778,나를 찾아온 아이와 시간을 기록하는 100일 필사,"18,000","16,200",10%,5%,900,별타쌤(박지영),노네임아트북(Noname Art Book),20261005,시/에세이
9791175488762,S000221333609,우정과 허기를 버무린 우리들의 시간,"19,000","17,100",10%,5%,950,파뿌리,와이즈베리,20260930,시/에세이
9791162851944,S000221231529,참치보다 더 사랑하는 너에게: 고양이별에서 도착한 편지,"17,000","15,300",10%,5%,850,사라 찬시,마음의숲,20260917,시/에세이
9791198947338,S000221248750,딸에게 물려주는 엄마의 독서노트,"18,500","16,650",10%,5%,920,고은아 외,문화다방,20260909,시/에세이
9788932045702,S000221032013,무서운 이야기,"13,000","11,700",10%,5%,650,김행숙,문학과지성사,20260825,시/에세이
9791168031647,S000220937710,일인분의 삶,"18,800","16,920",10%,5%,940,나태주 외,북로그컴퍼니,20260824,시/에세이
9791168031494,S000220036575,모든 사랑스러운 말들은 너를 위해 태어난 것 같다,"19,800","17,820",10%,5%,990,정영욱,북로그컴퍼니,20260521,시/에세이
9791124591000,S000219940450,미세 행복 도감,"18,000","16,200",10%,5%,900,썩어라 수시생,포레스트북스,20260513,시/에세이
9791141603373,S000219790831,백지 앞에서,"17,500","15,750",10%,5%,870,최은영,문학동네,20260430,시/에세이
9788937409592,S000219785881,늑대처럼 싱싱하게 울고 싶었다,"13,000","11,700",10%,5%,650,문정희,민음사,20260420,시/에세이
9788937409578,S000218795472,아무도 미워하지 않고 한 계절이 지나갔다,"13,000","11,700",10%,5%,650,김이듬,민음사,20251212,시/에세이
9791187297819,S000214875899,스님의 주례사,"18,000","16,200",10%,5%,900,법륜,정토출판,20241209,시/에세이
9791141600778,S000213513712,당근밭 걷기,"12,000","10,800",10%,5%,600,안희연,문학동네,20240615,시/에세이
9791141077761,S000213834312,토마토 컵라면(스페셜 에디션),"9,000","8,100",10%,5%,450,차정은,부크크(Bookk),20240408,시/에세이
9791198375308,S000203197818,결혼ㆍ여름,"22,000","19,800",10%,5%,"1,100",알베르 카뮈,녹색광선,20230804,시/에세이
9791198023346,S000200468038,사랑,"10,000","9,000",10%,5%,500,김순임 외 71명 외,파도,20221222,시/에세이
9791191200676,S000200135437,오래 보아야 사랑스럽다,"6,900","6,210",10%,5%,340,나태주,자화상,20221101,시/에세이
9788970845289,S000001086041,우리들의 파리가 생각나요,"16,000","14,400",10%,5%,800,정현주,예경,20150508,시/에세이
9788931007381,S000000549093,헤르만 헤세 시집,"16,800","15,120",10%,5%,840,헤르만 헤세,문예출판사,20130520,시/에세이
9791190533867,S000221383612,평일,"17,000","15,300",10%,5%,850,이시다 센,1984BOOKS,20260924,시/에세이
9791139234770,S000221381826,"사람은 입사 후, 비로소 보인다","16,800","15,120",10%,5%,840,박종민,지식과감성,20260923,시/에세이
9791199235663,S000221326856,속력을 내는 일에는 사랑이 필요하다고,"16,000","14,400",10%,5%,800,김해경,출판사 결,20260918,시/에세이
9791158546434,S000221268647,너에게 가는 봄,"18,000","16,200",10%,5%,900,나순단,학이사,20260915,시/에세이
9791142364235,S000221327747,사랑스러운 강아지 2,"18,000","16,200",10%,5%,900,몰티즈,대원앤북,20260915,시/에세이
9791194324904,S000221163025,모국어는 차라리 침묵,"19,000","17,100",10%,5%,950,목정원,아침달,20260910,시/에세이
9791199303713,S000220806986,내 심장을 줄게,"17,000","15,300",10%,5%,850,오수진,소소사,20260907,시/에세이
9791190738378,S000221075122,"무엇보다, 먼저 평범한 사람이 되어","33,000","29,700",10%,5%,"1,650",정기용,플레인아카이브,20260829,시/에세이
9791188343966,S000220860817,"아무튼, 사주","12,000","10,800",10%,5%,600,정홍칼리,제철소,20260813,시/에세이
9791162145494,S000220694420,괜찮다고 말해 주고 싶어서,"18,000","16,200",10%,5%,900,여우별,부크럼,20260729,시/에세이
9791170527404,S000220339685,좋아한다 말하기엔 조금 숨이 차지만,"16,800","15,120",10%,5%,840,김연수 외,판미동,20260624,시/에세이
9791175910805,S000220035443,여행의 감각,"23,000","20,700",10%,5%,"1,150",무과수,위즈덤하우스,20260603,시/에세이
9788997381005,S000217556557,언제나 기억해,"22,000","19,800",10%,5%,"1,100",찰리 맥커시,상상의힘,20251009,시/에세이
9791175240841,S000217594263,탈무드(초판본)(1853년 오리지널 초판본 표지디자인),"2,980","2,690",10%,5%,140,유대교 랍비,더스토리,20250930,시/에세이
9788932044590,S000217735566,축 생일,"12,000","10,800",10%,5%,600,김선우,문학과지성사,20250923,시/에세이
9791194184331,S000216681239,인생을 바꾸는 이메일 쓰기,"17,800","16,020",10%,5%,890,이슬아,이야기장수,20250612,시/에세이
9791170403203,S000215556227,심장보다 단단한 토마토 한 알,"12,000","10,800",10%,5%,600,고선경,열림원,20250110,시/에세이
9791171713219,S000214913295,"반 고흐, 영혼의 편지","22,000","19,800",10%,5%,"1,100",빈센트 반 고흐,위즈덤하우스,20241204,시/에세이
9791193238493,S000214792812,당신을 알기 전에는 시 없이도 잘 지냈습니다,"16,000","14,400",10%,5%,800,류시화,수오서재,20241125,시/에세이
9791198886101,S000214395826,태도에 관하여(20만 부 기념 완결판),"18,000","16,200",10%,5%,900,임경선,토스트,20240924,시/에세이
9791190807296,S000213914858,당신은 반드시 잘될 사람,"17,500","15,750",10%,5%,870,라파엘,봄,20240802,시/에세이
9788936439545,S000213457781,우리의 여름에게,"14,000","12,600",10%,5%,700,최지은,창비,20240607,시/에세이
9791191114591,S000212972861,여행의 이유,"16,800","15,120",10%,5%,840,김영하,복복서가,20240417,시/에세이
9791191859379,S000200047384,인생의 역사,"18,000","16,200",10%,5%,900,신형철,난다,20221017,시/에세이
9791157956357,S000001761890,하늘과 바람과 별과 시,"13,000","11,700",10%,5%,650,윤동주100년포럼,스타북스,20220216,시/에세이
9791164051069,S000001824843,욕구들,"18,000","16,200",10%,5%,900,캐럴라인 냅,북하우스,20210517,시/에세이
9791196517199,S000001977412,시와 산책,"18,000","16,200",10%,5%,900,한정원,시간의흐름,20200630,시/에세이
9791186900789,S000001894173,좋은지 나쁜지 누가 아는가,"15,000","13,500",10%,5%,750,류시화,더숲,20190311,시/에세이
9788981332686,S000001255634,이 땅에 태어나서,"22,000","19,800",10%,5%,"1,100",정주영,솔,20150415,시/에세이
9788970638331,S000001079757,지금 알고 있는 걸 그때도 알았더라면,"10,000","9,000",10%,5%,500,류시화 ,열림원,20141203,시/에세이
9788996550105,S000001598970,내 인생의 해답,"30,000","27,000",10%,5%,"1,500",캐롤 볼트,쇼비,20140717,시/에세이
9788932024639,S000000569962,서랍에 저녁을 넣어 두었다,"12,000","10,800",10%,5%,600,한강,문학과지성사,20131115,시/에세이
9788947527712,S000000695218,우리들의 행복했던 순간들,"13,800","12,420",10%,5%,690,김호경,한국경제신문사,20100920,시/에세이
9788932004426,S000000568113,그 여름의 끝,"12,000","10,800",10%,5%,600,이성복,문학과지성사,19900601,시/에세이
8809856420169,S000221328870,"하루 한 장, 수북한 일력 2027","30,000","24,000",20%,1%,240,남씨,한스미디어,20261029,시/에세이
9788976048370,S000221336789,그리움이 나를 밀고 간다,"18,000","16,200",10%,5%,900,헤르만 헤세,문예춘추사,20261010,시/에세이
9791176821810,S000221337443,인생은 영화처럼 사랑은 명대사처럼,"18,800","16,920",10%,5%,940,조은영화,미다스북스,20260930,시/에세이
9791122029451,S000221270906,문전박대가 취미입니다만,"16,000","14,400",10%,5%,800,김호이,온프북스,20260930,시/에세이
9791199620551,S000221330135,노을(NOEUL),"12,000","10,800",10%,5%,600,강명승,휘람,20260915,시/에세이
9788932045771,S000221338110,시 보다 2026,"10,000","9,000",10%,5%,500,구윤재 외,문학과지성사,20260915,시/에세이
9791198638847,S000221334893,교토의 마음들,"15,000","13,500",10%,5%,750,소원,닢(라이프마인드),20260910,시/에세이
9791124336595,S000221228051,질투 수련,"18,000","16,200",10%,5%,900,이예지,세미콜론,20260909,시/에세이
9791124789018,S000221108280,나무의 노래,"22,000","19,800",10%,5%,"1,100",진재운,생각의힘,20260903,시/에세이
9791155819142,S000221327994,우리가 가진 슬프고 아름다운 것들 : 가족 이야기,"25,000","22,500",10%,5%,"1,250",마이라 칼만,윌북,20260830,시/에세이
9791141603533,S000220956633,차라투스트라는 이렇게 말했다,"25,000","22,500",10%,5%,"1,250",프리드리히 니체,문학동네,20260825,시/에세이
9791141615970,S000220996773,헤르만 헤세의 꿈의 선물,"22,000","19,800",10%,5%,"1,100",헤르만 헤세,문학동네,20260825,시/에세이
9788901300542,S000220921847,나의 엄마는 도시의 청소부입니다,"19,500","17,550",10%,5%,970,장샤오만,웅진지식하우스,20260824,시/에세이
9791199669093,S000221109523,응답의 시,"16,700","15,030",10%,5%,830,김혜순 외,얼굴들,20260821,시/에세이
9788970121765,S000220807744,하루키의 여행법,"16,800","15,120",10%,5%,840,무라카미 하루키,문학사상,20260818,시/에세이
9791124307090,S000220490589,우리는 목적지를 묻지 않기로 했다,"19,800","17,820",10%,5%,990,이정기,타블라라사,20260716,시/에세이
9791124497074,S000220563050,누구에게나 가슴을 후벼파는 대사 한마디가 있다(사철제본),"22,000","19,800",10%,5%,"1,100",정덕현,서교책방,20260715,시/에세이
9788937449413,S000220160556,아무것도 간절하지 않은 날의 기술,"18,000","16,200",10%,5%,900,최혜진,민음사,20260605,시/에세이
9791199889316,S000220004439,엄마의 마음,"19,800","17,820",10%,5%,990,김종원,퍼스트펭귄,20260522,시/에세이
9791173326424,S000220036171,생의 모닥불,"19,800","17,820",10%,5%,990,능행 스님,김영사,20260520,시/에세이
9788946423305,S000219854361,도스토옙스키 번역 일기,"28,000","25,200",10%,5%,"1,400",김정아,샘터(샘터사),20260508,시/에세이
9791198404435,S000219751889,그저 달리기인 줄 알았는데 삶이었다,"18,800","16,920",10%,5%,940,강주원,비로소,20260427,시/에세이
9791130676630,S000219796204,꾸준함을 기르는 일,"18,000","16,200",10%,5%,900,수풀림,다산북스,20260424,시/에세이
9791187232629,S000219508068,사랑이 있으니 살아집디다,"18,000","16,200",10%,5%,900,유시민 외,은빛,20260325,시/에세이
9791193282601,S000219080544,다크 심리학: 연애의 법칙,"19,800","17,820",10%,5%,990,다크 마인드,다크마인드북스,20260128,시/에세이
9788937409585,S000218795284,회신 지연,"13,000","11,700",10%,5%,650,나하늘,민음사,20251216,시/에세이
9791192884486,S000218749800,유원지 왔니?,"13,000","11,700",10%,5%,650,강상헌,봄날의책,20251205,시/에세이
9791199364431,S000217935429,내 모든 것,"21,000","18,900",10%,5%,"1,050",오정미,무제(MUZE),20250929,시/에세이
9791173323027,S000217393638,호의에 대하여,"18,800","16,920",10%,5%,940,문형배,김영사,20250828,시/에세이
9791162145524,S000216880002,무너지지 않으려 애쓰는 너에게,"17,000","15,300",10%,5%,850,예원,부크럼,20250626,시/에세이
9791193937655,S000216465298,우리의 낙원에서 만나자,"19,500","17,550",10%,5%,970,하태완,북로망스,20250521,시/에세이
9791162145401,S000216318773,당신이 정말로 잘됐으면 하는 마음에,"18,000","16,200",10%,5%,900,태오,부크럼,20250421,시/에세이
9791194591375,S000215970400,사슴(초판본)(1936년 오리지널 초판본 표지디자인),"2,980","2,690",10%,5%,140,백석,더스토리,20250328,시/에세이
9791187297789,S000214875901,인생수업,"19,000","17,100",10%,5%,950,법륜,정토출판,20241209,시/에세이
9788937416453,S000214883082,먼 산의 기억,"28,000","25,200",10%,5%,"1,400",오르한 파묵,민음사,20241108,시/에세이
9791193166659,S000214180501,예술 도둑,"17,800","16,020",10%,5%,890,마이클 핀클,생각의힘,20240920,시/에세이
9788901288420,S000214350871,우리는 서로의 얼굴을 오래보았다,"17,000","15,300",10%,5%,850,김영롱,웅진지식하우스,20240920,시/에세이
9791141601164,S000214094210,고요한 읽기,"17,000","15,300",10%,5%,850,이승우,문학동네,20240828,시/에세이
9791192884356,S000213471645,미래의 손,"13,000","11,700",10%,5%,650,차도하,봄날의책,20240531,시/에세이
9791130651804,S000212892774,결국 해내면 그만이다,"17,000","15,300",10%,5%,850,정영욱,놀,20240409,시/에세이
9791171711581,S000212426112,파타,"22,000","19,800",10%,5%,"1,100",문가영,위즈덤하우스,20240306,시/에세이
9788976046529,S000212302920,삶을 견디는 기쁨,"16,800","15,120",10%,5%,840,헤르만 헤세,문예춘추사,20240228,시/에세이
9791189352745,S000211654427,내가 한 말을 내가 오해하지 않기로 함,"19,800","17,820",10%,5%,990,문상훈,위너스북,20240105,시/에세이
9791171710867,S000211646785,그대는 나의 여름이 되세요,"17,000","15,300",10%,5%,850,서덕준,위즈덤하우스,20231214,시/에세이
9788954696012,S000210141299,샤워젤과 소다수,"12,000","10,800",10%,5%,600,고선경,문학동네,20231019,시/에세이
9788901270364,S000201462481,나는 죽을 때까지 재미있게 살고 싶다(40만 부 기념 에디션),"17,000","15,300",10%,5%,850,이근후,갤리온,20230417,시/에세이
9791191859140,S000001953531,어떤 나무들은,"16,000","14,400",10%,5%,800,최승자,난다,20211214,시/에세이
9788954682718,S000000781142,다 먹을 때쯤 영원의 머리가 든 매운탕이 나온다,"12,000","10,800",10%,5%,600,김현,문학동네,20211010,시/에세이
9788946421813,S000000687576,스스로 행복하라,"18,000","16,200",10%,5%,900,법정,샘터(샘터사),20210519,시/에세이
9791197032127,S000001983019,영원,"10,000","9,000",10%,5%,500,김수빈 외,파도,20210308,시/에세이
9791189932671,S000001933238,명랑한 은둔자,"16,000","14,400",10%,5%,800,캐럴라인 냅,바다출판사,20200904,시/에세이
9791188469468,S000001914822,내가 죽으면 장례식에 누가 와줄까(15만 부 기념 리커버 에디션),"17,500","15,750",10%,5%,870,김상현,필름(Feelm),20200116,시/에세이
9791188343225,S000001913367,"아무튼, 술","12,000","10,800",10%,5%,600,김혼비,제철소,20190507,시/에세이
9791160944426,S000001796929,100 인생 그림책,"22,000","19,800",10%,5%,"1,100",하이케 팔러,사계절,20190222,시/에세이
9788932034942,S000000570399,우리가 함께 장마를 볼 수도 있겠습니다,"13,000","11,700",10%,5%,650,박준,문학과지성사,20181213,시/에세이
9788937437496,S000000619718,인연,"15,000","13,500",10%,5%,750,피천득,민음사,20180518,시/에세이
9788932030395,S000000570297,바다는 잘 있습니다,"12,000","10,800",10%,5%,600,이병률,문학과지성사,20170920,시/에세이
9788954619578,S000000778485,당신의 이름을 지어다가 며칠은 먹었다,"12,000","10,800",10%,5%,600,박준,문학동네,20170630,시/에세이
9788925561820,S000000478717,가장 예쁜 생각을 너에게 주고 싶다,"15,000","13,500",10%,5%,750,나태주,알에이치코리아,20170607,시/에세이
9788937429040,S000000619307,자기만의 방,"8,800","7,920",10%,5%,440,버지니아 울프,민음사,20161125,시/에세이
9788972757719,S000001123668,직업으로서의 소설가,"16,800","15,120",10%,5%,840,무라카미 하루키,현대문학,20160425,시/에세이
9788937407666,S000000618298,나쁜 소년이 서 있다,"13,000","11,700",10%,5%,650,허연,민음사,20090416,시/에세이
9788995501474,S000001573836,사랑하라 한번도 상처받지 않은 것처럼,"10,000","9,000",10%,5%,500,류시화,오래된미래,20081024,시/에세이
9791175984776,S000221359597,처음 만나는 의사과학자,"19,800","17,820",10%,5%,990,정재욱,북랩,20260930,시/에세이
9791176821766,S000221328319,어차피 나의 취향,"18,500","16,650",10%,5%,920,김미향,미다스북스,20260929,시/에세이
9791175984417,S000221353648,마지막 주치의,"18,000","16,200",10%,5%,900,정재욱,북랩,20260929,시/에세이
9788946423435,S000221359573,아무 일도 일어나지 않는 내일이 되길,"18,000","16,200",10%,5%,900,강두철,샘터(샘터사),20260928,시/에세이
9791122125016,S000221383635,있는 힘껏 비겁하기,"12,000","10,800",10%,5%,600,설현민,에피케,20260925,시/에세이
9791193627112,S000221355775,상실,"10,000","9,000",10%,5%,500,최사비 외 58명,파도,20260923,시/에세이
9788932045788,S000221368162,단디 봐라,"13,000","11,700",10%,5%,650,최재원,문학과지성사,20260921,시/에세이
9791160233650,S000221255388,"잘했다, 잘했어","17,000","15,300",10%,5%,850,김영순,천개의정원,20260918,시/에세이
9791168031654,S000221337291,꽃피다,"22,000","19,800",10%,5%,"1,100",나태주,북로그컴퍼니,20260917,시/에세이
9791175911253,S000221229003,시에 기대어 나를 안았다,"18,500","16,650",10%,5%,920,나태주 외,위즈덤하우스,20260916,시/에세이
9791176215138,S000221330647,나는 은퇴하지 않았다,"18,000","16,200",10%,5%,900,신준규,바른북스,20260916,시/에세이
9791167919311,S000221327641,"은퇴 부부, 오늘도 내편입니다","16,800","15,120",10%,5%,840,이근임,메이킹북스,20260916,시/에세이
9791168344259,S000221280809,서울 풍류,"18,000","16,200",10%,5%,900,은모든,인플루엔셜,20260915,시/에세이
9791173328237,S000221261462,내가 좋아하는 방향으로,"17,800","16,020",10%,5%,890,권화운,김영사,20260911,시/에세이
9791193749531,S000221268381,나는 오롯이 나로 편안합니다,"18,000","16,200",10%,5%,900,강가희,느린서재,20260910,시/에세이
9791167528377,S000221031622,"너에게, 들려주고 싶은 이야기","15,000","13,500",10%,5%,750,윤정연,책과나무,20260910,시/에세이
9791175350335,S000221283458,자애,"15,000","13,500",10%,1%,150,연제진,가온,20260910,시/에세이
9791124030035,S000221263852,지독하게 평범한 40대 퇴사러의  우당탕탕 생존 모색기,"18,000","16,200",10%,5%,900,정지원,책읽는수요일,20260909,시/에세이
9791193771051,S000221178815,우리는 서로 다른 이름으로 같은 밤을 지나왔다,"15,000","13,500",10%,5%,750,조 다니엘,들숨날숨,20260908,시/에세이
9788946423428,S000221151666,달라서 다투고 다르니까 사랑한다,"18,000","16,200",10%,5%,900,박현정,샘터(샘터사),20260907,시/에세이
9791169095983,S000220931152,절룩거리며 찾아나선 정화의 순간들,"17,000","15,300",10%,5%,850,김신록,글항아리,20260904,시/에세이
9791192638980,S000221109314,치부 노트,"18,800","16,920",10%,5%,940,정성은,안온북스,20260902,시/에세이
9791199150942,S000221353853,요즘 어때,"18,000","16,200",10%,5%,900,에드윈 킴 외,레벤북스,20260901,시/에세이
9791190999267,S000221031598,카페 라움,"16,000","14,400",10%,5%,800,김수진,시간의흐름,20260901,시/에세이
9791191884654,S000221373655,경제학자는 오늘도 동네책방에 갑니다,"23,000","20,700",10%,5%,"1,150",김인규,우리나비,20260831,시/에세이
9791141618858,S000221061676,빛과 소리를 만져보면,"19,000","17,100",10%,5%,950,박주환,문학동네,20260831,시/에세이
9791199136663,S000220923380,나는 당신이 빈틈없이 행복했으면 좋겠습니다,"18,000","16,200",10%,5%,900,이혁,새벽녘,20260826,시/에세이
9791193044469,S000220938307,저 지금 탑승합니다,"18,000","16,200",10%,5%,900,정보라,위고,20260825,시/에세이
9788936425425,S000220859602,두나 없는 두나,"13,000","11,700",10%,5%,650,김상희,창비,20260819,시/에세이
9791199848009,S000220503143,제법 쓸 만한 인생,"19,000","17,100",10%,5%,950,윤혜연,달먹는토끼,20260815,시/에세이
9788965968511,S000220783484,아주 먼 산책,"19,000","17,100",10%,5%,950,최수향,흐름출판,20260811,시/에세이
9788946423411,S000220782792,"이, 한 권의 시집","52,000","46,800",10%,5%,"2,600",나태주,샘터(샘터사),20260806,시/에세이
9791194880981,S000220704820,지키기 위해 지지 않기 위해,"19,800","17,820",10%,5%,990,김세희,생각의힘,20260805,시/에세이
9791172612870,S000220693922,최애는 부처님,"19,000","17,100",10%,5%,950,비구니연습생,불광출판사,20260730,시/에세이
9791173326462,S000220466402,날마다 이기는 게임,"15,500","13,950",10%,5%,770,요시타케 신스케,김영사,20260729,시/에세이
9791173326721,S000220510185,"채소의 기분, 바다표범의 키스","17,000","15,300",10%,5%,850,무라카미 하루키,비채,20260710,시/에세이
9791192532622,S000220511339,동행,"15,000","13,500",10%,5%,750,정명석,명문,20260710,시/에세이
9791142353826,S000220455606,사랑스러운 강아지,"18,000","16,200",10%,5%,900,몰티즈,대원앤북,20260708,시/에세이
9791170403876,S000220573908,우리는 서로가 기도이고 꽃이다,"17,800","16,020",10%,5%,890,나태주,열림원,20260708,시/에세이
9791175158702,S000220350264,난생처음 번역,"17,800","16,020",10%,5%,890,이소담,티라미수 더북,20260706,시/에세이
9791199801271,S000220307330,출근 인사,"23,000","20,700",10%,5%,"1,150",유희경,핀드,20260701,시/에세이
9791176213189,S000220363602,하늘만큼 땅만큼 사랑해,"16,800","15,120",10%,5%,840,인숙형,바른북스,20260629,시/에세이
9791169780841,S000220048913,수빈의 두산 두산의 수빈,"22,000","19,800",10%,5%,"1,100",정수빈 외,브레인스토어,20260619,시/에세이
9791193044407,S000220225623,"아무튼, 전화영어","12,000","10,800",10%,5%,600,문보영,위고,20260615,시/에세이
9791190764360,S000220176876,나의 다정함에게,"17,500","15,750",10%,5%,870,김혜진,좋은북스,20260612,시/에세이
9791124065495,S000220152774,만일 그대가 나보다 먼저 간다면,"13,000","11,700",10%,5%,650,허수경,난다,20260609,시/에세이
9791124065556,S000220004212,남들이 내려올 때 올라갔다,"19,800","17,820",10%,5%,990,이문재,난다,20260520,시/에세이
9791175910751,S000219972800,수련의 말들,"19,500","17,550",10%,5%,970,요가소년,위즈덤하우스,20260514,시/에세이
9791167141552,S000219881248,네가 어떤 삶을 살든 나는 너를 응원할 것이다 2,"19,000","17,100",10%,5%,950,공지영,해냄출판사,20260504,시/에세이
9791173326134,S000219853105,오독의 발견,"18,800","16,920",10%,5%,940,김민철,김영사,20260430,시/에세이
9791141615444,S000219664535,어머니 내게 오시네,"22,000","19,800",10%,5%,"1,100",아룬다티 로이,문학동네,20260413,시/에세이
9791130675381,S000219545168,산다는 슬픔,"14,000","12,600",10%,5%,700,박경리,다산책방,20260327,시/에세이
9791199405868,S000219247904,"아무튼, 메모","12,000","10,800",10%,5%,600,정혜윤,녹스,20260220,시/에세이
9791142345067,S000219152415,나도 꽃인데 나만 그걸 몰랐네,"18,000","16,200",10%,5%,900,나태주,니들북,20260213,시/에세이
9791197767029,S000219075312,내세우지 않는 귀한 마음,"17,000","15,300",10%,5%,850,유형길,문장의힘,20260124,시/에세이
9791190533768,S000218980158,세상의 빛,"17,000","15,300",10%,5%,850,크리스티앙 보뱅 외,THE CIRCLE PRESS,20260122,시/에세이
9788985392099,S000219025160,2026 신춘문예 당선시집,"14,000","12,600",10%,5%,700,김남주 외,문학마을,20260120,시/에세이
9791194087946,S000218821316,그저 하루치의 낙담,"18,800","16,920",10%,5%,940,박선영,반비,20251217,시/에세이
9788959139309,S000000888070,어쩌면 별들이 너의 슬픔을 가져갈지도 몰라(출간10주년 기념 리커버 에디션),"19,000","17,100",10%,5%,950,김용택,위즈덤하우스,20251201,시/에세이
9791124028148,S000218353342,시가 나에게 살라고 한다 필사집,"23,000","20,700",10%,5%,"1,150",나태주,앤드(&),20251125,시/에세이
9791169851688,S000218438029,외롭다면 잘 살고 있는 것이다,"18,000","16,200",10%,5%,900,부아c,페이지2북스,20251119,시/에세이
9791173322716,S000218299826,학문의 즐거움,"16,800","15,120",10%,5%,840,히로나카 헤이스케,김영사,20251115,시/에세이
9791175240476,S000217939680,악의 꽃(초판본)(1857년 오리지널 초판본 표지디자인),"3,980","3,590",10%,5%,190,샤를 피에르 보들레르,더스토리,20250930,시/에세이
9791193627068,S000217570961,청춘,"10,000","9,000",10%,5%,500,정성주 외 47명,파도,20250923,시/에세이
9791198945631,S000217222924,등잔 밑 행복,"18,500","16,650",10%,5%,920,박신아,유음북스,20250808,시/에세이
9791191922271,S000217026938,"친구여, 나의 삶에서 내가 그대 삶 속의 그대에게 씁니다","18,000","16,200",10%,5%,900,Yiyun Li,코호북스,20250707,시/에세이
9791199118300,S000216864992,담장너머,"18,000","16,200",10%,1%,180,최하목,백스크레처,20250630,시/에세이
9791193027509,S000216865588,"마음을 두고 온 곳, 세계의 구멍가게 이야기","28,000","25,200",10%,5%,"1,400",이미경,남해의봄날,20250627,시/에세이
9791193627051,S000216838578,낭만,"10,000","9,000",10%,5%,500,최이현 외 46명,파도,20250621,시/에세이
9791194184348,S000216853438,최선을 다하면 죽는다,"16,000","14,400",10%,5%,800,황선우 외,이야기장수,20250620,시/에세이
9791167375612,S000216695802,눈이 부시게 푸르른 날은,"15,000","13,500",10%,5%,750,서정주,은행나무,20250530,시/에세이
9791188087488,S000216668971,월든,"13,500","12,150",10%,5%,670,헨리 데이비드 소로,펭귄랜덤하우스코리아,20250530,시/에세이
9791172132606,S000216668744,아침의 피아노,"17,000","15,300",10%,5%,850,김진영,한겨레출판,20250520,시/에세이
9791198210845,S000216485621,나는 지금의 당신이 좋다,"16,800","15,120",10%,5%,840,하림,시선과단상,20250516,시/에세이
9788937428371,S000216551219,나와 맞지 않는 것을 하지 않는 것,"16,000","14,400",10%,5%,800,요시모토 바나나,민음사,20250515,시/에세이
9791173552199,S000216326326,지나온 계절은  전부 내 감정이었다,"19,500","17,550",10%,5%,970,원울,미다스북스,20250424,시/에세이
9791193153659,S000216233054,"행복아, 어서 와","17,800","16,020",10%,5%,890,나태주,더블북,20250410,시/에세이
9791171713868,S000216254963,버터밀크 그래피티,"23,800","21,420",10%,5%,"1,190",에드워드 리,위즈덤하우스,20250409,시/에세이
9788960909274,S000216249068,숲을 읽는 사람,"17,000","15,300",10%,5%,850,허태임,마음산책,20250405,시/에세이
9791194280811,S000215970584,자기만의 방(초판본)(1929년 오리지널 초판본 표지 디자인),"2,980","2,690",10%,5%,140,버지니아 울프,더스토리,20250328,시/에세이
9788946423015,S000215850011,진짜 나를 찾아라,"20,000","18,000",10%,5%,"1,000",법정,샘터(샘터사),20250225,시/에세이
9788932924953,S000215723834,고상하고 천박하게,"16,000","14,400",10%,5%,800,김사월 외,열린책들,20250210,시/에세이
9791198944047,S000215527806,좋은 사람 도감,"16,800","15,120",10%,5%,840,묘엔 스구루 외,서교책방,20250120,시/에세이
9791171713424,S000215131258,살아갈 날들을 위한 공부,"18,000","16,200",10%,5%,900,레프 톨스토이,위즈덤하우스,20250108,시/에세이
9791190807319,S000215103912,시간의 위로,"18,500","16,650",10%,5%,920,서은,지식인하우스,20250107,시/에세이
9791193300398,S000215008541,망그러진 만화 3,"17,800","16,020",10%,5%,890,유랑,좋은생각,20241220,시/에세이
9791173320248,S000214961769,오늘도 잘 살았네 필사 에디션,"16,800","15,120",10%,5%,840,고은지,김영사,20241216,시/에세이
9791141601454,S000214761858,사랑하고 선량하게 잦아드네,"12,000","10,800",10%,5%,600,유수연,문학동네,20241118,시/에세이
9791198945617,S000214566981,이별이 어려운 너에게 전하는 말,"17,800","16,020",10%,5%,890,지민석,유음북스,20241022,시/에세이
9791193712559,S000214513546,길 위의 뇌,"19,500","17,550",10%,5%,970,정세희,한스미디어,20241018,시/에세이
9791190764377,S000214081147,모든 사람에게 좋은 사람일 필요는 없어(80만 부 기념 특별개정판),"18,000","16,200",10%,5%,900,김유은,좋은북스,20240823,시/에세이
9791171712304,S000213767068,무정형의 삶,"20,000","18,000",10%,5%,"1,000",김민철,위즈덤하우스,20240710,시/에세이
9788930041683,S000213451032,허송세월,"18,000","16,200",10%,5%,900,김훈,나남,20240620,시/에세이
9791193262207,S000213585518,나는 무조건 너의 편이다,"16,800","15,120",10%,5%,840,김다슬,클라우디아,20240619,시/에세이
9791193044162,S000213500201,"아무튼, 디지몬","12,000","10,800",10%,5%,600,천선란,위고,20240610,시/에세이
9791190533447,S000213471698,"몸과 이야기하다, 언어와 춤추다","16,800","15,120",10%,5%,840,이시다 센,1984BOOKS,20240605,시/에세이
9791155817193,S000213235910,슬픔에 이름 붙이기,"18,800","16,920",10%,5%,940,존 케닉,윌북,20240518,시/에세이
9791158161767,S000212798592,이 지랄맞음이 쌓여 축제가 되겠지(리커버:K),"16,800","15,120",10%,5%,840,조승리,달,20240329,시/에세이
9788901280684,S000212671852,찌그러져도 동그라미입니다,"17,800","16,020",10%,5%,890,김창완,웅진지식하우스,20240328,시/에세이
9791193506394,S000212755870,"꽃길이 따로 있나, 내 삶이 꽃인 것을","16,800","15,120",10%,5%,840,오평선,포레스트북스,20240322,시/에세이
9788937475580,S000212269875,우리가 길이라 부르는 망설임,"15,000","13,500",10%,5%,750,프란츠 카프카,민음사,20240210,시/에세이
9791195026128,S000001955455,삶으로 다시 떠오르기,"24,000","21,600",10%,5%,"1,200",에크하르트 톨레,연금술사,20240201,시/에세이
9788933872352,S000211920054,사랑을 무게로 안 느끼게,"18,000","16,200",10%,5%,900,박완서,세계사,20240122,시/에세이
9791193238172,S000211603439,내가 생각한 인생이 아니야,"18,000","16,200",10%,5%,900,류시화,수오서재,20231221,시/에세이
9791191783094,S000211597377,하루하루 하이쿠,"13,000","11,700",10%,5%,650,마츠오 바쇼 외,시와서,20231215,시/에세이
9788986022841,S000211654711,상실,"16,800","15,120",10%,5%,840,조앤 디디온,책읽는수요일,20231211,시/에세이
9791193153093,S000209577656,오래 보고 싶었다,"17,000","15,300",10%,5%,850,나태주,더블북,20231005,시/에세이
9791197966330,S000209348770,반드시 좋은 날이 올 거야,"16,800","15,120",10%,5%,840,김토끼,로즈북스,20230925,시/에세이
9791198194473,S000208712429,서울에서 도망칠 용기,"16,000","14,400",10%,5%,800,조하나,느린서재,20230825,시/에세이
9791198249340,S000202672486,감정은 사라져도 결과는 남는다,"17,000","15,300",10%,5%,850,이해인,필름(Feelm),20230615,시/에세이
9788986836899,S000202183651,행복의 건축,"16,000","14,400",10%,5%,800,알랭 드 보통,청미래,20230503,시/에세이
9791196538859,S000215705828,계절의 효능,"23,000","20,700",10%,5%,"1,150",계용묵 외 21인,오이뮤(OIMU),20221028,시/에세이
9788932040448,S000061694107,나는 오래된 거리처럼 너를 사랑하고,"13,000","11,700",10%,5%,650,진은영,문학과지성사,20220831,시/에세이
9788937464119,S000061694162,이상 시 전집,"16,000","14,400",10%,5%,800,이상,민음사,20220819,시/에세이
9788932040394,S000061583689,투명도 혼합 공간,"12,000","10,800",10%,5%,600,김리윤,문학과지성사,20220808,시/에세이
9788933871553,S000000588843,모래알만 한 진실이라도,"18,800","16,920",10%,5%,940,박완서,세계사,20220630,시/에세이
9788937472237,S000061350724,에세 세트,"65,000","58,500",10%,1%,650,미셸 드 몽테뉴,민음사,20220624,시/에세이
9788954683371,S000000781176,H마트에서 울다,"16,000","14,400",10%,5%,800,미셸 자우너,문학동네,20220228,시/에세이
9788937429811,S000000619378,정원 가꾸는 사람의 열두 달,"9,800","8,820",10%,5%,490,카렐 차페크,민음사,20211210,시/에세이
9788901254456,S000000408162,우리의 인생이 겨울을 지날 때,"16,000","14,400",10%,5%,800,캐서린 메이,웅진지식하우스,20211125,시/에세이
9791160406818,S000001790544,단어의 집,"15,000","13,500",10%,5%,750,안희연,한겨레출판,20211124,시/에세이
9791190382502,S000001939534,모든 것은 기본에서 시작한다,"16,000","14,400",10%,5%,800,손웅정,수오서재,20211015,시/에세이
9791197037153,S000001983086,작은 별이지만 빛나고 있어(30만부 기념 미드나잇 에디션),"19,000","17,100",10%,5%,950,소윤,북로망스,20210929,시/에세이
9788937408991,S000000618428,그 웃음을 나도 좋아해,"12,000","10,800",10%,5%,600,이기리,민음사,20201218,시/에세이
9788989590866,S000001428356,기쁨의 천 가지 이름,"18,800","16,920",10%,5%,940,바이런 케이티 외,침묵의향기,20201118,시/에세이
9788937479946,S000000620705,"실례지만, 이 책이 시급합니다","16,000","14,400",10%,5%,800,이수은,민음사,20201015,시/에세이
9791190382267,S000001939521,마음챙김의 시,"13,000","11,700",10%,5%,650,류시화 ,수오서재,20200917,시/에세이
9791188073559,S000001910071,축구를 하며 생각한 것들,"18,000","16,200",10%,5%,900,손흥민,브레인스토어,20200821,시/에세이
9791162143377,S000001807600,살아가려면 뭐라도 사랑해야겠습니다,"13,500","12,150",10%,5%,670,장마음,부크럼,20200729,시/에세이
9788934992493,S000000598167,죽은 자의 집 청소,"17,000","15,300",10%,5%,850,김완,김영사,20200530,시/에세이
9788954670319,S000000780514,정본 백석 시집,"16,000","14,400",10%,5%,800,백석,문학동네,20200130,시/에세이
9788960906037,S000000939016,긴 호흡,"13,000","11,700",10%,5%,650,메리 올리버,마음산책,20191220,시/에세이
9788970129501,S000001068886,먼 북소리,"16,000","14,400",10%,5%,800,무라카미 하루키,문학사상,20190918,시/에세이
9791127428358,S000001671901,어느 요기의 자서전,"28,000","25,200",10%,5%,"1,400",파라마한사 요가난다,에이케이커뮤니케이션즈,20190911,시/에세이
9788955825022,S000000809576,신과 나눈 이야기 1,"13,000","11,700",10%,5%,650,닐 도날드 월쉬,아름드리미디어,20190510,시/에세이
9788946421011,S000000687539,살아온 기적 살아갈 기적(100쇄 기념 에디션),"18,000","16,200",10%,5%,900,장영희,샘터(샘터사),20190415,시/에세이
9788932034959,S000000570400,그리하여 흘려 쓴 것들,"12,000","10,800",10%,5%,600,이제니,문학과지성사,20190101,시/에세이
9788937475245,S000000620656,시는 내가 홀로 있는 방식,"12,000","10,800",10%,5%,600,페르난두 페소아,민음사,20181005,시/에세이
9791196394509,S000001975821,죽고 싶지만 떡볶이는 먹고 싶어,"13,800","12,420",10%,5%,690,백세희,흔,20180620,시/에세이
9788937475306,S000000620662,셰익스피어 소네트,"15,000","13,500",10%,5%,750,윌리엄 셰익스피어,민음사,20180601,시/에세이
9788932030289,S000000570289,부테스,"14,000","12,600",10%,5%,700,파스칼 키냐르,문학과지성사,20170727,시/에세이
9788954645621,S000000779864,지구만큼 슬펐다고 한다,"12,000","10,800",10%,5%,600,신철규,문학동네,20170727,시/에세이
9788936424084,S000000610298,온,"13,000","11,700",10%,5%,650,안미옥,창비,20170417,시/에세이
9791130611853,S000001686479,보노보노처럼 살다니 다행이야,"19,000","17,100",10%,5%,950,김신회,놀,20170406,시/에세이
9788954621496,S000000778671,밤이 선생이다,"16,000","14,400",10%,5%,800,황현산,난다,20160511,시/에세이
9788960902039,S000000938887,정확한 사랑의 실험,"16,000","14,400",10%,5%,800,신형철,마음산책,20141001,시/에세이
9788957090817,S000000841989,인생 수업,"18,000","16,200",10%,5%,900,엘리자베스 퀴블러 로스 외,이레,20140520,시/에세이
9788996997962,S000001607065,불안의 서,"28,000","25,200",10%,5%,"1,400",페르난두 페소아,봄날의책,20140515,시/에세이
9788956054766,S000000814355,그러니까 당신도 살아,"16,800","15,120",10%,5%,840,오히라 미쓰요,북하우스,20100920,시/에세이
9788960900271,S000000938742,마음사전,"15,000","13,500",10%,5%,750,김소연,마음산책,20080120,시/에세이
9788937407413,S000000618275,스무 편의 사랑의 시와 한 편의 절망의 노래,"10,000","9,000",10%,5%,500,파블로 네루다,민음사,20070130,시/에세이
9788971992258,S000001110627,백범일지,"12,000","10,800",10%,5%,600,김구 외,돌베개,20051105,시/에세이
9788936421564,S000000610046,모든 경계에는 꽃이 핀다,"12,000","10,800",10%,5%,600,함민복,창작과비평사,19961010,시/에세이
9791167473219,S000221368157,녀석들과,"16,800","15,120",10%,5%,840,황금미,하모니북,20261105,시/에세이
9791124181232,S000221353592,불 꺼진 자리 별과 당신의 밤,"16,800","15,120",10%,5%,840,장우열,꿈공장플러스,20261006,시/에세이
9791199663695,S000221340017,하루만 더,"19,500","17,550",10%,5%,970,강윤희,나이스에듀,20260928,시/에세이
9791176821704,S000221281505,꿈의 조각들,"19,000","17,100",10%,5%,950,이총명,미다스북스,20260928,시/에세이
9791167919373,S000221354780,"토닥토닥 50년, 넌 여전히 별처럼 빛나는구나","17,000","15,300",10%,5%,850,노중일,메이킹북스,20260928,시/에세이
9791170802068,S000221283496,배워서 나 주는 사람이 되고 싶어,"17,500","15,750",10%,5%,870,김보리,뜻밖,20260925,시/에세이
9791194374985,S000221380223,가족관계 특이사항 있음,"19,000","17,100",10%,5%,950,마민지,클,20260924,시/에세이
9791171831913,S000221352293,달린다고 인생을 바꿀 수는 없겠지만,"17,000","15,300",10%,5%,850,남혁우,유노북스,20260924,시/에세이
9791176215329,S000221383724,땅바닥 essay,"20,000","18,000",10%,5%,"1,000",조성자,바른북스,20260922,시/에세이
9791199846869,S000221345849,나무 찾아 삼만 리,"20,000","18,000",10%,5%,"1,000",박승익,이um,20260921,시/에세이
9791176821728,S000221190516,"같은 하루, 다른 일기","18,500","16,650",10%,5%,920,김나라 외,미다스북스,20260921,시/에세이
9791193703199,S000221151937,이모,"18,000","16,200",10%,5%,900,박은주,오늘산책,20260921,시/에세이
9791122073928,S000221152558,여전히 눈부신 그들의 세상을,"18,000","16,200",10%,5%,900,유은영,더케이북스,20260921,시/에세이
9791190314510,S000221283469,고양이는 시,"17,000","15,300",10%,5%,850,제임스 러플린 외,에이치비 프레스,20260921,시/에세이
9791124666012,S000221368143,"말하라, 음악이여","15,800","14,220",10%,5%,790,전수찬,안나푸르나,20260921,시/에세이
9791141691080,S000221353604,종이 인형 목욕시키기,"12,000","10,800",10%,5%,600,수진,문학동네,20260921,시/에세이
9791199467187,S000221375356,세월이 내게 말을 걸었다,"15,000","13,500",10%,5%,750,이향옥,한국문인출판부,20260919,시/에세이
9791199872790,S000221255411,책의 온도,"18,000","16,200",10%,5%,900,최효정 외,책강,20260917,시/에세이
9791172071233,S000221337127,비비디 바비디 부,"12,000","10,800",10%,5%,600,민든해,달아실,20260917,시/에세이
9791141603656,S000221242274,하얀 마음을 가지게 해주세요,"12,000","10,800",10%,5%,600,조해주,문학동네,20260917,시/에세이
9791176821346,S000221151758,조용히 나를 돌보는 시간,"19,000","17,100",10%,5%,950,김재희,미다스북스,20260916,시/에세이
9791198956873,S000221230545,기억은 사라지지 않는다,"18,000","16,200",10%,5%,900,이택민,책편사,20260916,시/에세이
9791199010505,S000221328651,가장 투명한 거짓말,"16,800","15,120",10%,5%,840,오수영,고어라운드,20260916,시/에세이
9791167919328,S000221329044,너는 아직 피어나지 않았다,"16,800","15,120",10%,5%,840,조수아,메이킹북스,20260916,시/에세이
9791176350518,S000221359489,엄마가 머무르는 계절,"16,800","15,120",10%,5%,840,장지미,포레스트 미우,20260916,시/에세이
9791162437391,S000221337072,붉음을 만지는 일,"12,000","10,800",10%,5%,600,조명수,시산맥,20260916,시/에세이
9791138867375,S000221268772,그대의 마음 가을로 물들 때 왜 내 마음 탈까?,"19,000","17,100",10%,5%,950,김영배,좋은땅,20260915,시/에세이
9791192837321,S000221280991,물수리의 노래가 머무는 자리,"18,000","16,200",10%,5%,900,유서영,말그릇,20260915,시/에세이
9791139234800,S000221381334,봄꽃 지나 눈꽃으로,"18,000","16,200",10%,5%,900,김이현,지식과감성,20260915,시/에세이
9791167822499,S000221262609,잠시 시간이 멈추는 곳으로 가겠습니다,"18,000","16,200",10%,5%,900,유철상,상상출판,20260915,시/에세이
9791176880633,S000221256345,사랑은 원래 좀 유치한 거야!,"17,800","16,020",10%,5%,890,땃꾸,모티브,20260915,시/에세이
9791187991502,S000220921830,누리에게,"17,000","15,300",10%,5%,850,민구홍,브와포레,20260915,시/에세이
9791176350464,S000221280798,있잖아 모든 건 사랑이었어,"16,800","15,120",10%,5%,840,무해한 여름,포레스트 웨일,20260914,시/에세이
9791122104011,S000221353701,바깥에서 존재하기,"18,000","16,200",10%,5%,900,시일 편집부,시일북스앤웍스,20260911,시/에세이
9791139234695,S000221337634,문과의 반격,"16,800","15,120",10%,5%,840,조혜영,지식과감성,20260911,시/에세이
9791199846852,S000221248711,초록이 나를 보았다,"12,000","10,800",10%,5%,600,정선희,이um,20260911,시/에세이
9791187232735,S000221192870,사람들과 함께 행복으로 직진!,"8,000","7,200",10%,5%,400,이강희,은빛,20260911,시/에세이
9791189922740,S000220995921,매일 읽고 쓰는 긍정의 한 줄 (필사책),"26,500","23,850",10%,5%,"1,320",최경란,오렌지연필,20260910,시/에세이
9791199570566,S000220957350,당신이라는 영화를 읽는 시간 1,"20,000","18,000",10%,5%,"1,000",김규나,양문,20260910,시/에세이
9791175490949,S000221035067,"신동엽, 꽃불의 시","19,500","17,550",10%,5%,970,신동엽 외,소명출판,20260910,시/에세이
9791167014412,S000221336944,"예,술입니다","19,000","17,100",10%,5%,950,박수용,이든북,20260910,시/에세이
9788960901797,S000221191599,조지 오웰의 문장들,"17,500","15,750",10%,5%,870,조지 오웰,마음산책,20260910,시/에세이
9791124253045,S000221189491,"나란 꽃, 세상에서 단 하나뿐인","17,000","15,300",10%,5%,850,이미란,마음시회,20260910,시/에세이
9791124327104,S000220991151,후회는 언제나 늦게 온다,"17,000","15,300",10%,5%,850,장선희,투래빗,20260910,시/에세이
9791193808603,S000220939389,이 나이 먹도록 내 몸을 몰랐다니!,"16,800","15,120",10%,5%,840,오지영,다른상상,20260910,시/에세이
9791164849215,S000221075657,사건이 보이는 것보다 가까이 있습니다,"18,000","16,200",10%,5%,900,박진규,매일경제신문사,20260910,시/에세이
9791138864350,S000221337394,팀장님의 책상 위엔 슬랑이가 있다,"14,000","12,600",10%,5%,700,김지인,좋은땅,20260910,시/에세이
9791175011137,S000221176973,우리는 기꺼이 아무것도 아니어서,"12,000","10,800",10%,5%,600,김지숙,걷는사람,20260910,시/에세이
9791198638830,S000221334532,가을의 편안한 머무름,"11,000","9,900",10%,5%,550,소원,닢(라이프마인드),20260910,시/에세이
9791199786059,S000221228218,백사리에서 온 편지,"20,000","18,000",10%,5%,"1,000",김점용,아크메랩,20260909,시/에세이
9791176612647,S000221282118,딱 알맞은 고독,"19,900","17,910",10%,5%,990,가마타 미노루,21세기북스,20260909,시/에세이
9791158162238,S000221151780,"빵, 공원, 농구하는 소녀","18,000","16,200",10%,5%,900,천선란,달,20260909,시/에세이
9791124137710,S000221109007,누워 있기의 기술,"17,800","16,020",10%,5%,890,미역의효능,빅피시,20260909,시/에세이
9791199533264,S000221189067,던스,"14,000","12,600",10%,5%,700,메리 루플,물결점,20260909,시/에세이
9791174970633,S000221168662,나의 글쓰기 오디세이,"20,000","18,000",10%,5%,"1,000",조규택,박이정출판사,20260907,시/에세이
9791194176213,S000221162171,삶의 방정식,"18,000","16,200",10%,5%,900,김동진,마누스,20260907,시/에세이
9791176350501,S000221191657,별을 바라보는 시간,"16,800","15,120",10%,5%,840,포레스트 웨일 공동 작가,포레스트 웨일,20260907,시/에세이
9791176350495,S000221191668,그리움을 바라보는 시간,"16,800","15,120",10%,5%,840,포레스트 웨일 공동 작가,포레스트 웨일,20260907,시/에세이
9788960901315,S000221074775,젠지 사전,"16,800","15,120",10%,5%,840,이소호,마음산책,20260905,시/에세이
9791173327650,S000221047870,"우아하게, 용기있게","32,000","28,800",10%,5%,"1,600",켄 윌버,김영사,20260901,시/에세이
9791198174109,S000221062769,꽃밭을 늘리기로 했다,"19,800","17,820",10%,5%,990,이용혁,소르북스,20260901,시/에세이
9791197792397,S000220988701,"사랑, 이젠 너를","13,000","11,700",10%,5%,650,신중한,모데미풀,20260901,시/에세이
9791124172155,S000221152340,소리의 안쪽,"13,000","11,700",10%,5%,650,김성이,실천,20260901,시/에세이
9791192603711,S000220996823,교도소에 들어가는 중입니다,"17,000","15,300",10%,5%,850,김도영,봄름,20260831,시/에세이
9791198397720,S000220862069,그 모든 시간 속에서도 음악은 여전히,"15,000","13,500",10%,5%,750,이윤석,레가토,20260831,시/에세이
9791124194294,S000221034796,250킬로미터의 질문,"20,000","18,000",10%,5%,"1,000",방주희,마음연결,20260830,시/에세이
9791193941768,S000220789117,"여름, 안부","17,000","15,300",10%,5%,850,백가희,클랩북스,20260830,시/에세이
9791160275186,S000221031816,"갸, 직업이 뭐이가?","25,000","22,500",10%,5%,"1,250",표재순,소담출판사,20260828,시/에세이
9788967999681,S000221031420,"먹고, 기도하고, 살아라","22,000","19,800",10%,5%,"1,100",천월순,북오션,20260828,시/에세이
9791173327810,S000221047866,우리는 서로의 말로 살아간다,"19,800","17,820",10%,5%,990,여성시대,김영사,20260828,시/에세이
9791141618735,S000221048288,오늘도 고쳤습니다,"18,000","16,200",10%,5%,900,유혜민,문학동네,20260828,시/에세이
9791176821117,S000220860647,회의실에서는 울 수 없으니까,"18,500","16,650",10%,5%,920,박재은,미다스북스,20260827,시/에세이
9791170404057,S000221062570,필사 너무 잘하려고 애쓰지 마라,"19,500","17,550",10%,5%,970,나태주,열림원,20260825,시/에세이
9788925568836,S000220929871,친구는 쓸모없다,"18,500","16,650",10%,5%,920,사노 요코,알에이치코리아,20260825,시/에세이
9791176820479,S000220807884,어머니의 강은 느리게 흐른다,"19,500","17,550",10%,5%,970,권미숙,미다스북스,20260824,시/에세이
9791124769034,S000220939154,하늘과 바람과 별과 시,"10,000","9,000",10%,5%,500,윤동주,올리버,20260824,시/에세이
9791161111636,S000220923364,과수원을 지나며,"15,000","13,500",10%,5%,750,필리프 자코테,뮤진트리,20260821,시/에세이
9791192421674,S000220930607,매일 출근하는 사람은 자신이 꽤 멋진 사람이라는 걸 모른다,"18,800","16,920",10%,5%,940,함주원,시프,20260820,시/에세이
9791176880626,S000220853697,지랄 맞을 용기,"17,800","16,020",10%,5%,890,조영훈,모티브,20260818,시/에세이
9791157212231,S000221030908,숨어 우는 바람 소리를 듣는다,"12,000","10,800",10%,5%,600,김문구,파랑새미디어,20260818,시/에세이
9788932045665,S000220871267,보호 관찰,"13,000","11,700",10%,5%,650,정한아,문학과지성사,20260814,시/에세이
9788925569796,S000220807438,아픈 동물의 시간은 어떻게 흐르는가,"19,800","17,820",10%,5%,990,르네 알사라프,알에이치코리아,20260812,시/에세이
9791176350426,S000220844297,꿈이라 부르는 이름,"16,800","15,120",10%,5%,840,포레스트 웨일 공동 작가,포레스트 웨일,20260811,시/에세이
9788931483451,S000220761610,오늘의 현조,"19,800","17,820",10%,5%,990,이은형,영진닷컴,20260810,시/에세이
9791199444584,S000220647343,너는 별이다,"17,000","15,300",10%,5%,850,나태주,더블북,20260810,시/에세이
9791194391401,S000220588465,나는 항공 엔지니어입니다,"19,500","17,550",10%,5%,970,김진혁,루아크,20260805,시/에세이
9791192603810,S000220623884,나에게 다정해도 괜찮아,"16,000","14,400",10%,5%,800,신은영 외,문학책방,20260803,시/에세이
9788901300313,S000220699457,몫이 있는 사람,"18,500","16,650",10%,5%,920,공근식,웅진지식하우스,20260730,시/에세이
9791199735859,S000220663797,마음의 이름,"18,800","16,920",10%,5%,940,잔보,나무사이,20260730,시/에세이
9791188660704,S000220996466,죽을 때까지 섹시하게 사는 법: W.I.S.E,"14,000","12,600",10%,5%,700,김희재,올댓스토리,20260730,시/에세이
9788936425418,S000220645728,물빛인쇄소,"13,000","11,700",10%,5%,650,함민복,창비,20260730,시/에세이
9791176820264,S000220567813,너의 여정에 함께할 수 있어 행복했어,"20,000","18,000",10%,5%,"1,000",이원기,미다스북스,20260729,시/에세이
9791187093398,S000220665987,한참 동안 나무를 끌어안았다,"18,500","16,650",10%,5%,920,안은영,슬:B,20260727,시/에세이
9791191533149,S000220696018,엄마가 죽었을 때,"14,000","12,600",10%,5%,700,김영아,소소한소통,20260727,시/에세이
9788932045627,S000220705397,잘못한 인사,"13,000","11,700",10%,5%,650,조은,문학과지성사,20260724,시/에세이
9788946423398,S000220567781,"나이 60, 생판 남들과 산다","18,000","16,200",10%,5%,900,조선희,샘터(샘터사),20260723,시/에세이
9791158967932,S000220573962,나는 나를 조립 중이다,"12,000","10,800",10%,5%,600,황주현,시인동네,20260723,시/에세이
9791199489578,S000220567022,결국 어떻게든 되더라고요,"17,500","15,750",10%,5%,870,정일영,논픽션,20260722,시/에세이
9791173326981,S000220575181,매일 떠나는 사람,"17,800","16,020",10%,5%,890,태원준,김영사,20260721,시/에세이
9791173744761,S000220575522,그 따스함이 나를 살렸다,"18,800","16,920",10%,5%,940,노정호,하움출판사,20260720,시/에세이
9791168226074,S000220503375,결국 다 괜찮아질 겁니다,"18,500","16,650",10%,5%,920,피코 아이어,서사원,20260720,시/에세이
9791124002155,S000220508716,우울은 초록의 마음,"17,500","15,750",10%,5%,870,반혜린,북라이프,20260720,시/에세이
9791175984059,S000220525479,오늘도 우리는 살아간다,"17,000","15,300",10%,5%,850,박상진,북랩,20260720,시/에세이
9791157957996,S000220695393,꽃이라고 보니 뽑아 버릴 풀이 없네,"17,000","15,300",10%,5%,850,한상호,스타북스,20260720,시/에세이
9788937449390,S000220455797,푸른 물속의 시,"15,000","13,500",10%,5%,750,안태운 외,민음사,20260719,시/에세이
9791193238967,S000220567838,정목 스님의 하루 명상,"18,500","16,650",10%,5%,920,정목,수오서재,20260716,시/에세이
9791157286096,S000220567549,그래그래,"13,000","11,700",10%,5%,650,이순희,지혜,20260715,시/에세이
9791138863759,S000220525056,"웃기려고 산 인생은 아닌데, 어쩌다 보니 웃긴 일이 많았다","17,800","16,020",10%,5%,890,박준현,좋은땅,20260714,시/에세이
9791190408899,S000220454982,내가 왜 당신 마음에 들어야 할까,"18,800","16,920",10%,5%,940,이상미,모모북스,20260714,시/에세이
9791199917705,S000220490731,"한 달에 한 번, 나를 만나러 가는 날","15,000","13,500",10%,5%,750,이현주,비잉마이셀프,20260713,시/에세이
9788932045580,S000220525521,브로콜리 산양 작은 사람,"13,000","11,700",10%,5%,650,이원,문학과지성사,20260713,시/에세이
9791175983755,S000220452338,우울증 치료 일기,"16,700","15,030",10%,5%,830,안젤라,북랩,20260708,시/에세이
9791155552933,S000220511709,나무에 안겨 잠든 바람,"15,000","13,500",10%,5%,750,김영국,이지출판,20260707,시/에세이
9791199191235,S000220452875,아직 상어에게 물린 적은 없는데요,"16,800","15,120",10%,5%,840,백소정,이월오일,20260704,시/에세이
9791197504136,S000001986977,다정소감(스티치 에디션),"15,000","13,500",10%,5%,750,김혼비,안온북스,20260701,시/에세이
9791173326905,S000220448058,빨강머리 앤이 하는 말(출간 10주년 완전판),"22,000","19,800",10%,5%,"1,100",백영옥,김영사,20260630,시/에세이
9791170875253,S000220355058,어떤 여름방학,"22,000","19,800",10%,5%,"1,100",궁리(박조은),휴머니스트,20260630,시/에세이
9788960909991,S000220307576,버지니아 울프의 문장들,"18,500","16,650",10%,5%,920,버지니아 울프,마음산책,20260630,시/에세이
9788936425388,S000220363157,처음으로 물에 뜨는 시간,"15,000","13,500",10%,5%,750,조인호,창비,20260629,시/에세이
9791194442967,S000220341565,말과 말의 술래잡기,"20,000","18,000",10%,5%,"1,000",사이토 마리코 외,돌베개,20260626,시/에세이
9791124065570,S000220339337,어슬렁과 기웃거림,"16,000","14,400",10%,5%,800,이원,난다,20260626,시/에세이
9791124128978,S000220340188,신세기 도킹 스테이션,"13,000","11,700",10%,5%,650,윤다미,교유서가,20260626,시/에세이
9791190457514,S000220178181,나를 살리는 음식들,"23,000","20,700",10%,5%,"1,150",선재 스님,나무의마음,20260625,시/에세이
9788960909960,S000220166821,당신의 독자가 될게요,"17,000","15,300",10%,5%,850,정세랑,마음산책,20260625,시/에세이
9788937475634,S000220296762,세계시인선 시화집(파울 클레 에디션),"17,000","15,300",10%,5%,850,호라티우스 외,민음사,20260625,시/에세이
9791124336861,S000220362733,"내 손으로, 치앙마이","32,500","29,250",10%,5%,"1,620",이다,반비,20260624,시/에세이
9791169095624,S000220166142,밤과 책,"21,000","18,900",10%,5%,"1,050",김유태,글항아리,20260624,시/에세이
9791167376695,S000220362959,마음 박물관,"19,000","17,100",10%,5%,950,황주리,은행나무,20260624,시/에세이
9791141617196,S000220340042,시부야의 초급반,"16,800","15,120",10%,5%,840,남궁인,문학동네,20260624,시/에세이
9791193627099,S000220242602,평화,"10,000","9,000",10%,5%,500,수림 외,파도,20260624,시/에세이
9791188574827,S000220307551,"그림책, 알수록 사랑하게 된다","21,000","18,900",10%,5%,"1,050",채송아 외,나는별,20260622,시/에세이
9788937450006,S000220240431,세계문학전집 이야기,"12,000","10,800",10%,5%,600,민음사 편집부,민음사,20260620,시/에세이
9788937449529,S000220278294,아홉 번째 몸,"19,800","17,820",10%,5%,990,천쓰홍,민음사,20260619,시/에세이
9791124065655,S000220221374,어깨에 머리를 기대던 시절(미니 에디션),"9,900","8,910",10%,5%,490,고명재,난다,20260619,시/에세이
9791199435131,S000220308333,호흡의 장면,"13,000","11,700",10%,5%,650,진수빈,저스트스토리지,20260615,시/에세이
9791199349445,S000220111174,정지선이 출발선이 될 때,"19,000","17,100",10%,5%,950,장은교,터틀넥프레스,20260611,시/에세이
9788935679263,S000220226587,상처와 결별하기,"17,000","15,300",10%,5%,850,도종환,한길사,20260610,시/에세이
9791162015759,S000220273029,곱게 늙은 절집,"28,000","25,200",10%,5%,"1,400",심인보,담앤북스,20260608,시/에세이
9791194232360,S000220161399,하이쿠,"22,000","19,800",10%,5%,"1,100",라파엘 로젠달,워크룸프레스,20260605,시/에세이
9788932045290,S000220178401,야생의 눈과 눈 안쪽의 야생,"13,000","11,700",10%,5%,650,김리윤,문학과지성사,20260605,시/에세이
9791196532062,S000220119745,기억의 선을 따라 걷다,"24,000","21,600",10%,5%,"1,200",신지혜,심화북스,20260601,시/에세이
9791192532615,S000220176810,"시옷으로 지은 시, 읽기","17,000","15,300",10%,5%,850,주홍빛,명문,20260601,시/에세이
9791173326530,S000220093297,소중한 보물들(민들레 에디션),"22,000","19,800",10%,5%,"1,100",이해인,김영사,20260529,시/에세이
9791130823751,S000220120847,저녁은 누구에게나 공평하게 온다,"13,000","11,700",10%,5%,650,박재학,푸른사상,20260529,시/에세이
9791124086247,S000219917648,오늘 단 2시간만,"18,700","16,830",10%,5%,930,이마이 다카시,마인드빌딩,20260527,시/에세이
9791199599963,S000220054284,추락이 아니라 고도를 낮춘 것이다,"18,000","16,200",10%,5%,900,시크릿마마,위즈덤코드,20260527,시/에세이
9791185135441,S000220106610,그때는 몰랐던,"14,000","12,600",10%,5%,700,김영순,문학의봄,20260525,시/에세이
9791199235649,S000219997168,적당한 마음,"16,000","14,400",10%,5%,800,장대성,출판사 결,20260522,시/에세이
9791194954088,S000219941496,행복한 사람,"14,000","12,600",10%,5%,700,나태주,템북,20260520,시/에세이
9791167742896,S000219940586,불교에 진심,"14,000","12,600",10%,5%,700,박사,어크로스,20260518,시/에세이
9791175010635,S000219981705,불투명 인간,"12,000","10,800",10%,5%,600,피재현,걷는사람,20260518,시/에세이
9791162437049,S000219998416,소년의 꿈,"12,000","10,800",10%,5%,600,정명준,시산맥,20260515,시/에세이
9788932045283,S000220046983,인간이라는 환상처럼,"12,000","10,800",10%,5%,600,하재연,문학과지성사,20260515,시/에세이
9791194184584,S000219812483,아빠의 도시락 편지,"18,500","16,650",10%,5%,920,크리스 얀들,이야기장수,20260504,시/에세이
9791170613886,S000219789433,각자의 우주,"17,800","16,020",10%,5%,890,정영한,북다,20260430,시/에세이
9791175780187,S000219786391,투명하지만 깨지지 않는,"17,500","15,750",10%,5%,870,박상아,부키,20260430,시/에세이
9791193282748,S000219791059,부모님 자서전,"18,000","16,200",10%,5%,900,지혜의숲 편집부,지혜의숲,20260429,시/에세이
9791124065389,S000219812485,무증상 환자,"13,000","11,700",10%,5%,650,문혜진,난다,20260428,시/에세이
9788962671780,S000219790641,"사랑, 그거","13,000","11,700",10%,5%,650,이비단모래,건강신문사,20260428,시/에세이
9791194192695,S000219862962,위로: 오늘을 견딘 당신에게,"16,800","15,120",10%,5%,840,박수경,행복우물,20260424,시/에세이
9791124455036,S000219736211,이지페이지: 너를 아끼며 살아라(큰글자책),"29,000","26,100",10%,5%,"1,450",나태주,더블북,20260423,시/에세이
9788936429645,S000219731307,숨은 어린이 찾기,"16,800","15,120",10%,5%,840,김소영,창비,20260420,시/에세이
9788930001564,S000219616793,아름다워지기 전에 뒤를 돌아보면 안 돼,"17,000","15,300",10%,1%,170,이영주,나남,20260418,시/에세이
9791167376329,S000219662556,다마스쿠스인 미흐야르의 노래,"17,000","15,300",10%,5%,850,아도니스,은행나무,20260415,시/에세이
9791198210869,S000219681604,우리는 영원히 사랑일 거야,"16,800","15,120",10%,5%,840,김민재,시선과단상,20260415,시/에세이
9791172671037,S000219601615,"사람아, 너는 봄의 고향이다","12,000","10,800",10%,5%,600,양광모,푸른길,20260415,시/에세이
9791191053623,S000219714892,놀고먹고 싶었는데 100평 텃밭이 생겼다,"18,500","16,650",10%,5%,920,김효원,이은북,20260414,시/에세이
9791172134006,S000219601545,"여보세요, 맞춤법 때문에 전화했습니다","17,000","15,300",10%,5%,850,이현영,한겨레출판,20260413,시/에세이
9791199649026,S000219681218,슬픔의 펼침면,"16,800","15,120",10%,5%,840,이제야,먼곳프레스,20260413,시/에세이
9791194947868,S000219562835,엄마의 온도,"17,000","15,300",10%,5%,850,이윤미,작가의집,20260413,시/에세이
9791194413943,S000219562666,형태 없는 불안,"17,000","15,300",10%,5%,850,서맨사 하비,서해문집,20260410,시/에세이
9788962261400,S000219524002,쇼펜하우어 사랑은 없다,"13,000","11,700",10%,5%,650,쇼펜하우어,해누리기획,20260410,시/에세이
9791194534716,S000219681131,"할아버지, 주원이 왔어요","20,000","18,000",10%,5%,"1,000",한근태,클라우드나인,20260409,시/에세이
9791190533836,S000219652493,가끔만 생각하려고,"15,000","13,500",10%,5%,750,박규현,1984BOOKS,20260409,시/에세이
9791173325717,S000219514446,호의에 대하여(15만 부 기념 양장 특별판),"22,000","19,800",10%,5%,"1,100",문형배,김영사,20260408,시/에세이
9791192638843,S000219670827,오늘내일하는 사이,"17,500","15,750",10%,5%,870,임봉근 외,안온북스,20260408,시/에세이
9788946423299,S000219545392,나는 이렇게 나이 들기로 했다,"18,000","16,200",10%,5%,900,신은경,샘터(샘터사),20260406,시/에세이
9791172541149,S000219601134,재지마인드(여름방학 에디션),"20,000","18,000",10%,5%,"1,000",키키 외,푸른숲,20260403,시/에세이
9791142349492,S000219513819,다만 너이기 때문에,"18,000","16,200",10%,5%,900,나태주,니들북,20260403,시/에세이
9791170527176,S000219597679,영국 정원 일기,"18,000","16,200",10%,5%,900,김민호,판미동,20260401,시/에세이
9791173579165,S000219595190,제철 채소 먹는 기쁨,"17,800","16,020",10%,5%,890,정고메,21세기북스,20260401,시/에세이
9791124065419,S000219545348,없을 때까지 있는 단어,"17,000","15,300",10%,5%,850,김언,난다,20260401,시/에세이
9791193300886,S000219544934,그럴 수 있다 그것이 인생이다,"20,000","18,000",10%,5%,"1,000",이왈종,좋은생각,20260330,시/에세이
9791173325632,S000219569886,오늘 묘생,"16,800","15,120",10%,5%,840,나응식,김영사,20260330,시/에세이
9788932476063,S000219514961,젊은 시인에게 보내는 편지 그리고 젊은 시인이 보낸 편지,"16,800","15,120",10%,5%,840,라이너 마리아 릴케 외,을유문화사,20260330,시/에세이
9788932119861,S000219509073,민들레의 영토(출간 50주년 기념판),"15,000","13,500",10%,5%,750,이해인,가톨릭출판사,20260330,시/에세이
9791199660748,S000219513801,승리의 순간에 함께합니다,"17,500","15,750",10%,5%,870,정우영,애플북스,20260326,시/에세이
9791193627082,S000219515670,환상,"10,000","9,000",10%,5%,500,신이재 외 45명,파도,20260326,시/에세이
9788925565071,S000000478924,일일시호일,"19,800","17,820",10%,5%,990,모리시타 노리코,알에이치코리아,20260318,시/에세이
9791194741985,S000219451469,당신에게 무해한 사랑을 보내요(케이크 에디션),"16,800","15,120",10%,5%,840,주또(이주영),포레스트 웨일,20260316,시/에세이
9791168756854,S000219306821,어떻게 사세요,"18,000","16,200",10%,1%,180,강원석,구민사,20260315,시/에세이
9791193238899,S000219338401,게이트우드 할머니의 발자국,"19,800","17,820",10%,5%,990,벤 몽고메리,수오서재,20260313,시/에세이
9791194184560,S000219468613,엄마와 딸들의 미친년의 역사,"17,800","16,020",10%,5%,890,이랑,이야기장수,20260312,시/에세이
9791192756943,S000219412156,행복한 빨간 구두,"24,000","21,600",10%,5%,"1,200",최화영,헥사곤,20260309,시/에세이
9791199365391,S000219382374,좋은 것들은 이토록 시시콜콜,"17,800","16,020",10%,5%,890,이소호 외,타이피스트,20260309,시/에세이
9791155818947,S000219312073,"행복한 사람, 타샤 튜더","24,800","22,320",10%,5%,"1,240",타샤 튜더,윌북,20260303,시/에세이
9791164713103,S000219333808,관계의 물리학,"18,900","17,010",10%,5%,940,림태주,행성B,20260303,시/에세이
9791175910362,S000219332713,함께 추락하러 왔어요,"15,000","13,500",10%,5%,750,서덕준,위즈덤하우스,20260226,시/에세이
9791130675275,S000219300024,정답은 있다,"18,000","16,200",10%,5%,900,이정효,다산북스,20260223,시/에세이
9791199516625,S000219144015,월든,"20,000","18,000",10%,5%,"1,000",헨리 데이비드 소로,클로츠,20260219,시/에세이
9791173557163,S000219139345,매일의 취향,"18,500","16,650",10%,5%,920,김미연 외,미다스북스,20260213,시/에세이
9791169086523,S000219055368,오래된 세계의 농담,"18,000","16,200",10%,5%,900,이다혜,오리지널스,20260203,시/에세이
9791199642003,S000218969763,말꽃,"19,000","17,100",10%,5%,950,김재원,달먹는토끼,20260129,시/에세이
9788932045078,S000219129572,꿈을 꾸게 하는 꿈이 있다,"12,000","10,800",10%,5%,600,이문재,문학과지성사,20260129,시/에세이
9791157065257,S000219083511,오늘은 괜찮은 하루,"18,000","16,200",10%,5%,900,권순표,메디치미디어,20260128,시/에세이
9791159336256,S000219055731,곰보 돌 궤적을 긋다,"17,000","15,300",10%,5%,850,황진숙,수필과비평사,20260127,시/에세이
9791155818879,S000219060964,나는 생각한다 고로 과하게 생각한다,"19,800","17,820",10%,5%,990,그랜트 스나이더,윌북,20260126,시/에세이
9791124181089,S000219082528,소란이 소란하지 않은 계절,"14,000","12,600",10%,5%,700,이경선,꿈공장플러스,20260126,시/에세이
9791124181058,S000219082631,익숙한 것들에게 작별을,"13,800","12,420",10%,5%,690,서윤주,꿈공장플러스,20260126,시/에세이
9791193044391,S000219055342,"아무튼, 명상","12,000","10,800",10%,5%,600,이은경,위고,20260125,시/에세이
9791169780735,S000218881476,FC서울 때문에 산다,"22,000","19,800",10%,5%,"1,100",피버피치,브레인스토어,20260123,시/에세이
9791175910249,S000219075303,모든 요일의 여행,"20,000","18,000",10%,5%,"1,000",김민철,위즈덤하우스,20260123,시/에세이
9791190533775,S000219026182,지극히 낮으신,"15,000","13,500",10%,5%,750,크리스티앙 보뱅,1984BOOKS,20260115,시/에세이
9791199383043,S000218786512,강풍에도 쓰러지지 않는다,"19,800","17,820",10%,5%,990,모옌,필로틱,20260113,시/에세이
9791124065280,S000218980008,퀸 앤 킹,"13,000","11,700",10%,5%,650,곽은영,난다,20260113,시/에세이
9788925572741,S000218964541,도쿄 킷사텐 도감,"20,000","18,000",10%,5%,"1,000",엔야 호나미,알에이치코리아,20260112,시/에세이
9788932324739,S000218858074,어떻게 내 사랑을 표현해야 할지,"17,500","15,750",10%,5%,870,허휘수,현암사,20260112,시/에세이
9791198886170,S000218963615,글을 쓰면서 생각한 것들,"18,000","16,200",10%,5%,900,임경선,토스트,20260107,시/에세이
9791192638812,S000218940784,"읽는 슬픔, 말하는 사랑","18,000","16,200",10%,5%,900,황인찬,안온북스,20260105,시/에세이
9791194391319,S000218856665,불광동 세무사는 오늘도 성장 중,"17,500","15,750",10%,5%,870,김우영,루아크,20260105,시/에세이
9791198481757,S000218961486,영원이 미래를 돌아본다,"12,000","10,800",10%,5%,600,이제니,문학실험실,20260101,시/에세이
9791141602840,S000218907302,"말하라, 기억이여","19,800","17,820",10%,5%,990,블라디미르 나보코프,문학동네,20251226,시/에세이
9791173830273,S000218782457,맨 끝줄 관객,"18,000","16,200",10%,5%,900,분더비니,문학수첩,20251226,시/에세이
9791173556319,S000218782983,전업주부는 언제 은퇴해요?,"18,000","16,200",10%,5%,900,김정은,미다스북스,20251224,시/에세이
9791141602697,S000218790836,문어는 심장이 세 개,"12,000","10,800",10%,5%,600,강지혜,문학동네,20251216,시/에세이
9791194324867,S000218790553,뜻밖의 미래 연구회,"12,000","10,800",10%,5%,600,김세희,아침달,20251215,시/에세이
9791165125165,S000218777353,흰 연꽃의 눈,"18,000","16,200",10%,5%,900,맹난자,북인,20251210,시/에세이
9791199023291,S000218739861,유행을 타지 않는 삶,"19,000","17,100",10%,5%,950,안상아,자크드앙,20251208,시/에세이
9791124065037,S000218621127,29.9세,"15,000","13,500",10%,5%,750,고선경,난다,20251201,시/에세이
9791164804016,S000218681940,색채 환상곡,"20,000","18,000",10%,5%,"1,000",하태임,프로방스,20251130,시/에세이
9791171715602,S000218666755,후회하지 않고 사랑하는 법,"17,000","15,300",10%,5%,850,김한솔,위즈덤하우스,20251126,시/에세이
9788927881285,S000218565022,"그때도 좋았지만, 지금도 좋아!","18,800","16,920",10%,5%,940,한비야,중앙북스,20251124,시/에세이
9791193262801,S000218607805,헤맨 만큼 내 땅이다,"19,000","17,100",10%,5%,950,김상현,필름(Feelm),20251118,시/에세이
9791142334580,S000218438509,"참 잘했다, 그걸로 충분하다","18,000","16,200",10%,5%,900,나태주,니들북,20251117,시/에세이
9791199435117,S000218440168,너의 인사,"18,000","16,200",10%,5%,900,이이삼,저스트스토리지,20251114,시/에세이
9791124128008,S000218354820,삶은 도서관,"15,000","13,500",10%,5%,750,인자,싱긋,20251113,시/에세이
9791141602161,S000218474196,쓸데없이 눈부신 게 세상에는 있어요,"12,000","10,800",10%,5%,600,안도현,문학동네,20251113,시/에세이
9788901298757,S000218329701,결국 너의 시간은 온다,"19,000","17,100",10%,5%,950,염경엽,웅진지식하우스,20251112,시/에세이
9788935214952,S000218270062,인생을 배우다,"18,000","16,200",10%,5%,900,전영애,청림출판,20251112,시/에세이
9791162851814,S000218329926,부자보다 잘 사는 사람,"18,500","16,650",10%,5%,920,법상,마음의숲,20251111,시/에세이
9791170403586,S000218300896,고요로 가야겠다,"16,000","14,400",10%,5%,800,도종환,열림원,20251110,시/에세이
9788932044736,S000218476028,비신비,"12,000","10,800",10%,5%,600,백은선,문학과지성사,20251107,시/에세이
9791169851602,S000218277361,사람을 얼마나 믿어도 되는가,"19,800","17,820",10%,5%,990,정재민,페이지2북스,20251031,시/에세이
9791169299213,S000218306668,두부살에서 철인으로,"19,000","17,100",10%,5%,950,김주영,페스트북,20251031,시/에세이
9791194171942,S000218309255,일요일의 예술가,"13,000","11,700",10%,5%,650,황유원,난다,20251031,시/에세이
9791167141286,S000218309127,다시 만난 월든,"19,000","17,100",10%,5%,950,정여울,해냄출판사,20251030,시/에세이
9791198853172,S000218229113,네가 있다는 생각을 자주 해,"15,000","13,500",10%,5%,750,박연준 외,시절,20251024,시/에세이
9791162145470,S000218230103,나를 살리는 다정한 말,"18,000","16,200",10%,5%,900,수정빛,부크럼,20251022,시/에세이
9791166893742,S000218235055,아직 오지 않은 소설가에게,"15,000","13,500",10%,5%,750,마루야마 겐지,바다출판사,20251017,시/에세이
9791194171973,S000218085010,짧은 이야기들,"15,000","13,500",10%,5%,750,앤 카슨,난다,20251007,시/에세이
9791194171935,S000218022861,아오리 아니고 아오모리,"15,000","13,500",10%,5%,750,김연덕,난다,20251001,시/에세이
9788932044620,S000217939761,작약과 공터,"12,000","10,800",10%,5%,600,허연,문학과지성사,20251001,시/에세이
9791173574726,S000217917226,롤랑 바르트가 쓴 롤랑 바르트,"25,000","22,500",10%,5%,"1,250",롤랑 바르트,21세기북스,20250929,시/에세이
9791194348320,S000217567519,초록친구,"18,000","16,200",10%,5%,900,이다,비아북,20250929,시/에세이
9791193300558,S000217917221,망그러진 만화(부앙단 댓글 에디션),"17,800","16,020",10%,5%,890,유랑,좋은생각,20250929,시/에세이
9791175240872,S000218315391,탈무드(초판본)(블랙벨벳 초호화 금장에디션)(1853년 오리지널 초판본 표지디자인),"19,800","17,820",10%,5%,990,유대교 랍비 외,더스토리,20250925,시/에세이
9791156366430,S000217428280,거리를 두었더니 마음이 가까워졌다,"18,000","16,200",10%,5%,900,황상열,마음세상,20250923,시/에세이
9788947501941,S000217586408,공허에 대하여,"19,800","17,820",10%,5%,990,토마스 무어,한국경제신문,20250920,시/에세이
9791171714940,S000217577560,여자가 사랑한 여자들,"18,500","16,650",10%,5%,920,이예지,위즈덤하우스,20250917,시/에세이
9788993834642,S000217554268,"파일럿의, 시간","18,000","16,200",10%,5%,900,신지수,책으로여는세상,20250912,시/에세이
9788960909526,S000217430294,불이 켜지기 전에,"17,000","15,300",10%,5%,850,김소미,마음산책,20250910,시/에세이
9791188343867,S000217419009,"아무튼, 맛집","12,000","10,800",10%,5%,600,박재영,제철소,20250908,시/에세이
9791193388204,S000217411733,오늘도 잘 놀다 갑니다,"17,800","16,020",10%,5%,890,김은영(소풍족),서스테인,20250905,시/에세이
9791192073811,S000217446667,1일 1페이지 짧고 깊은 지식수업 365: 마음편,"18,900","17,010",10%,5%,940,김옥림,미래북(Mirae Book),20250904,시/에세이
9791190738163,S000217430135,같이 그리는 초상화처럼,"20,000","18,000",10%,5%,"1,000",정재은,플레인아카이브,20250830,시/에세이
9791194192312,S000216863283,당신의 고민에 부처는 이렇게 답한다,"17,500","15,750",10%,5%,870,H. 이치카,반가사유,20250829,시/에세이
9791199435100,S000217822239,목 늘어난 티셔츠가 지저분해 보이지 않는 이유,"14,000","12,600",10%,5%,700,수수진,저스트스토리지,20250829,시/에세이
9788936425227,S000217376459,편의점에서 잠깐,"13,000","11,700",10%,5%,650,정호승,창비,20250829,시/에세이
9791160100822,S000217395276,한 걸음 물러나 바라본 삶,"20,000","18,000",10%,5%,"1,000",이유재,미디어스트리트,20250825,시/에세이
9791167375797,S000217376333,고전의 사계,"20,000","18,000",10%,5%,"1,000",손정수,은행나무,20250825,시/에세이
9791141602406,S000217337635,오늘부터 영원히 생일,"12,000","10,800",10%,5%,600,권누리,문학동네,20250825,시/에세이
9791175242821,S000219718536,하늘과 바람과 별과 시(1955년 정음사 오리지널 초판본 표지디자인),"9,800","8,820",10%,5%,490,윤동주,더스토리,20250820,시/에세이
9791191013955,S000217285745,"나는 으른입니다, 게으른","17,500","15,750",10%,5%,870,김보,북라이프,20250818,시/에세이
9791192073804,S000217241874,법정 잠언집 365,"18,800","16,920",10%,5%,940,김옥림,미래북(Mirae Book),20250814,시/에세이
9791199031739,S000217163842,나무 같은 사람이 되고 싶다,"17,800","16,020",10%,5%,890,리즈 마빈,아멜리에북스,20250813,시/에세이
9791199472518,S000218080887,아름다울 가,"12,000","10,800",10%,5%,600,최민정,푸른산,20250805,시/에세이
9791199048126,S000217187737,보이저,"18,000","16,200",10%,5%,900,노나 페르난데스,가망서사,20250801,시/에세이
9791192372754,S000217146248,각성,"17,800","16,020",10%,5%,890,김요한,떠오름(RISE),20250731,시/에세이
9791171714605,S000217184082,천천히 와(누드사철제본),"18,000","16,200",10%,5%,900,유희경,위즈덤하우스,20250730,시/에세이
9791194720034,S000217096010,꽃멍,"19,500","17,550",10%,5%,970,박유녕,pfpg(플레이풀페이지),20250726,시/에세이
9791198670274,S000217050560,소설로 읽는 세상,"19,800","17,820",10%,5%,990,김규나,양문출판사,20250721,시/에세이
9791193808337,S000216979686,하루 한 줄 마음 챙김 필사책,"14,800","13,320",10%,5%,740,유태진,다른상상,20250715,시/에세이
9791199229921,S000217111804,명상이 나에게,"11,000","9,900",10%,5%,550,이근상,몽스북,20250714,시/에세이
9788936480851,S000216985545,작은 일기,"14,000","12,600",10%,5%,700,황정은,창비,20250711,시/에세이
9788937409547,S000217088403,화살기도,"13,000","11,700",10%,5%,650,여세실,민음사,20250711,시/에세이
9788960909380,S000216980600,지금이 쌓여서 피어나는 인생,"17,000","15,300",10%,5%,850,박용만,마음산책,20250710,시/에세이
9788932044187,S000217012984,잉걸 설탕,"12,000","10,800",10%,5%,600,송희지,문학과지성사,20250707,시/에세이
9788991418394,S000216950036,산빛,"22,000","19,800",10%,5%,"1,100",박노해,느린걸음,20250704,시/에세이
9791189336851,S000216951263,돌은 위로가 되지,"13,000","11,700",10%,5%,650,마거릿 애트우드,프시케의숲,20250703,시/에세이
9791186963722,S000216857784,노년을 읽습니다,"19,800","17,820",10%,5%,990,서민선,헤르츠나인,20250701,시/에세이
9791188343836,S000216886185,"아무튼, 여름","12,000","10,800",10%,5%,600,김신회,제철소,20250701,시/에세이
9791199326804,S000216952112,"의료사고, 진실을 찾아서","16,000","14,400",10%,5%,800,강윤석,메디마크,20250630,시/에세이
9788937409530,S000216932217,제너레이션,"13,000","11,700",10%,5%,650,김미령,민음사,20250627,시/에세이
9791189922672,S000216859689,월든(일러스트 에디션),"18,000","16,200",10%,5%,900,헨리 데이비드 소로,오렌지연필,20250626,시/에세이
9788937428685,S000216968806,"89개의 말 프라하, 사라져 가는 시","15,000","13,500",10%,5%,750,밀란 쿤데라,민음사,20250626,시/에세이
9791199022911,S000216803223,내 주머니는 맑고 강풍,"18,000","16,200",10%,5%,900,최진영,핀드,20250623,시/에세이
9791191744439,S000216803303,이상하고 자유로운 할머니가 되고 싶어,"18,000","16,200",10%,5%,900,무루(박서영),오후의소묘,20250620,시/에세이
9791199308602,S000216930496,내가 죽으면 누가 울어줄까,"15,000","13,500",10%,5%,750,박찬위,필로맨틱,20250620,시/에세이
9791194087885,S000216885259,이다의 도시관찰일기,"19,500","17,550",10%,5%,970,이다,반비,20250618,시/에세이
9791194324799,S000216830653,여름어 사전,"17,000","15,300",10%,5%,850,아침달 편집부,아침달,20250618,시/에세이
9791197785252,S000216840823,스웨덴 특파원입니다,"20,000","18,000",10%,5%,"1,000",김선호 외,빨간집,20250617,시/에세이
9791194184355,S000216841290,같이 읽자는 고백,"18,500","16,650",10%,5%,920,김소영,이야기장수,20250617,시/에세이
9791141602420,S000216693881,순간을 달리는 할머니 2,"18,000","16,200",10%,5%,900,엄유진,문학동네,20250617,시/에세이
9791141602314,S000216693875,순간을 달리는 할머니 1,"18,000","16,200",10%,5%,900,엄유진,문학동네,20250617,시/에세이
9791194171614,S000216829919,초록 수첩,"17,000","15,300",10%,5%,850,필리프 자코테,난다,20250616,시/에세이
9791141602178,S000216818225,나 외계인이 될지도 몰라,"12,000","10,800",10%,5%,600,신이인,문학동네,20250616,시/에세이
9791141602017,S000216795889,우리는 왜 그토록 많은 연인이 필요했을까,"12,000","10,800",10%,5%,600,이규리,문학동네,20250613,시/에세이
9791192025230,S000216682898,멀리도 가까이도 느긋한 여행,"18,000","16,200",10%,5%,900,마스다 미리,북포레스트,20250610,시/에세이
9791168123281,S000061352974,함께 가는 길은 외롭지 않습니다(제21대 대한민국 대통령 이재명 당선 기념 리커버 에디션),"16,800","15,120",10%,5%,840,이재명,위즈덤하우스,20250609,시/에세이
9791199279018,S000216757390,창을 여는 마음,"15,000","13,500",10%,5%,750,안리타,홀로씨의 테이블,20250609,시/에세이
9791194966005,S000216670405,붙잡지 않는 삶,"19,800","17,820",10%,5%,990,에크하르트 톨레,스노우폭스북스,20250529,시/에세이
9791194171591,S000216648242,뭐 어때,"16,000","14,400",10%,5%,800,오은,난다,20250526,시/에세이
9791194324478,S000216552881,사유노트,"17,000","15,300",10%,5%,850,김언,아침달,20250522,시/에세이
9791194531111,S000216514563,영화처럼 걷고 여행처럼 찍다,"19,800","17,820",10%,5%,990,김문경,사유와공감,20250521,시/에세이
9791173552366,S000216446685,불꽃 속에서 문학을 피우다,"19,000","17,100",10%,5%,950,주진복,미다스북스,20250521,시/에세이
9791192073729,S000216504664,법정 마음의  온도(법정스님 열반  15주기) 특별 에디션,"17,800","16,020",10%,5%,890,김옥림,미래북(Mirae Book),20250520,시/에세이
9791198898845,S000216916131,내가 되고 싶은 사람,"13,000","11,700",10%,5%,650,김져니,요호이,20250520,시/에세이
9791141602055,S000216446947,내 꿈에 가끔만 놀러와,"16,800","15,120",10%,5%,840,고선경,문학동네,20250514,시/에세이
9791191369656,S000216420739,가끔 살아 내는 게 엉망이어도 괜찮아,"17,000","15,300",10%,5%,850,윤글,딥앤와이드,20250502,시/에세이
9788993741063,S000001533605,아직도 내귀엔 서간도 바람소리가,"15,000","13,500",10%,1%,150,허은 외,민족문제연구소,20250502,시/에세이
9791130322995,S000216297117,동물의 호의에는 이유가 없어서,"19,000","17,100",10%,5%,950,김동영(김줄스),인북,20250428,시/에세이
9791142315534,S000216325198,나태주의 풀꽃 인생수업,"18,000","16,200",10%,5%,900,나태주,니들북,20250428,시/에세이
9788946423077,S000216354577,법정 스님의 말과 글,"22,000","19,800",10%,5%,"1,100",법정,샘터(샘터사),20250425,시/에세이
9791194324379,S000216355300,오리배가 지나간 호수의 파랑,"12,000","10,800",10%,5%,600,장이지,아침달,20250425,시/에세이
9788932043562,S000216361656,빛과 실,"15,000","13,500",10%,5%,750,한강,문학과지성사,20250418,시/에세이
9791194591580,S000216063373,월든(초판본)(1854년 오리지널 초판본 표지디자인),"5,500","4,950",10%,5%,270,헨리 데이비드 소로,더스토리,20250415,시/에세이
9788937409509,S000216275325,유물론,"13,000","11,700",10%,5%,650,서동욱,민음사,20250411,시/에세이
9788936425166,S000216225938,마중도 배웅도 없이,"12,000","10,800",10%,5%,600,박준,창비,20250411,시/에세이
9791198798312,S000216240216,섬진강 시인들,"12,000","10,800",10%,5%,600,백학기 외,엠엔북스,20250403,시/에세이
9788937409493,S000216232817,검은 양 세기,"13,000","11,700",10%,5%,650,김종연,민음사,20250331,시/에세이
9791194591382,S000215970436,진달래꽃(초판본)(1925년 오리지널 초판본 표지디자인),"2,980","2,690",10%,5%,140,김소월,더스토리,20250328,시/에세이
9791194591368,S000215970366,이상 선집(초판본)(1949년 백양당 오리지널 초판본 표지디자인),"2,980","2,690",10%,5%,140,이상,더스토리,20250328,시/에세이
9791192651347,S000216144373,나비 증상,"12,000","10,800",10%,5%,600,함태숙,여우난골,20250325,시/에세이
9791194080084,S000216024733,슬픔을 겪어야만 열리는 문이 있다,"16,800","15,120",10%,5%,840,와카마쓰 에이스케,북플랫,20250314,시/에세이
9791167741943,S000216002167,나는 숲속 도서관의 사서입니다,"16,800","15,120",10%,5%,840,아오키 미아코,어크로스,20250314,시/에세이
9791199136632,S000216001926,매일 행복할 일만 가득할 당신에게,"17,600","15,840",10%,5%,880,김태환(장문),새벽녘,20250314,시/에세이
9788937409486,S000216063215,종종,"13,000","11,700",10%,5%,650,임경섭,민음사,20250314,시/에세이
9791197903083,S000216031160,지옥에서 부른 노래,"10,000","9,000",10%,5%,500,반디,리베르타스,20250312,시/에세이
9788935678938,S000216037847,사월에 부는 바람,"16,000","14,400",10%,5%,800,현기영,한길사,20250311,시/에세이
9791193282212,S000216044262,행복했으면 좋겠어 너에게는 늘 따스하고 예쁜 날들만 가득하기를,"17,500","15,750",10%,5%,870,이보람,물결,20250305,시/에세이
9791172670405,S000215830189,꽃멍,"14,000","12,600",10%,5%,700,양광모,푸른길,20250305,시/에세이
9791199114814,S000215925463,김영랑 따라쓰기,"17,000","15,300",10%,5%,850,김영랑,처음책방,20250301,시/에세이
9791194591290,S000215710102,오만과 편견: 3년 후 나에게 Q&A a day 다이어리(금장 에디션),"19,800","17,820",10%,5%,990,더모던 편집부,더모던,20250228,시/에세이
9788976047083,S000215567925,마흔에 읽는 우화,"18,000","16,200",10%,5%,900,도다 도모히로,문예춘추사,20250228,시/에세이
9791165703264,S000215914775,도넛을 나누는 기분(시절 시집 에디션),"13,000","11,700",10%,5%,650,김소형 외,창비교육,20250228,시/에세이
9791198560476,S000215885998,베르가못 샤워,"10,000","9,000",10%,5%,500,이아로,저스트스토리지,20250228,시/에세이
9791190710954,S000215791967,"나의 소원은, 나였다","17,000","15,300",10%,5%,850,곽세라,앤의서재,20250225,시/에세이
9791169084307,S000215724173,우리가 반짝이는 계절,"19,800","17,820",10%,5%,990,장류진,오리지널스,20250219,시/에세이
9791194324218,S000215711206,나도 기다리고 있어,"12,000","10,800",10%,5%,600,이새해,아침달,20250214,시/에세이
9791130663067,S000215698113,꿈꾸는 자가 창조한다,"16,800","15,120",10%,5%,840,박경리,다산책방,20250206,시/에세이
9791186519943,S000215746898,프로방스에서는 멈춰도 괜찮아,"28,000","25,200",10%,5%,"1,400",김범,비앤씨월드,20250204,시/에세이
9791194591023,S000215103949,빈센트 반 고흐 5년 후 나에게: Q&A a Day 다이어리(금장 에디션),"19,800","17,820",10%,5%,990,더모던 편집부,더모던,20250131,시/에세이
9791198970244,S000215650994,사랑하지 않아야 할 사람을 사랑하고 있다면,"16,700","15,030",10%,5%,830,이정하,마음시회,20250125,시/에세이
9791157957552,S000215615072,문해력을 위한 윤동주 전 시집 필사북,"23,000","20,700",10%,5%,"1,150",윤동주,스타북스,20250121,시/에세이
9791198923202,S000215130759,고요의 힘,"19,800","17,820",10%,5%,990,틱낫한,소수출판사,20250115,시/에세이
9791199007703,S000215067949,잘 살고 있는 건가 싶을 때,"18,500","16,650",10%,5%,920,조성용 흔글,북갈피,20250115,시/에세이
9788985392020,S000215554453,신춘문예 당선시집(2025),"14,000","12,600",10%,5%,700,안수현 외,문학마을,20250115,시/에세이
9791194285038,S000215101553,사람을 남기는 사람,"18,000","16,200",10%,5%,900,정지우,마름모,20250113,시/에세이
9791172670313,S000214976373,늠름한 허름,"12,000","10,800",10%,5%,600,양광모,푸른길,20250105,시/에세이
9791171179497,S000215015870,침묵의 서,"19,800","17,820",10%,5%,990,조제프 앙투안 투생 디누아르,아르테(arte),20241230,시/에세이
9791170612148,S000215064173,서울 문학 기행,"18,800","16,920",10%,5%,940,방민호,북다,20241230,시/에세이
9788936425111,S000215029779,온 우주가 바라는 나의 건강한 삶,"12,000","10,800",10%,5%,600,남현지,창비,20241227,시/에세이
9791198978080,S000215097815,촌 할매의 부엔 까미노,"15,000","13,500",10%,5%,750,강정숙,문학산책,20241225,시/에세이
9791194140030,S000215008285,나무,"16,800","15,120",10%,5%,840,고다 아야,책사람집,20241220,시/에세이
9791169296519,S000215061723,그대에게 드리렵니다,"12,000","10,800",10%,5%,600,이상훈,페스트북,20241220,시/에세이
9791169780445,S000214822457,수원삼성 때문에 산다,"22,000","19,800",10%,5%,"1,100",K리그 에디터스,브레인스토어,20241213,시/에세이
9791199013520,S000214880712,그렇게 나는 다시 삶을 선택했다,"17,000","15,300",10%,5%,850,최지은,유선사,20241213,시/에세이
9791193866214,S000214874886,사랑은 모든 걸 이기니까요,"18,800","16,920",10%,5%,940,정흥수,피카(FIKA),20241211,시/에세이
9791191897937,S000214872712,슬픈 토우는 고래만큼,"12,000","10,800",10%,5%,600,이기현,파란,20241210,시/에세이
9791198560452,S000215553648,내가 책방 주인이 되다니,"13,000","11,700",10%,5%,650,마이크,저스트스토리지,20241206,시/에세이
9791193027387,S000214869977,도쿄 킷사텐 여행,"19,000","17,100",10%,5%,950,최민지,남해의봄날,20241128,시/에세이
9791198347633,S000214737933,저스트 워킷,"13,000","11,700",10%,5%,650,박송이,세종마루,20241125,시/에세이
9788932043371,S000214869428,보헤미아 유리,"12,000","10,800",10%,5%,600,최하연,문학과지성사,20241125,시/에세이
9791194324126,S000214815958,순수한 기쁨,"12,000","10,800",10%,5%,600,차유오,아침달,20241122,시/에세이
9791171179077,S000214825126,우리는 사랑 안에 살고 있다,"19,800","17,820",10%,5%,990,유혜주 외,21세기북스,20241121,시/에세이
9791173072550,S000214778913,좋은 개는 죽지 않는다,"49,800","44,820",10%,1%,490,제프리 초서 외,지식을만드는지식,20241115,시/에세이
9791164712731,S000214645942,오늘 사랑한 것,"22,000","19,800",10%,5%,"1,100",림태주,행성B,20241115,시/에세이
9791191114683,S000214758334,아프다는 것에 관하여,"16,800","15,120",10%,5%,840,메이,복복서가,20241115,시/에세이
9788992716543,S000215650517,어디서 무엇이 되어 다시 만나랴,"25,000","22,500",10%,5%,"1,250",김환기,(재)환기재단,20241111,시/에세이
9791158545352,S000214725454,길에서 역사를 만나다,"17,500","15,750",10%,5%,870,우동윤,학이사,20241111,시/에세이
9791171830619,S000214604354,헤르만 헤세와 인생 산책,"18,000","16,200",10%,5%,900,헤르만 헤세,유노북스,20241031,시/에세이
9791198637512,S000216110824,적당한 농도의 사람,"13,000","11,700",10%,5%,650,한주안,Ordinary Publisher,20241031,시/에세이
9791196114190,S000219011206,평일의 휴일,"18,000","16,200",10%,5%,900,수목요일,모눈지,20241022,시/에세이
9791141601423,S000214576989,당신은 어딘가로 가려 한다,"12,000","10,800",10%,5%,600,이병률,문학동네,20241020,시/에세이
9791194366003,S000214566738,내 말을 밀고 가면 너의 말이 따라오고,"12,000","10,800",10%,5%,600,이송희,작가,20241016,시/에세이
9791189217372,S000214466326,열두 개의 달 시화집 가을 필사노트,"27,800","25,020",10%,5%,"1,390",윤동주 외 26명,저녁달,20241015,시/에세이
9791193093696,S000214547233,거푸집의 국적,"12,000","10,800",10%,5%,600,황정산,상상인,20241015,시/에세이
9791198774880,S000214527124,왜 당신의 행복을 남에게서 찾는가,"17,800","16,020",10%,5%,890,이근오,든해,20241014,시/에세이
9788965966579,S000214512922,카피라이터의 일,"12,000","10,800",10%,5%,600,오하림,흐름출판,20241014,시/에세이
9791185860695,S000214515200,번아웃을 지나 점점 푸르게,"18,000","16,200",10%,5%,900,김은지,이야기나무,20241010,시/에세이
9791193153383,S000214453233,별을 사랑하여,"17,800","16,020",10%,5%,890,나태주,더블북,20241010,시/에세이
9791198560445,S000214608604,내가 카페에서 들은 말,"12,000","10,800",10%,5%,600,이성혁,저스트스토리지,20241010,시/에세이
9791198869609,S000214403679,"도망가자, 바다면 더 좋고","17,000","15,300",10%,5%,850,이도훈,일단,20241009,시/에세이
9791141607432,S000214292561,나는 꿈을 코딩합니다,"16,000","14,400",10%,5%,800,서인호,문학동네,20240910,시/에세이
9791198560438,S000214263832,좋은 꿈,"13,000","11,700",10%,5%,650,김종완,저스트스토리지,20240905,시/에세이
9791164052745,S000214015700,내가 확실히 아는 것들,"17,500","15,750",10%,5%,870,오프라 윈프리,북하우스,20240904,시/에세이
9791194033233,S000214057624,흐릿한 나를 견디는 법,"17,500","15,750",10%,5%,870,쑥,빅피시,20240904,시/에세이
9791130655956,S000214160261,버리고 갈 것만 남아서 참 홀가분하다,"16,000","14,400",10%,5%,800,박경리,다산책방,20240903,시/에세이
9791156627135,S000214165952,싱코페이션,"10,000","9,000",10%,5%,500,김선오,아시아,20240831,시/에세이
9791141607173,S000214159991,우리는 이어져 있다고 믿어,"12,000","10,800",10%,5%,600,손미,문학동네,20240829,시/에세이
9791194184034,S000214096210,즐거운 어른,"16,800","15,120",10%,5%,840,이옥선,이야기장수,20240826,시/에세이
9791196182939,S000001973013,우리가 우리이기 이전에,"14,000","12,600",10%,5%,700,안리타,홀로씨의 테이블,20240824,시/에세이
9791141606831,S000213907307,작약은 물속에서 더 환한데,"12,000","10,800",10%,5%,600,이승희,문학동네,20240730,시/에세이
9791190706148,S000213922065,너는 내 손바닥 위의 작고 푸른 폐,"5,000","4,500",10%,5%,250,김진솔 외 17명 외,주머니시,20240729,시/에세이
9791171712380,S000213834105,재능을 돈으로 바꿀 수 있을까,"18,000","16,200",10%,5%,900,엄주,위즈덤하우스,20240717,시/에세이
9788932924441,S000213745644,여름의 빛,"14,800","13,320",10%,5%,740,장자크 상페,열린책들,20240715,시/에세이
9788934920892,S000213766661,가벼운 고백,"18,800","16,920",10%,5%,940,김영민,김영사,20240710,시/에세이
9791198809926,S000213674016,이제 곧 행운이 너를 찾아갈 거야,"16,800","15,120",10%,5%,840,수정빛,스튜디오오드리,20240704,시/에세이
9791194171003,S000213747945,왜 글은 쓴다고 해가지고,"16,000","14,400",10%,5%,800,백가흠,난다,20240630,시/에세이
9791194087519,S000213641146,우리만의 사적인 아틀란티스,"18,000","16,200",10%,5%,900,정승민,세미콜론,20240626,시/에세이
9788937456770,S000213682068,금빛 종소리,"17,000","15,300",10%,5%,850,김하나,민음사,20240621,시/에세이
9788946422759,S000213534290,나무 사이,"17,000","15,300",10%,5%,850,박수인 외,샘터(샘터사),20240614,시/에세이
9788937409424,S000213641158,이 시는 누워 있고 일어날 생각을 안 한다,"12,000","10,800",10%,5%,600,임지은,민음사,20240614,시/에세이
9791188167906,S000213428775,어떤 하루,"16,800","15,120",10%,5%,840,신준모,프롬북스,20240603,시/에세이
9791141087845,S000214147533,마침내 멸망하는 여름(스페셜 에디션),"11,000","9,900",10%,5%,550,정,부크크(Bookk),20240603,시/에세이
9788937438363,S000213461233,프란츠 카프카 잠언 일기집: 너와 세상 사이의 싸움에서,"11,000","9,900",10%,5%,550,프란츠 카프카,민음사,20240531,시/에세이
9791172453381,S000213326274,연애 지상주의 구역 포토에세이,"27,000","24,300",10%,5%,"1,350",스튜디오 커피브레이크,니들북,20240530,시/에세이
9791141600716,S000213394016,고백은 어째서 편지의 형식입니까?,"12,000","10,800",10%,5%,600,오병량,문학동네,20240529,시/에세이
9791168418219,S000213260273,꿈꾸지 않아도 빤짝이는 중,"16,800","15,120",10%,5%,840,브로디 외,북폴리오,20240516,시/에세이
9791198257260,S000213260207,대명사들,"10,000","9,000",10%,5%,500,이송희,다인숲,20240511,시/에세이
9791193262146,S000213175125,치즈덕이라서 좋아!,"19,800","17,820",10%,5%,990,나봄,필름(Feelm),20240508,시/에세이
9791162144930,S000213260340,잃어도 이뤄냈으니까,"17,000","15,300",10%,5%,850,허우령,부크럼,20240507,시/에세이
9791141600020,S000213175575,다정하지만 만만하지 않습니다,"16,000","14,400",10%,5%,800,정문정,문학동네,20240503,시/에세이
9788934939634,S000213094452,우리 봄날에 다시 만나면,"18,800","16,920",10%,5%,940,능행,김영사,20240430,시/에세이
9791170402602,S000213026304,나태주의 행복수업,"18,000","16,200",10%,5%,900,김지수 외,열림원,20240422,시/에세이
9791187847144,S000212807456,서른 살이 되지 못할 줄 알았습니다,"17,000","15,300",10%,5%,850,이정연,와우라이프,20240415,시/에세이
9791171711734,S000212890947,교토의 햇살을 간직해,"20,000","18,000",10%,5%,"1,000",현봄이,위즈덤하우스,20240403,시/에세이
9791198518200,S000212864863,자꾸자꾸 사람이 예뻐져,"13,000","11,700",10%,5%,650,조남예 외,정미소,20240401,시/에세이
9791192372594,S000212779626,오늘은 당신이 철부지로 살았으면 좋겠어요,"17,800","16,020",10%,5%,890,박대선,떠오름(RISE),20240329,시/에세이
9788936402945,S000212798421,이건 다만 사랑의 습관,"11,000","9,900",10%,5%,550,안희연 외,창비,20240329,시/에세이
9791164712564,S000212754316,단어의 위로,"15,000","13,500",10%,5%,750,시골쥐,행성B,20240320,시/에세이
9788932042626,S000212725155,음악집,"12,000","10,800",10%,5%,600,이장욱,문학과지성사,20240314,시/에세이
9788932923925,S000212623983,조지 오웰 산문선,"8,800","7,920",10%,5%,440,조지 오웰,열린책들,20240305,시/에세이
9791197332678,S000212461437,벼랑 끝이지만 아직 떨어지진 않았어,"18,000","16,200",10%,5%,900,소재원,프롤로그,20240304,시/에세이
9791193300244,S000212798215,사랑의 인사,"14,800","13,320",10%,5%,740,정용철,좋은생각,20240304,시/에세이
9788958560593,S000212647984,탈무드,"10,000","9,000",10%,5%,500,이동민,인디북,20240216,시/에세이
9791197731198,S000211914725,선 넘은 여자들,"19,000","17,100",10%,5%,950,김희정 외,생각의창,20240208,시/에세이
9788908020252,S000000420791,자기로부터의 혁명 3,"20,000","18,000",10%,5%,"1,000",지두 크리슈나무르티,범우사,20240205,시/에세이
9788952131157,S000212577455,이야기가 있는 여성의 한시,"79,000","79,000",0%,3%,"2,370",이종묵,서울대학교출판문화원,20240201,시/에세이
9791198638809,S000213175452,오늘의 기본,"15,000","13,500",10%,5%,750,소원,닢(라이프마인드),20240129,시/에세이
9791162182789,S000211817132,"슬퍼하지 말아요, 곧 밤이 옵니다","19,800","17,820",10%,5%,990,헤르만 헤세,나무생각,20240120,시/에세이
9791193262085,S000211905744,생각을 끄는 스위치가 필요해,"18,000","16,200",10%,5%,900,인프제 보라,필름(Feelm),20240117,시/에세이
9791193506073,S000211871551,사랑인 줄 알았는데 부정맥,"13,300","11,970",10%,5%,660,전국유로실버타운협회,포레스트북스,20240117,시/에세이
9791186561874,S000211808432,하필 책이 좋아서,"18,000","16,200",10%,5%,900,김동신 외,북노마드,20240111,시/에세이
9788960908581,S000211808424,세상을 받아들이는 방식,"16,000","14,400",10%,5%,800,메리 올리버,마음산책,20240102,시/에세이
9791198375315,S000211785112,보통 이하의 것들,"24,000","21,600",10%,5%,"1,200",조르주 페렉,녹색광선,20231231,시/에세이
9791191861266,S000211816536,인생은 너무도 느리고 희망은 너무도 난폭해,"16,800","15,120",10%,5%,840,프랑수아즈 사강,레모,20231227,시/에세이
9791193300077,S000211556772,망그러진 만화 2,"17,500","15,750",10%,5%,870,유랑,좋은생각,20231225,시/에세이
9791198569608,S000211704195,남인숙의 어른수업,"17,200","15,480",10%,5%,860,남인숙,리안북스,20231222,시/에세이
9788954697859,S000211744680,"베를린, 달렘의 노래","12,000","10,800",10%,5%,600,김이듬,문학동네,20231222,시/에세이
9788962910834,S000211748776,가장 넓은 길은 언제나 내 마음속에,"11,000","9,900",10%,5%,550,양광모,푸른길,20231222,시/에세이
9791191891447,S000211596977,산책하듯 가볍게(풀빛에디션),"17,500","15,750",10%,5%,870,정우성,북플레저,20231215,시/에세이
9791165120832,S000211683638,나는 천사의 말을 극장에서 배웠지,"15,000","13,500",10%,5%,750,김지율,북인,20231215,시/에세이
9791198560407,S000211656037,책방지기의 혼잣말,"14,000","12,600",10%,5%,700,이보람,저스트스토리지,20231213,시/에세이
9791155816639,S000211477606,타샤의 정원(타샤 튜더 코티지 가든 에디션),"17,800","16,020",10%,5%,890,타샤 튜더 외,윌북,20231208,시/에세이
9791197766015,S000211602365,외로움의 모양,"18,000","16,200",10%,5%,900,이현정,가능성들,20231206,시/에세이
9788932923673,S000211566518,제임스 다이슨,"30,000","27,000",10%,5%,"1,500",제임스 다이슨,사람의집,20231205,시/에세이
9788934917328,S000211513314,오늘도 잘 살았네,"16,800","15,120",10%,5%,840,고은지,김영사,20231204,시/에세이
9788996371649,S000211402327,박상설의 자연 수업,"19,500","17,550",10%,5%,970,박상설,나무와달,20231201,시/에세이
9791168416642,S000210415037,"나태주, 지금의 안부","23,800","21,420",10%,5%,"1,190",나태주,북폴리오,20231115,시/에세이
9788990229472,S000001442389,행복한 철학자,"19,000","17,100",10%,5%,950,우애령,하늘재,20231115,시/에세이
9791193262061,S000211338392,남에게 좋은 사람보다 나에게 좋은 사람,"17,500","15,750",10%,5%,870,조원희,필름(Feelm),20231114,시/에세이
9791197537219,S000211213944,잘 지내기를 바라는 마음,"10,000","9,000",10%,5%,500,김미현,사랑으로,20231114,시/에세이
9788901276816,S000211193175,겨울의 언어,"18,500","16,650",10%,5%,920,김겨울,웅진지식하우스,20231110,시/에세이
9788936424930,S000211235849,하얀 사슴 연못,"11,000","9,900",10%,5%,550,황유원,창비,20231110,시/에세이
9788932042251,S000211023635,멸망한 세계에서 살아남는 법,"12,000","10,800",10%,5%,600,변혜지,문학과지성사,20231106,시/에세이
9791198491701,S000210876809,듣기 좋은 말 하기 싫은 말,"15,000","13,500",10%,5%,750,임진아,뉘앙스(NUANCE),20231102,시/에세이
9791191914504,S000210531939,사람냄새,"20,000","18,000",10%,5%,"1,000",김주대,시와에세이,20231025,시/에세이
9791198446046,S000210514840,멋있게 좀 살자 우리,"12,000","10,800",10%,5%,600,손현녕,저스트스토리지,20231020,시/에세이
9788934910848,S000209743689,사랑은 사랑으로 돌아옵니다,"16,800","15,120",10%,5%,840,정목,김영사,20231016,시/에세이
9788954698818,S000209707012,내가 아직 쓰지 않은 것,"3,000","2,700",10%,5%,150,강신애 외,문학동네,20231016,시/에세이
9791192908823,S000210514642,페이지보이,"18,000","16,200",10%,5%,900,엘리엇 페이지,반비,20231013,시/에세이
9791170402206,S000210397746,단순 생활자,"17,000","15,300",10%,5%,850,황보름,열림원,20231013,시/에세이
9791169103459,S000209587235,여하튼 걸어보기로 했다,"24,000","21,600",10%,5%,"1,200",보,미다스북스,20231012,시/에세이
9788937427152,S000209756400,유한함에 관하여 유머로 가득한 이별,"22,000","19,800",10%,5%,"1,100",귄터 그라스,민음사,20230928,시/에세이
9791198224231,S000209183984,더는 애쓰고 싶지 않은 마음,"17,000","15,300",10%,5%,850,인썸,그윽,20230927,시/에세이
9791160273120,S000210514495,고통과 환희의 순간들,"16,800","15,120",10%,5%,840,프랑수아즈 사강,소담,20230925,시/에세이
9788932042138,S000209212399,영혼의 물질적인 밤,"15,000","13,500",10%,5%,750,이장욱,문학과지성사,20230925,시/에세이
9791167241436,S000211836372,온금동의 달,"10,000","9,000",10%,5%,500,유헌,고요아침,20230925,시/에세이
9788934940982,S000209150855,나만 그런 게 아니었어,"15,000","13,500",10%,5%,750,요시타케 신스케,김영사,20230921,시/에세이
9791198161499,S000208895175,"날이 좋아요, 차를 마셔요","18,000","16,200",10%,5%,900,요즘다인,청림라이프,20230920,시/에세이
9791198446039,S000209170987,사과를 고르는 마음,"13,000","11,700",10%,5%,650,본본,저스트스토리지,20230912,시/에세이
9788995443132,S000209669976,짱뚱어와 망둥어도 사랑을 한다,"11,000","9,900",10%,5%,550,김옥경,굿라이프,20230902,시/에세이
9791197755019,S000209182742,나를 향한 여행,"20,000","18,000",10%,5%,"1,000",김정은 외,섬creation,20230901,시/에세이
9791192886237,S000208415496,비표준 감정사전,"16,800","15,120",10%,5%,840,김정은,마인드빌딩,20230822,시/에세이
9788937426162,S000208596987,고독한 밤에 호루라기를 불어라,"18,000","16,200",10%,5%,900,이응준,민음사,20230818,시/에세이
9791169102964,S000203286269,당신만 지치지 않으면 됩니다,"17,000","15,300",10%,5%,850,황상열,미다스북스,20230801,시/에세이
9791198010773,S000203013718,"풀어보세요, 마음입니다","13,000","11,700",10%,5%,650,이은별,소라카,20230717,시/에세이
9791170621287,S000203099166,우리는 언제나 서로의 행복이야,"16,000","14,400",10%,5%,800,라타,대원앤북,20230710,시/에세이
9791198278227,S000202933446,끝내주는 인생,"17,800","16,020",10%,5%,890,이슬아,디플롯,20230703,시/에세이
9791168341128,S000202740435,순도 100퍼센트의 휴식,"16,800","15,120",10%,5%,840,박상영,인플루엔셜,20230630,시/에세이
9791168126541,S000202823481,나는 앞으로 몇 번의 보름달을 볼 수 있을까,"20,000","18,000",10%,5%,"1,000",류이치 사카모토,위즈덤하우스,20230628,시/에세이
9791190582711,S000202800238,나는 죽음을 돕는 의사입니다,"18,000","16,200",10%,5%,900,스테파니 그린,이봄,20230626,시/에세이
9791198023360,S000202674009,키스,"10,000","9,000",10%,5%,500,해사 외,파도,20230621,시/에세이
9788946422483,S000202556750,여기 오늘의 다정이 있어,"17,000","15,300",10%,5%,850,지수,샘터(샘터사),20230616,시/에세이
9788932323084,S000202556832,이다의 자연 관찰 일기,"19,500","17,550",10%,5%,970,이다,현암사,20230605,시/에세이
9791191859546,S000202521366,너무 보고플 땐 눈이 온다,"16,000","14,400",10%,5%,800,고명재,난다,20230531,시/에세이
9788932001036,S000000568008,뒹구는 돌은 언제 잠 깨는가,"12,000","10,800",10%,5%,600,이성복,문학과지성사,20230530,시/에세이
9788954692472,S000202375249,우리 둘에게 큰일은 일어나지 않는다,"12,000","10,800",10%,5%,600,김상혁,문학동네,20230530,시/에세이
9791198223241,S000202536018,삶과 사랑 사람과 상황,"13,000","11,700",10%,5%,650,김종영,저스트스토리지,20230526,시/에세이
9788937417214,S000202321854,"작가, 업계인, 철학자, 스파이","17,000","15,300",10%,5%,850,김영준,민음사,20230522,시/에세이
9791191462210,S000201893132,어린이의 여행법,"5,000","4,500",10%,5%,250,이지나,라이프앤페이지,20230522,시/에세이
9791130699394,S000201849990,일본산고,"16,700","15,030",10%,5%,830,박경리,다산책방,20230502,시/에세이
9791155815960,S000201358678,버거운 세상 속 부서진 나를 위한 책,"14,800","13,320",10%,5%,740,데비 텅,윌북,20230420,시/에세이
9791197966361,S000201529605,무뎌진다는 것(5주년 기념 전면 개정판),"16,800","15,120",10%,5%,840,투에고,로즈북스,20230419,시/에세이
9791192625355,S000201447314,무례한 사람에게 웃으며 대처하는 법(50만 부 기념 스페셜 개정판),"16,800","15,120",10%,5%,840,정문정,포레스트북스,20230416,시/에세이
9791168030626,S000201465873,시를 잊은 나에게,"16,800","15,120",10%,5%,840,윤동주 외 63인,북로그컴퍼니,20230415,시/에세이
9791191200744,S000201466179,오래 보아야 사랑스럽다,"15,800","14,220",10%,5%,790,나태주,자화상,20230414,시/에세이
9791189336585,S000201429101,그냥 믿어주는 일,"14,000","12,600",10%,5%,700,미야모토 테루,프시케의숲,20230410,시/에세이
9791162182451,S000201339449,이것은 물이다,"12,000","10,800",10%,5%,600,데이비드 포스터 월리스,나무생각,20230405,시/에세이
9788960499256,S000201344182,수치심 탐구 생활,"15,000","13,500",10%,5%,750,사월날씨,왼쪽주머니,20230330,시/에세이
9791198223210,S000201430945,몸이 기억하는 말들(표지 색상 랜덤 발송),"13,000","11,700",10%,5%,650,김로로,저스트스토리지,20230320,시/에세이
9791191897517,S000201337728,싱크로나이즈드 스위밍,"12,000","10,800",10%,5%,600,송희지,파란,20230320,시/에세이
9791198223203,S000201419776,순간을 잡아두는 방법,"10,000","9,000",10%,5%,500,오수영,저스트스토리지,20230317,시/에세이
9791191825770,S000201077976,모든 순간이 너였다,"16,800","15,120",10%,5%,840,하태완,빅피시,20230314,시/에세이
9788937442988,S000201293627,디 에센셜: 김수영(무선 보급판),"17,000","15,300",10%,5%,850,김수영,민음사,20230310,시/에세이
9791162144404,S000201214316,방랑기,"16,000","14,400",10%,5%,800,최형준,부크럼,20230310,시/에세이
9788954698658,S000201210362,영원 금지 소년 금지 천사 금지,"12,000","10,800",10%,5%,600,육호수,문학동네,20230310,시/에세이
9788934951100,S000201095302,수의사는 오늘도 짝사랑 중,"13,500","12,150",10%,5%,670,김명철,김영사,20230228,시/에세이
9791191744200,S000201052128,차를 담는 시간,"17,000","15,300",10%,5%,850,김유미,오후의소묘,20230220,시/에세이
9788954690812,S000201020102,저는 많이 보고 있어요,"12,000","10,800",10%,5%,600,안미옥,문학동네,20230220,시/에세이
9791198159601,S000200832181,소설가라는 이상한 직업,"18,000","16,200",10%,5%,900,장강명,유유히,20230215,시/에세이
9791163142805,S000201014120,조화로운 삶,"16,000","14,400",10%,5%,800,헬렌 니어링 외,보리출판사,20230210,시/에세이
9791197535154,S000201022524,"점, 선, 면 다음은 마음","14,000","12,600",10%,5%,700,이현호,도마뱀출판사,20230131,시/에세이
9791198112293,S000200653874,대화의 밀도,"18,000","16,200",10%,5%,900,류재언,라이프레코드,20230120,시/에세이
9791130695594,S000200662159,"라마씨, 퇴사하고 뭐 하게?","18,000","16,200",10%,5%,900,계남,요요,20230118,시/에세이
9791159318924,S000200710937,일본 하이쿠 선집,"11,200","10,080",10%,5%,560,마쓰오 바쇼 외,책세상,20230113,시/에세이
9788960907904,S000200639257,서쪽 바람,"14,000","12,600",10%,5%,700,메리 올리버,마음산책,20230110,시/에세이
9791186351543,S000200496950,줬으면 그만이지(반양장),"20,000","18,000",10%,5%,"1,000",김주완,피플파워,20230101,시/에세이
9788932041117,S000200632378,부엉이의 불길한 말,"12,000","10,800",10%,5%,600,루쉰,문학과지성사,20221230,시/에세이
9788934981039,S000200497076,바람에게도 고맙다,"15,800","14,220",10%,5%,790,김재진,김영사,20221223,시/에세이
9788986836851,S000200515263,슬픔이 주는 기쁨(리커버),"11,000","9,900",10%,5%,550,알랭 드 보통,청미래,20221220,시/에세이
9788998933456,S000200436266,법정 희망 일기,"15,000","13,500",10%,5%,750,안지현,이와우,20221219,시/에세이
9791186602904,S000200347997,"아무튼, 드럼","12,000","10,800",10%,5%,600,손정승,위고,20221210,시/에세이
9788935678013,S000200466105,엘레나 페란테 글쓰기의 고통과 즐거움,"16,000","14,400",10%,5%,800,엘레나 페란테,한길사,20221207,시/에세이
9791197977022,S000200304269,Hoy,"17,000","15,300",10%,5%,850,김호영,인티앤,20221206,시/에세이
9791197559686,S000200380349,300개의 단상,"14,000","12,600",10%,5%,700,세라 망구소,필로우,20221202,시/에세이
9791197559693,S000200380355,망각 일기,"14,000","12,600",10%,5%,700,세라 망구소,필로우,20221202,시/에세이
9788959136896,S000000887902,스물아홉 생일 1년 후 죽기로 결심했다(반짝 에디션),"18,000","16,200",10%,5%,900,하야마 아마리,위즈덤하우스,20221201,시/에세이
9788954689922,S000200385643,박용래 시전집,"25,000","22,500",10%,5%,"1,250",박용래,문학동네,20221130,시/에세이
9791163142720,S000200362555,"아름다운 삶, 사랑 그리고 마무리","16,000","14,400",10%,5%,800,헬렌 니어링,보리출판사,20221130,시/에세이
9788937409257,S000200383981,월드,"13,000","11,700",10%,5%,650,김종연,민음사,20221130,시/에세이
9791197132926,S000200465716,불멸의 문장들,"20,000","18,000",10%,5%,"1,000",윤작가,우시모북스,20221122,시/에세이
9791188087211,S000200285989,세상의 모든 짝짝이 양말들에게,"16,000","14,400",10%,5%,800,홍수영,펜그로하우스,20221120,시/에세이
9791192107738,S000200242102,각자 원하는 달콤한 꿈을 꾸고 내일 또 만나자,"18,000","16,200",10%,5%,900,황의정,세미콜론,20221111,시/에세이
9791187271192,S000200203468,백석 시집 사슴(궁서체 평역본),"6,600","5,940",10%,5%,330,백석,라이프하우스,20221031,시/에세이
9791168670495,S000200097725,인동꽃 아이,"15,000","13,500",10%,5%,750,강양자,한그루,20221020,시/에세이
9788936438869,S000062180006,아주 오랜만에 행복하다는 느낌,"15,000","13,500",10%,5%,750,백수린,창비,20221014,시/에세이
9791165219987,S000061897542,사실은 내가 가장 듣고 싶던 말,"15,800","14,220",10%,1%,150,따듯한 목소리 현준,더퀘스트,20221011,시/에세이
9788925563367,S000000478816,"곰돌이 푸, 서두르지 않아도 괜찮아","14,800","13,320",10%,5%,740,곰돌이 푸 ,알에이치코리아,20221004,시/에세이
9791197977008,S000061777772,문장과 순간,"18,000","16,200",10%,5%,900,박웅현,인티앤,20220926,시/에세이
9788937455971,S000061863176,다정한 서술자,"15,000","13,500",10%,5%,750,올가 토카르추크,민음사,20220916,시/에세이
9791189467661,S000061695807,변방의 언어로 사랑하며,"15,000","13,500",10%,5%,750,이유운,아침달,20220829,시/에세이
9791191891201,S000061585932,잘될 수밖에 없는 너에게,"19,500","17,550",10%,5%,970,최서영,북로망스,20220818,시/에세이
9791166891038,S000061585180,아무도 지켜보지 않지만 모두가 공연을 한다,"16,000","14,400",10%,5%,800,비비언 고닉,바다출판사,20220805,시/에세이
9791197928505,S000061451813,너의 MBTI가 알고싶다 from 고슴도치,"16,500","14,850",10%,5%,820,김소나,이북스미디어,20220730,시/에세이
9791192107639,S000061550457,멕시칸 푸드: 난 슬플 때 타코를 먹어,"12,000","10,800",10%,5%,600,이수희,세미콜론,20220728,시/에세이
9788946422179,S000061425495,문학의 숲을 거닐다,"18,000","16,200",10%,5%,900,장영희,샘터(샘터사),20220715,시/에세이
9791160804201,S000061352267,"하고 싶은 말이 많고요, 구릅니다","16,000","14,400",10%,5%,800,김지우,휴머니스트,20220627,시/에세이
9788954686983,S000061350869,나는 나를 사랑해서 나를 혐오하고,"12,000","10,800",10%,5%,600,서효인,문학동네,20220610,시/에세이
9791188343560,S000061353546,"아무튼, 할머니","12,000","10,800",10%,5%,600,신승은,제철소,20220530,시/에세이
9791166832796,S000060626199,밤의 끝을 알리는,"18,000","16,200",10%,5%,900,심규선,큐리어스(Qrious),20220527,시/에세이
9791190357999,S000061353708,인생이 내추럴해지는 방법,"16,000","14,400",10%,5%,800,신이현,더숲,20220527,시/에세이
9791192134161,S000060628723,복숭아 판나코타식 사랑 고백,"12,000","10,800",10%,5%,600,이음,꿈공장플러스,20220527,시/에세이
9788991418332,S000061351391,너의 하늘을 보아,"19,500","17,550",10%,5%,970,박노해,느린걸음,20220513,시/에세이
9791164455676,S000061352475,문재인의 위로,"15,800","14,220",10%,5%,790,더휴먼 편집부,더휴먼,20220510,시/에세이
9791156026198,S000001732901,내 인생의 노트 61,"17,000","15,300",10%,5%,850,정성군,행복에너지,20220505,시/에세이
9791167740434,S000001851491,멈춰서서 가만히,"16,000","14,400",10%,5%,800,정명희,어크로스,20220428,시/에세이
9791130819075,S000001688599,우리 시 깊이 읽기,"35,500","31,950",10%,5%,"1,770",권영민,푸른사상,20220422,시/에세이
9791192066097,S000001954131,그냥 언제까지 기쁘자 우리,"13,000","11,700",10%,5%,650,박지용,디자인이음,20220420,시/에세이
9791196617127,S000001978651,기분을 관리하면 인생이 관리된다,"17,600","15,840",10%,5%,880,김다슬,클라우디아,20220412,시/에세이
9791195998135,S000001970369,"잠시, 시었다 가자","16,000","14,400",10%,5%,800,조하연,도서출판 곁애,20220412,시/에세이
9788925578668,S000000479190,혼자와 함께 사이,"15,800","14,220",10%,5%,790,최유나,알에이치코리아,20220406,시/에세이
9788936424725,S000000610362,일하고 일하고 사랑을 하고,"13,000","11,700",10%,5%,650,최지인,창비,20220318,시/에세이
9788991075788,S000001463783,그리고 모든 것이 변했다,"17,000","15,300",10%,5%,850,아니타 무르자니,샨티,20220305,시/에세이
9791167011282,S000001848462,그대로 어여쁘다,"10,000","9,000",10%,5%,500,이동석,이든북,20220228,시/에세이
9791166832222,S000001848036,반짝이지 않아도 사랑이 된다,"15,000","13,500",10%,5%,750,나민애,&(앤드),20220225,시/에세이
9791191891072,S000001953725,나에게 고맙다(30만 부 기념 전면 개정판),"19,000","17,100",10%,5%,950,전승환,북로망스,20220218,시/에세이
9791189686383,S000001929879,어느 날 멀쩡하던 행거가 무너졌다,"15,800","14,220",10%,5%,790,이혜림,라곰,20220217,시/에세이
9788954684873,S000000781265,참회록,"14,000","12,600",10%,5%,700,레프 톨스토이,문학동네,20220210,시/에세이
9788937464003,S000000620537,"시여, 침을 뱉어라","14,000","12,600",10%,5%,700,김수영,민음사,20220128,시/에세이
9791188469932,S000001914845,"선 넘는 거, 습관이시죠?","14,800","13,320",10%,5%,740,봄쏙 외,필름(Feelm),20220125,시/에세이
9791156625803,S000001743198,비물질,"9,500","8,550",10%,5%,470,이현호,아시아,20220124,시/에세이
9791158161439,S000001764112,계절 산문,"14,800","13,320",10%,5%,740,박준,달,20211221,시/에세이
9788960907195,S000000939072,달이 떴다고 전화를 주시다니요,"10,000","9,000",10%,5%,500,김용택,마음산책,20211215,시/에세이
9788955826333,S000000809694,삶의 모든 색,"42,000","37,800",10%,5%,"2,100",리사 아이사토,길벗어린이,20211210,시/에세이
9791191347586,S000001950612,천 번의 죽음이 내게 알려준 것들,"14,000","12,600",10%,5%,700,김여환,포레스트북스,20211206,시/에세이
9791167070272,S000001849151,"한번쯤, 큐레이터","14,800","13,320",10%,5%,740,정명희,사회평론,20211118,시/에세이
9791190365246,S000001939370,나는 왜 엄마가 힘들까(리커버 에디션),"15,000","13,500",10%,5%,750,썸머,책과이음,20211116,시/에세이
9791197634109,S000001987674,새 마음으로,"15,000","13,500",10%,5%,750,이슬아,헤엄,20211111,시/에세이
9788932921365,S000000582135,상대적이며 절대적인 지식의 백과사전,"25,000","22,500",10%,5%,"1,250",베르나르 베르베르,열린책들,20211110,시/에세이
9791191533057,S000001951910,선생님하고 나는 친하니까,"15,000","13,500",10%,5%,750,권용덕,소소한소통,20211105,시/에세이
9791188469871,S000001914842,취향의 기쁨,"14,000","12,600",10%,5%,700,권예슬,필름(Feelm),20211020,시/에세이
9791190178716,S000001936928,밥은 먹고 다니냐는 말,"15,000","13,500",10%,5%,750,정은정,한티재,20211018,시/에세이
9788937409097,S000000618438,좋아하는 것들을 죽여 가면서,"10,000","9,000",10%,5%,500,임정민,민음사,20211001,시/에세이
9791191187441,S000001948745,병원의 밥: 미음의 마음,"12,000","10,800",10%,5%,600,정의석,세미콜론,20210915,시/에세이
9791191769074,S000001953112,"런던, 그곳에 박물관","16,500","14,850",10%,5%,820,서미범,스노우폭스북스,20210908,시/에세이
9791128857904,S000001676701,잠언집(Maximes),"23,800","21,420",10%,1%,230,라 로슈푸코,지식을만드는지식,20210830,시/에세이
9788954681827,S000000781099,비에 도착하는 사람들은 모두 제시간에 온다,"12,000","10,800",10%,5%,600,신용목,문학동네,20210828,시/에세이
9791167180124,S000001849307,크리스토퍼 놀란: 감독이 참여한 첫 공식 도서,"33,000","29,700",10%,1%,330,크리스토퍼 놀란 외,제우미디어,20210818,시/에세이
9791191262452,S000001949710,죄 없이 다음 없이,"12,000","10,800",10%,5%,600,임곤택,걷는사람,20210803,시/에세이
9788946421851,S000000687580,내 생애 단 한 번,"15,000","13,500",10%,5%,750,장영희,샘터(샘터사),20210730,시/에세이
9788968333255,S000001056776,나라는 식물을 키워보기로 했다,"15,000","13,500",10%,5%,750,김은주,허밍버드,20210723,시/에세이
9791160947458,S000001797091,언오소독스: 밖으로 나온 아이,"8,400","7,560",10%,5%,420,데버라 펠드먼,사계절,20210723,시/에세이
9788974472443,S000001158095,내 삶이 더 좋아지고 싶을 때,"16,800","15,120",10%,5%,840,문건오,창작시대사,20210720,시/에세이
9788934900559,S000000592461,내가 사랑하는 사람,"16,800","15,120",10%,5%,840,정호승,비채,20210716,시/에세이
9788954681025,S000000781058,우리 사이엔 오해가 있다,"16,000","14,400",10%,5%,800,이슬아 외,문학동네,20210712,시/에세이
9788967359270,S000001046917,사랑의 은어,"15,000","13,500",10%,5%,750,서한나,글항아리,20210708,시/에세이
9791158161361,S000001764107,세상 어딘가에 하나쯤,"15,000","13,500",10%,5%,750,유희경,달,20210701,시/에세이
9788932474458,S000000576574,언제 들어도 좋은 말,"14,000","12,600",10%,5%,700,이석원,을유문화사,20210630,시/에세이
9788932038711,S000000570610,끝과 시작(20주년 기념 리커버 특별판),"22,000","19,800",10%,5%,"1,100",비스와바 쉼보르스카,문학과지성사,20210625,시/에세이
9788937472114,S000000620563,젊은 ADHD의 슬픔,"14,000","12,600",10%,5%,700,정지음,민음사,20210625,시/에세이
9788901251134,S000000408081,쓸모없는 것들이 우리를 구할 거야,"14,800","13,320",10%,5%,740,김준,웅진지식하우스,20210615,시/에세이
9791189129897,S000001923211,바람은 그저 자리를 내어 줄 뿐입니다,"13,000","11,700",10%,5%,650,김효정 외,꿈공장플러스,20210607,시/에세이
9788936478698,S000000612892,헤르만 헤세의 나무들,"17,000","15,300",10%,5%,850,헤르만 헤세,창비,20210601,시/에세이
9788936424589,S000000610348,"봄밤이 끝나가요, 때마침 시는 너무 짧고요","9,000","8,100",10%,5%,450,최지은,창비,20210525,시/에세이
9788957363447,S000000848800,지하철이 무섭다고 퇴사할 순 없잖아,"15,000","13,500",10%,5%,750,김세경,가나출판사,20210505,시/에세이
9788937419416,S000000618819,일기시대,"14,500","13,050",10%,5%,720,문보영,민음사,20210409,시/에세이
9791157284368,S000001752813,풀꽃,"13,000","11,700",10%,5%,650,나태주,지혜,20210405,시/에세이
9791197032103,S000001983017,편지,"10,000","9,000",10%,5%,500,길보배 외 46명,파도,20210401,시/에세이
9791160806076,S000001796056,오늘부터 300일,"16,500","14,850",10%,5%,820,김신지,휴머니스트,20210330,시/에세이
9791160947151,S000001797062,우정 그림책,"20,000","18,000",10%,5%,"1,000",하이케 팔러,사계절,20210326,시/에세이
9791190292092,S000001938387,살림 비용,"14,000","12,600",10%,5%,700,데버라 리비,플레이타임,20210325,시/에세이
9791170400417,S000001860173,딸에게 보내는 굿나잇 키스,"17,000","15,300",10%,5%,850,이어령,열림원,20210315,시/에세이
8809499804852,S000000354581,3 Q&A to me: 빨강머리 앤,"16,500","14,850",10%,5%,750,김민준,자화상,20210315,시/에세이
9788932321202,S000000575044,우리 곁의 동물은 행복할까,"14,000","12,600",10%,5%,700,오석헌,현암사,20210301,시/에세이
9791191114102,S000001947894,다다다,"33,000","29,700",10%,5%,"1,650",김영하,복복서가,20210226,시/에세이
9791164711406,S000001831342,그리움의 문장들,"14,000","12,600",10%,5%,700,림태주,행성B,20210225,시/에세이
9788954677257,S000000780855,천문학자는 별을 보지 않는다,"15,000","13,500",10%,5%,750,심채경,문학동네,20210222,시/에세이
9791197325809,S000001985785,나의 이브 생 로랑에게,"22,000","19,800",10%,5%,"1,100",피에르 베르제,프란츠,20210209,시/에세이
9791190473552,S000001940607,나를 바꾼 기록 생활,"15,000","13,500",10%,5%,750,신미경,뜻밖,20210205,시/에세이
9791124280591,S000219787601,코끼리를 쏘다(큰글자도서),"23,000","20,700",10%,5%,"1,150",조지 오웰,반니,20210115,시/에세이
9788936424527,S000000610342,나는 천사에게 말을 배웠지,"9,000","8,100",10%,5%,450,정현우,창비,20210115,시/에세이
9791164454082,S000001830009,세상을 보는 지혜,"8,800","7,920",10%,5%,440,발타자르 그라시안,더클래식,20210110,시/에세이
9791163721109,S000001822968,갈대피리의 노래 1,"10,000","10,000",0%,3%,300,마울라나 잘랄루딘 루미,달섬,20201224,시/에세이
9791163721116,S000001822969,갈대피리의 노래 2,"10,000","10,000",0%,3%,300,마울라나 잘랄루딘 루미,달섬,20201224,시/에세이
9788946421714,S000000687566,첫 마음,"13,000","11,700",10%,5%,650,정채봉,샘터(샘터사),20201223,시/에세이
9791197221972,S000001985065,살리는 일,"13,500","12,150",10%,5%,670,박소영,무제(MUZE),20201215,시/에세이
9791165700362,S000001839217,마음의 일,"15,000","13,500",10%,5%,750,재수 외,창비교육,20201214,시/에세이
9791197024160,S000001982955,친애하는 나의 집에게,"17,000","15,300",10%,5%,850,하재영,라이프앤페이지,20201208,시/에세이
9788960906518,S000000939045,천 개의 아침,"13,000","11,700",10%,5%,650,메리 올리버,마음산책,20201125,시/에세이
9791130632506,S000001687053,마음이 흐르는 대로,"16,000","14,400",10%,5%,800,지나영,다산북스,20201123,시/에세이
9788954670425,S000000780519,밤에 쓰는 편지,"12,000","10,800",10%,5%,600,김사인,문학동네,20201122,시/에세이
9791186602584,S000001888681,"아무튼, 목욕탕","12,000","10,800",10%,5%,600,정혜덕,위고,20201120,시/에세이
9791160946918,S000001797038,어린이라는 세계,"15,000","13,500",10%,5%,750,김소영,사계절,20201116,시/에세이
9788991418301,S000001474328,푸른 빛의 소녀가,"19,500","17,550",10%,5%,970,박노해,느린걸음,20201103,시/에세이
9788936478322,S000000612873,엄마의 마지막 말들,"16,000","14,400",10%,5%,800,박희병,창비,20201030,시/에세이
9788954675352,S000000780766,부지런한 사랑,"16,000","14,400",10%,5%,800,이슬아,문학동네,20201021,시/에세이
9788961963800,S000000959576,"세잔의 산, 생트빅투아르의 가르침","14,000","12,600",10%,5%,700,페터 한트케,아트북스,20201020,시/에세이
9788954675000,S000000780748,내일이 와준다면 그건 축복이지!,"18,500","16,650",10%,5%,920,이철수,문학동네,20201008,시/에세이
9788927811589,S000000526995,"그래도, 사랑","15,000","13,500",10%,5%,750,정현주,중앙북스,20200930,시/에세이
9791199489561,S000220308313,"세네카, 오늘을 빼앗기고 있는 당신에게","18,000","16,200",10%,5%,900,세네카,논픽션,20260701,인문
9791192559100,S000218278239,니체의 초월자,"16,900","15,210",10%,5%,840,프리드리히 니체,히읏,20251028,인문
9791199841109,S000221255753,군주론 : 쇼츠 에디션,"19,200","17,280",10%,5%,960,니콜로 마키아벨리,어센딩,20260914,인문
9791193282045,S000212414274,쇼펜하우어 인생수업(30만 부 기념 개정증보판),"17,500","15,750",10%,5%,870,쇼펜하우어,하이스트,20240220,인문
9791138934428,S000218674965,"2026 큰별쌤 최태성의 별별한국사 한국사능력검정시험 심화(1,2,3급)(상)","19,000","17,100",10%,5%,950,최태성,이투스북,20251209,인문
9791124248584,S000220923864,옥스브리지의 철학 수업,"28,000","25,200",10%,5%,"1,400",고요엘,상상스퀘어,20260902,인문
9791173327964,S000221141961,리더는 언제 차이를 만들어내는가,"24,800","22,320",10%,5%,"1,240",재레드 다이아몬드,김영사,20260915,인문
9791138934459,S000218781780,"2026 큰별쌤 최태성의 별별한국사 기출 500제 한국사능력검정시험 심화(1,2,3급)","22,000","19,800",10%,5%,"1,100",최태성,이투스북,20251216,인문
9791138934442,S000218674985,"2026 큰별쌤 최태성의 별별한국사 한국사능력검정시험 심화(1,2,3급)(하)","18,500","16,650",10%,5%,920,최태성,이투스북,20251209,인문
9791124248515,S000220588967,문해내공,"25,000","22,500",10%,5%,"1,250",신종호 외,상상스퀘어,20260812,인문
9791139721973,S000216292200,오디세이아(고대 그리스어 완역본),"27,000","24,300",10%,5%,"1,350",호메로스,현대지성,20250418,인문
9791187142379,S000001897778,명상록,"12,000","10,800",10%,5%,600,마르쿠스 아우렐리우스,현대지성,20180402,인문
9791124038833,S000221270868,처음 만나는 철학의 세계,"22,000","19,800",10%,5%,"1,100",성창원,북플레저,20260916,인문
9791199972001,S000221329727,사회부적응자들을 위한 금지된 자기계발서,"22,000","19,800",10%,5%,"1,100",다니엘 최,사운드미디어,20260930,인문
9791198632401,S000212169901,당신의 분노에는 이유가 있다,"17,800","16,020",10%,5%,890,충페이충,더페이지,20240310,인문
9788932476469,S000220694725,오뒷세이아,"25,000","22,500",10%,5%,"1,250",호메로스,을유문화사,20260810,인문
9791199903432,S000220665243,칼 융의 내면수업,"18,000","16,200",10%,5%,900,강이안,필로틱,20260818,인문
9791192372730,S000215877577,위버멘쉬,"17,800","16,020",10%,5%,890,프리드리히 니체,떠오름(RISE),20250314,인문
9791130682556,S000220700198,칵테일을 마시는 철학자들,"26,000","23,400",10%,5%,"1,300",사라 베이크웰,다산초당,20260730,인문
9791192372792,S000220497730,일 마키아벨리,"17,800","16,020",10%,5%,890,니콜로 마키아벨리,떠오름,20260707,인문
9791138932943,S000216796440,"큰별쌤 최태성의 별별한국사 시대별 기출문제집 한국사능력검정시험 심화(1,2,3급)","19,700","17,730",10%,5%,980,최태성,이투스북,20250611,인문
9791139728002,S000217919065,손자병법,"13,000","11,700",10%,5%,650,손자,현대지성,20251014,인문
9791199889378,S000221152611,내 인생이 왜 당신 마음에 들어야 합니까,"18,000","16,200",10%,5%,900,김경일,퍼스트펭귄,20260909,인문
9791198754080,S000217115740,다크 심리학(20만 부 한정판 스페셜 에디션),"21,900","19,710",10%,5%,"1,090",다크 사이드 프로젝트,어센딩,20260522,인문
9788931027068,S000220350342,사랑의 기술,"18,800","16,920",10%,5%,940,에리히 프롬,문예출판사,20260710,인문
9791124248171,S000219182450,인생을 위한 최소한의 생각,"19,800","17,820",10%,5%,990,신영준 외,상상스퀘어,20260225,인문
9788965138310,S000220429584,유럽 도시 기행 3,"18,900","17,010",10%,5%,940,유시민,생각의길,20260709,인문
9788934972464,S000000597165,사피엔스,"26,800","24,120",10%,5%,"1,340",유발 하라리,김영사,20230401,인문
9791192559957,S000220693855,그라시안의 사람을 읽는 눈,"17,900","16,110",10%,5%,890,김철,히읏,20260729,인문
9788901300283,S000220622303,독성 인간,"21,000","18,900",10%,5%,"1,050",리앤 텐 브링크,웅진지식하우스,20260724,인문
9791124656037,S000220587500,나는 왜 네 말이 힘들까,"22,000","19,800",10%,5%,"1,100",박재연,한빛라이프,20260725,인문
9791193282243,S000216453220,쇼펜하우어 인생수업 2: 한 번뿐인 삶 이렇게 살아라,"17,500","15,750",10%,5%,870,쇼펜하우어,하이스트,20250613,인문
9791167743091,S000220293112,사고외주,"15,000","13,500",10%,5%,750,홍진기,어크로스,20260622,인문
9791168340770,S000200555616,미움받을 용기(200만 부 기념 스페셜 에디션),"15,900","14,310",10%,5%,790,기시미 이치로 외,인플루엔셜,20221228,인문
9791169666602,S000220453690,한능검 한정판,"26,000","23,400",10%,1%,260,문동균,에스티유니타스,20260708,인문
9791168273993,S000219055042,명상록,"18,000","16,200",10%,5%,900,마르쿠스 아우렐리우스,오아시스,20260130,인문
9788934933878,S000214078939,팩트풀니스(50만 부 뉴에디션),"23,800","21,420",10%,5%,"1,190",한스 로슬링 외,김영사,20240901,인문
9791171711673,S000212753904,하루 한 장 나의 어휘력을 위한 필사 노트,"23,800","21,420",10%,5%,"1,190",유선경,위즈덤하우스,20240328,인문
9791197977046,S000202596964,여덟 단어,"17,000","15,300",10%,5%,850,박웅현,인티앤,20230615,인문
9791194140177,S000221283299,관찰 연습,"17,800","16,020",10%,5%,890,니콜라 노바,책사람집,20260914,인문
9788972917038,S000001128568,소유냐 존재냐,"15,000","13,500",10%,5%,750,에리히 프롬,까치,20260520,인문
9791139721942,S000216298636,일리아스·오디세이아 세트(고대 그리스어 완역본),"55,000","49,500",10%,5%,"2,750",호메로스,현대지성,20250418,인문
9791185121505,S000213901918,비폭력대화,"20,000","18,000",10%,5%,"1,000",마셜 B. 로젠버그,한국NVC출판사,20240805,인문
9791193506516,S000213310247,초역 부처의 말,"17,800","16,020",10%,5%,890,코이케 류노스케,포레스트북스,20240530,인문
9791199849327,S000221284577,주의를 기울이는 법,"21,000","18,900",10%,5%,"1,050",롭 워커,마주,20260921,인문
9791194812296,S000220734695,"번아웃 직전, 맹자를 만났다","19,800","17,820",10%,5%,990,판덩,이든서재,20260820,인문
9791171715374,S000218301299,하루 한 장 나의 표현력을 위한 필사 노트(피너츠 에디션),"23,800","21,420",10%,5%,"1,190",유선경,위즈덤하우스,20251105,인문
9791166817878,S000001847944,군주론(무삭제 완역본),"7,700","6,930",10%,5%,380,니콜로 마키아벨리,현대지성,20210726,인문
9791169852241,S000221108742,유손생의 수어 일력 365,"24,000","21,600",10%,5%,"1,200",유슬기,페이지2북스,20260909,인문
9791198754097,S000219545519,다크 심리학 2,"24,200","21,780",10%,5%,"1,210",다크 사이드 프로젝트,어센딩,20260424,인문
9788927775683,S000218844929,원큐패스 11일에 완성하는 서경석의 다이어트 한국사능력검정시험 심화(1·2·3급),"20,000","18,000",10%,5%,"1,000",서경석,다락원,20260105,인문
9791193282908,S000221031495,부처 인생수업: 2500년 동안 내려온 삶의 지혜,"18,800","16,920",10%,5%,940,부처,하이스트,20260825,인문
9791198409690,S000220279442,니체와 함께 지적 대화를,"18,800","16,920",10%,5%,940,양원근,리미트리스,20260623,인문
9791124038413,S000219732915,품격 있는 대화를 위한 지식 브리핑,"25,000","22,500",10%,5%,"1,250",김진,북플레저,20260506,인문
9791199383074,S000219310977,완벽한 원시인,"22,000","19,800",10%,5%,"1,100",자청,필로틱,20260311,인문
9791192300818,S000208779631,마흔에 읽는 쇼펜하우어,"17,000","15,300",10%,5%,850,강용수,유노북스,20251204,인문
9791194877004,S000216507670,질문의 격,"17,800","16,020",10%,5%,890,유선경,앤의서재,20250525,인문
9791194530213,S000216001919,초역 부처의 말 필사집,"22,000","19,800",10%,5%,"1,100",코이케 류노스케,포레스트북스,20250319,인문
9791194330424,S000214465905,넥서스,"27,800","25,020",10%,5%,"1,390",유발 하라리,김영사,20241011,인문
9791171175864,S000213326678,행복의 기원,"22,000","19,800",10%,5%,"1,100",서은국,21세기북스,20240522,인문
9791193401583,S000218576850,최소한의 삼국지(최소한의 교양 수업 시리즈),"19,500","17,550",10%,5%,970,최태성,프런트페이지,20251118,인문
9791138924405,S000212909348,"큰별쌤 최태성의 별별한국사 7일의 기적 한국사능력검정시험 심화(1, 2, 3급)(2026)","16,500","14,850",10%,5%,820,최태성,이투스북,20240403,인문
9788978496629,S000061584236,초역 니체의 말,"15,800","14,220",10%,5%,790,프리드리히 니체,삼호미디어,20220829,인문
9788937834790,S000000625441,정의란 무엇인가,"18,000","16,200",10%,5%,900,마이클 샌델,와이즈베리,20141120,인문
9791190194297,S000221152306,편집장과 책을 씁니다,"18,000","16,200",10%,5%,900,조기준,아토북(Atto Book),20260911,인문
9791130682709,S000221062760,어제의 세계,"33,000","29,700",10%,5%,"1,650",슈테판 츠바이크,다산초당,20260828,인문
9791124649640,S000220700581,내면혁명(2.알베르 카뮈),"17,800","16,020",10%,5%,890,알베르 카뮈,이너스북스,20260810,인문
9791199854710,S000220587643,인생에 단어가 스며드는 순간,"22,000","19,800",10%,5%,"1,100",황선엽,빛의서가,20260729,인문
9791124649114,S000220222274,세상이 정한 실패가 내 인생의 실패는 아니다,"17,800","16,020",10%,5%,890,사마천,ORIGIN,20260616,인문
9788932920306,S000000582065,늦깎이 천재들의 비밀,"25,000","22,500",10%,5%,"1,250",데이비드 엡스타인,열린책들,20200510,인문
9791190313186,S000001938774,지적 대화를 위한 넓고 얕은 지식 1,"19,000","17,100",10%,5%,950,채사장,웨일북(whalebooks),20200205,인문
9791190182560,S000001937018,인간 본성의 법칙 (리커버:K),"38,000","34,200",10%,5%,"1,900",로버트 그린,위즈덤하우스,20190729,인문
9788932027265,S000000570071,"사람, 장소, 환대","16,000","14,400",10%,5%,800,김현경,문학과지성사,20150331,인문
9791124497159,S000220922289,나에게 분명 문제가 있습니다,"22,000","19,800",10%,5%,"1,100",데이비드 J. 리버만,서교책방,20260819,인문
9791136041586,S000220273634,2027 에듀윌 KBS한국어능력시험 한권끝장+무료특강,"35,000","31,500",10%,5%,"1,750",송주연 외,에듀윌,20260623,인문
9791167742063,S000216514478,경험의 멸종,"19,800","17,820",10%,5%,990,크리스틴 로젠,어크로스,20250520,인문
9791191535174,S000216453237,제자리에 있다는 것,"16,800","15,120",10%,5%,840,클레르 마랭,에디투스,20250512,인문
9791130689890,S000001687471,내가 틀릴 수도 있습니다,"18,000","16,200",10%,5%,900,비욘 나티코 린데블라드,다산초당,20240108,인문
9791164136452,S000001826105,공정하다는 착각,"18,000","16,200",10%,5%,900,마이클 샌델,와이즈베리,20201201,인문
9791187142591,S000001897790,논어(무삭제 완역본),"12,000","10,800",10%,5%,600,공자,현대지성,20181001,인문
9791169087537,S000220923166,기대의 감각,"18,000","16,200",10%,5%,900,김지용,오리지널스,20260819,인문
9791173578601,S000219435754,이향인,"16,900","15,210",10%,5%,840,라미 카민스키,21세기북스,20260325,인문
9791171831432,S000218090228,쇼펜하우어 X 니체 필사책,"20,000","18,000",10%,5%,"1,000",아르투어 쇼펜하우어 외,유노북스,20250930,인문
9791139725636,S000217164649,인생의 짧음에 대하여,"17,500","15,750",10%,5%,870,루키우스 안나이우스 세네카,현대지성,20250801,인문
9791130698366,S000201321509,아비투스(양장특별판),"22,000","19,800",10%,5%,"1,100",도리스 메르틴,다산초당,20230324,인문
9791190313193,S000001938775,지적 대화를 위한 넓고 얕은 지식 2,"19,000","17,100",10%,5%,950,채사장,웨일북(whalebooks),20200205,인문
9791187142676,S000001897793,도덕경(무삭제 완역본),"12,000","10,800",10%,5%,600,노자,현대지성,20190102,인문
9788991290099,S000001470191,명상록,"13,000","11,700",10%,5%,650,마르쿠스 아우렐리우스,숲,20161201,인문
9788932027838,S000000570122,에로스의 종말,"14,000","12,600",10%,5%,700,한병철 외,문학과지성사,20151005,인문
9788991290150,S000001470197,오뒷세이아,"33,000","29,700",10%,5%,"1,650",호메로스,숲,20150910,인문
9788937833663,S000000625342,돈으로 살 수 없는 것들,"18,000","16,200",10%,5%,900,마이클 샌델,와이즈베리,20120424,인문
9791176612821,S000221231084,사고의 품격,"28,000","25,200",10%,5%,"1,400",투리 문테,21세기북스,20260909,인문
9788936481650,S000220938761,당신과 내가 대화할 수 있을까,"20,000","18,000",10%,5%,"1,000",정희진,창비,20260820,인문
9791173492396,S000219815249,2027 김영북스 공부돼지 벼락치기 한능검 한국사능력검정시험 심화(1·2·3급),"29,000","26,100",10%,5%,"1,450",이루리,김영북스,20260511,인문
9791136040640,S000218881829,2026 에듀윌 임상심리사 2급 실기 주제별×회차별 기출문제집,"23,000","20,700",10%,5%,"1,150",진성오 외,에듀윌,20260105,인문
9791191369717,S000217594425,왜 당신은 태도가 아니라 인생을 탓하는가,"16,000","14,400",10%,5%,800,고윤(페이서스 코리아),딥앤와이드,20251014,인문
9791194530398,S000216716900,단 한 줄만 내 마음에 새긴다고 해도,"23,800","21,420",10%,5%,"1,190",나민애,포레스트북스,20250611,인문
9788937489143,S000000621241,스토리텔링 애니멀,"22,000","19,800",10%,5%,"1,100",조너선 갓셜,민음사,20140425,인문
9791170614197,S000221361847,오래 곁에 두어 좋은 말,"18,800","16,920",10%,5%,940,나민애,북다,20261009,인문
9791124248652,S000221327640,읽는 인간,"19,500","17,550",10%,5%,970,오에 겐자부로,상상스퀘어,20260930,인문
9791140720347,S000221280792,인생의 해부학,"22,000","19,800",10%,5%,"1,100",가브리엘 웨스턴,더퀘스트,20260923,인문
9791170437826,S000220955152,도시 인문학 수업,"25,000","22,500",10%,5%,"1,250",도시연구소,믹스커피,20260910,인문
9791191587968,S000221194257,텃밭과 정원,"20,000","18,000",10%,5%,"1,000",최진석,퍼블리온,20260907,인문
9791143406422,S000218787224,2026 시대에듀 한국실용글쓰기 실제 기출로 끝내기,"20,000","18,000",10%,5%,"1,000",이원근 외,시대고시기획,20260805,인문
9791199286917,S000220509683,너무 성실한 시스템,"20,000","18,000",10%,5%,"1,000",이산,이너피스커뮤니케이션즈,20260715,인문
9791176441995,S000220047110,2026 해커스 한국사능력검정시험 심화(1·2·3급) 이중석 맵핑 한국사 필기노트,"17,000","15,300",10%,5%,850,이중석,해커스한국사,20260528,인문
9791173579721,S000219862150,말하지 않고 말하기,"24,000","21,600",10%,5%,"1,200",김정운,21세기북스,20260511,인문
9791139730401,S000219662448,"하루 한 장, 단단한 삶을 위한 고전 필사 노트","19,900","17,910",10%,5%,990,김선영,현대지성,20260421,인문
9791171831678,S000219736198,스님의 필사책,"22,000","19,800",10%,5%,"1,100",정운,유노북스,20260417,인문
9788962626605,S000216885989,먼저 온 미래,"20,000","18,000",10%,5%,"1,000",장강명,동아시아,20250626,인문
9791168272675,S000215690387,만화로 보는 3분 철학 세트,"49,600","44,640",10%,5%,"2,480",김재훈,카시오페아,20250131,인문
9791192300917,S000210694912,오십에 읽는 주역,"17,000","15,300",10%,5%,850,강기진,유노북스,20231031,인문
9791197977060,S000208863945,책은 도끼다,"17,500","15,750",10%,5%,870,박웅현,인티앤,20230905,인문
9791168340855,S000201078049,내면소통,"33,000","29,700",10%,5%,"1,650",김주환,인플루엔셜,20230227,인문
9788965137702,S000061351196,유럽 도시 기행 2,"17,500","15,750",10%,5%,870,유시민,생각의길,20220709,인문
9788934991328,S000000598067,사피엔스: 그래픽 히스토리 Vol.1,"19,800","17,820",10%,5%,990,유발 하라리 외,김영사,20201123,인문
9791160804751,S000001795986,자유로부터의 도피,"16,000","14,400",10%,5%,800,에리히 프롬,휴머니스트,20200907,인문
9788985155502,S000001332195,사후생,"13,000","11,700",10%,5%,650,엘리자베스 퀴블러 로스,(재)여해와함께,20200331,인문
9791124591161,S000221280918,인간을 위한 공간,"25,000","22,500",10%,5%,"1,250",다비데 루촌,포레스트북스,20260916,인문
9791189586973,S000221189484,이동의 심리학,"19,000","17,100",10%,5%,950,김정화,크레파스북,20260907,인문
9791139721966,S000216292207,일리아스(고대 그리스어 완역본),"30,000","27,000",10%,5%,"1,500",호메로스,현대지성,20260819,인문
9788969657497,S000220574456,"KBS한국어능력시험 공식 기출문제집 2026 상반기 제91, 90, 89회","30,000","27,000",10%,5%,"1,500",KBS한국어진흥원,해커스자격증,20260721,인문
9791199624979,S000219929127,지적 대화를 위한 AI 언어 수업,"20,000","18,000",10%,5%,"1,000",강수진,어웨이크(AWAKE),20260512,인문
9788932476049,S000219467678,도시는 무엇으로 사는가(10주년 기념판),"20,000","18,000",10%,5%,"1,000",유현준,을유문화사,20260320,인문
9791124300008,S000219186591,중요한 몸,"28,000","25,200",10%,5%,"1,400",주디스 버틀러,알렙,20260129,인문
9788969656919,S000218969538,2026 해커스 한국사능력검정시험 심화(1·2·3급) 한능검 초단기 3급+ 합격,"15,000","13,500",10%,5%,750,해커스 한국사연구소,해커스한국사,20260116,인문
9791193059715,S000218853721,"요즘 교사를 위한 에듀테크 5대장: 캔바, 패들렛, 북크리에이터, 노션, 챗GPT∙제미나이","19,800","17,820",10%,5%,990,안익재 외,앤써북,20251230,인문
9791194600848,S000218840388,세계척학전집: 훔친 철학 편,"22,000","19,800",10%,5%,"1,100",이클립스,모티브,20251224,인문
9791139725612,S000217164640,화에 대하여,"17,500","15,750",10%,5%,870,루키우스 안나이우스 세네카,현대지성,20250801,인문
9791193238691,S000216841258,편안함의 습격,"22,000","19,800",10%,5%,"1,100",마이클 이스터,수오서재,20250624,인문
9788901294742,S000216354970,청춘의 독서(특별증보판),"18,900","17,010",10%,5%,940,유시민,웅진지식하우스,20250422,인문
9791140712250,S000215528025,지능의 기원,"33,000","29,700",10%,5%,"1,650",맥스 베넷,더퀘스트,20250122,인문
9788901285894,S000213913660,불안 세대,"24,800","22,320",10%,5%,"1,240",조너선 하이트,웅진지식하우스,20240731,인문
9791193282069,S000212773396,니체 인생수업: 니체가 세상에 남긴 66가지 인생지혜(리커버 에디션),"17,500","15,750",10%,5%,870,프리드리히 니체,하이스트,20240322,인문
9788980389483,S000202556618,사랑의 단상,"30,000","27,000",10%,1%,300,롤랑 바르트,동문선,20230602,인문
9791192300245,S000061671940,마흔에 읽는 니체,"16,000","14,400",10%,5%,800,장재형,유노북스,20220901,인문
9791130679365,S000001687391,데일리 필로소피,"18,000","16,200",10%,5%,900,라이언 홀리데이 외,다산초당,20211224,인문
9788957337356,S000000848367,도덕의 계보,"18,000","16,200",10%,5%,900,프리드리히 니체,아카넷,20210630,인문
9788937420474,S000000618861,사기 열전 1~2권 세트,"60,000","54,000",10%,5%,"3,000",사마천,민음사,20200810,인문
9788965135586,S000001016020,유럽 도시 기행 1,"16,500","14,850",10%,5%,820,유시민,생각의길,20190709,인문
9791130620459,S000001686647,철학은 어떻게 삶의 무기가 되는가(리커버),"19,000","17,100",10%,5%,950,야마구치 슈,다산초당,20190121,인문
9788965746669,S000001026048,당신이 옳다,"18,500","16,650",10%,5%,920,정혜신,해냄출판사,20181010,인문
9791186757093,S000001891815,자존감 수업,"17,000","15,300",10%,5%,850,윤홍균,심플라이프,20160901,인문
9788937837654,S000000625549,정리하는 뇌,"22,000","19,800",10%,5%,"1,100",대니얼 J. 레비틴,와이즈베리,20150622,인문
8820018082551,S000000357837,백강 고시체 교수 학습 : 고시 전문서 고시 답안지 글씨 쓰기,"23,000","23,000",0%,3%,690,이태희,백강문자연구원,20080909,인문
9788932309774,S000000574143,장자,"15,000","13,500",10%,5%,750,오강남,현암사,20030330,인문
9791124073407,S000221357669,대체 ADHD가 뭐길래,"20,000","18,000",10%,5%,"1,000",알렉스 코너 외,미래의창,20261006,인문
9791193049884,S000221336474,도쿄 인사이트 산책,"21,000","18,900",10%,5%,"1,050",김학재 외,책밥,20260928,인문
9791124516690,S000221189181,유아 AI 놀이 백과사전 100,"32,000","28,800",10%,5%,"1,600",교사크리에이터협회 유아교육부 외,골든래빗(주),20260917,인문
9791169095990,S000221151708,편집자의 책읽기,"24,000","21,600",10%,5%,"1,200",김영준,글항아리,20260910,인문
9791191462470,S000220945934,당신의 집중력은 잘못이 없다,"22,000","19,800",10%,5%,"1,100",반건호,라이프앤페이지,20260910,인문
9791122107203,S000221193202,"이지페이지: 세네카, 오늘을 빼앗기고 있는 당신에게(큰글자책)","25,200","22,680",10%,5%,"1,260",루키우스 안나이우스 세네카,논픽션,20260909,인문
9791193866559,S000220728598,불행 앞에 노래 부르리,"18,800","16,920",10%,5%,940,크리스 카,피카(FIKA),20260820,인문
9791172541415,S000220922292,마음 놓고 쉬고 싶은 당신을 위한 필사 노트,"21,000","18,900",10%,5%,"1,050",김은영,심심,20260819,인문
9791175780347,S000220490358,인생에 한번은 오디세이아,"19,500","17,550",10%,5%,970,샘 아크바,부키,20260724,인문
9791191716467,S000220574435,완전히 새로운 인문학 글쓰기,"18,000","16,200",10%,5%,900,아베 고다이,다다서재,20260721,인문
9791166894305,S000220568073,지능 파산,"17,800","16,020",10%,5%,890,한소원,바다출판사,20260717,인문
9788920037443,S000000458386,"심리학에게묻다 (26-2학기,워크북포함)","20,000","20,000",0%,0%,0,하혜숙 외,한국방송통신대학교출판문화원,20260706,인문
9788901300092,S000220270663,읽지 않는 사람들,"22,000","19,800",10%,5%,"1,100",나오미 배런,웅진지식하우스,20260617,인문
9788934991311,S000220100225,사피엔스: 그래픽 히스토리 시리즈 세트,"79,200","71,280",10%,5%,"3,960",유발 하라리,김영사,20260529,인문
9791171012442,S000220093940,단절(들),"17,000","15,300",10%,5%,850,클레르 마랭,사람in,20260529,인문
9791199076952,S000220042134,AI시대에 인문학은 무엇인가,"15,000","13,500",10%,5%,750,김형석,위더북,20260527,인문
9791124539002,S000219725260,우월한 열등감,"21,000","18,900",10%,5%,"1,050",알프레드 아들러,저녁달,20260425,인문
9791193941645,S000219520002,독학이라는 세계,"17,800","16,020",10%,5%,890,시라토리 하루히코,클랩북스,20260401,인문
9791193282656,S000219436148,쇼펜하우어 인생수업 필사집,"22,000","19,800",10%,5%,"1,100",아르투어 쇼펜하우어,하이스트,20260225,인문
9791167742650,S000219075334,뇌는 어떻게 변화를 거부하는가,"19,800","17,820",10%,5%,990,슈테판 클라인,어크로스,20260128,인문
9788969656315,S000218841197,2026 해커스 한국사능력검정시험 심화(1 2 3급) 회차별 기출문제집,"20,000","18,000",10%,5%,"1,000",해커스 한국사연구소,해커스한국사,20260105,인문
9791138934473,S000218845272,"큰별쌤 최태성의 별별한국사 기출 500제 한국사능력검정시험 기본(4,5,6급)","22,000","19,800",10%,5%,"1,100",최태성,이투스북,20251223,인문
9791136038975,S000217580429,2026 에듀윌 청소년상담사 3급 면접 사례별 질문+답변+무료특강,"30,000","27,000",10%,5%,"1,500",에듀윌청소년상담LAB,에듀윌,20250919,인문
9791136039217,S000218358750,2026 에듀윌 한국사능력검정시험 심화 한권끝장+무료특강,"29,000","26,100",10%,5%,"1,450",에듀윌 한국사교육연구소,에듀윌,20250915,인문
9788969656612,S000217532846,2026 해커스 한국사능력검정시험 심화(1·2·3급) 2주 합격,"23,000","20,700",10%,5%,"1,150",해커스 한국사연구소,해커스한국사,20250915,인문
9791194725206,S000217483296,조용한 회복,"22,000","19,800",10%,5%,"1,100",박재연,한빛라이프,20250910,인문
9791199223929,S000217482448,아직도 가야 할 길,"25,000","22,500",10%,5%,"1,250",M. 스캇 펙,율리시즈,20250905,인문
9791155818428,S000217210673,여자에 관하여,"16,800","15,120",10%,5%,840,수전 손택,윌북,20250731,인문
9791171831104,S000216663309,오십에 읽는 논어,"19,000","17,100",10%,5%,950,최종엽,유노북스,20250604,인문
9788972918677,S000216420246,존재와 시간,"33,000","29,700",10%,5%,"1,650",마르틴 하이데거,까치,20250507,인문
9791172611446,S000216042345,받아들임(20주년 기념판),"25,000","22,500",10%,5%,"1,250",타라 브랙,불광출판사,20250318,인문
9788933803653,S000215787651,이어령의 말,"22,000","19,800",10%,5%,"1,100",이어령,세계사,20250226,인문
9788936480684,S000215614728,정선 목민심서,"24,000","21,600",10%,5%,"1,200",정약용,창비,20250124,인문
9791192097978,S000214874739,지적 대화를 위한 넓고 얕은 지식 무한,"19,000","17,100",10%,5%,950,채사장,웨일북(whalebooks),20241224,인문
9791138926744,S000213487060,초등 한국사능력검정시험,"19,000","17,100",10%,5%,950,최태성,이투스북,20240611,인문
9791194072003,S000213351103,내 언어의 한계는 내 세계의 한계이다,"18,800","16,920",10%,5%,940,김종원,마인드셋(Mindset),20240529,인문
9788969654762,S000212713829,해커스 KBS한국어능력시험 한 권으로 끝,"34,000","30,600",10%,5%,"1,700",해커스 한국어연구소,해커스자격증,20240320,인문
9791169850476,S000209762842,군주론,"17,000","15,300",10%,5%,850,니콜로 마키아벨리,페이지2북스,20231016,인문
9788934977841,S000000597410,호모 데우스,"26,800","24,120",10%,5%,"1,340",유발 하라리,김영사,20230801,인문
9788934943235,S000200641463,사피엔스(양장 특별판),"30,000","27,000",10%,5%,"1,500",유발 하라리,김영사,20230127,인문
9791140700561,S000061450147,혼자 시작하는 사주명리 공부,"28,000","25,200",10%,5%,"1,400",김원,더퀘스트,20220729,인문
9788957336687,S000000848309,소크라테스의 변명,"13,000","11,700",10%,5%,650,플라톤,아카넷,20200228,인문
9788901237367,S000000407760,도시는 어떻게 삶을 바꾸는가,"17,500","15,750",10%,5%,870,에릭 클라이넨버그,웅진지식하우스,20191118,인문
9788999718625,S000211567596,강의 워크북,"5,000","5,000",0%,3%,150,이국희,학지사,20190805,인문
9791188096428,S000001910317,감정은 어떻게 만들어지는가?,"22,000","19,800",10%,5%,"1,100",리사 펠드먼 배럿,생각연구소,20170922,인문
9788972916277,S000001128516,세네카의 대화 인생에 관하여 (라티움어 원전 완역판),"20,000","18,000",10%,5%,"1,000",루키우스 안나이우스 세네카,까치,20161025,인문
9791186688519,S000001890530,나는 왜 무기력을 되풀이하는가,"13,000","11,700",10%,5%,650,라이너 풍크,나무생각,20160808,인문
9788932317663,S000000574842,소피의 세계(합본),"33,000","29,700",10%,5%,"1,650",요슈타인 가아더,현암사,20151223,인문
9788972915782,S000001128492,군주론,"10,000","9,000",10%,5%,500,니콜로 마키아벨리,까치,20150210,인문
9788983712073,S000001290641,욕망의 진화,"25,000","22,500",10%,5%,"1,250",데이비드 버스,사이언스북스,20131226,인문
9788972914679,S000001128397,침묵의 세계,"15,000","13,500",10%,5%,750,막스 피카르트,까치,20100730,인문
9788956025797,S000000813823,게으름에 대한 찬양,"8,800","7,920",10%,5%,440,버트런드 러셀,사회평론,20050425,인문
9788997533718,S000221271052,존중 없는 사회,"18,000","16,200",10%,5%,900,한병철,간디서원,20261005,인문
9791175330160,S000221178566,칼 융의 인생수업,"16,700","16,700",0%,3%,500,칼 구스타프 융,인라우드,20260925,인문
9791157068753,S000221333604,"밥 국 찬, 한식의 탄생","20,000","18,000",10%,5%,"1,000",홍대선,메디치미디어,20260923,인문
9791171831890,S000221237462,오십에 읽는 동의보감,"24,000","21,600",10%,5%,"1,200",김형찬,유노북스,20260916,인문
9788969152749,S000221257447,수업에 바로 쓰는 바이브 코딩,"16,000","14,400",10%,5%,800,김나영 외,학교도서관저널,20260914,인문
9791168104518,S000221162875,소설 그렇게 쓰는 거 아닌데,"24,000","21,600",10%,5%,"1,200",샌드라 뉴먼 외,도서출판 날,20260910,인문
9788968335549,S000221251689,생각을 재우는 열두 시 심리학,"17,000","15,300",10%,5%,850,최기홍,블랙피쉬,20260910,인문
9791130683898,S000221191633,니체 초인 수업,"19,000","17,100",10%,5%,950,강용수,다산초당,20260909,인문
9791173575877,S000221178700,사고의 유희,"82,000","73,800",10%,5%,"4,100",더글러스 호프스태터,아르테(arte),20260907,인문
9791155819548,S000221142382,어떻게 경제학을 사랑하지 않을 수 있을까?,"22,000","19,800",10%,5%,"1,100",에릭 앵그너,윌북,20260901,인문
9791175245020,S000220705745,오디세이아: 1616년 오리지널 초판본 표지디자인(초판본),"8,800","7,920",10%,5%,440,호메로스,더스토리,20260831,인문
9788925568423,S000220930146,나민애와 다시 읽는 고전,"20,000","18,000",10%,5%,"1,000",나민애,알에이치코리아,20260828,인문
9791176610971,S000221031309,영어는 누구의 언어인가,"28,000","25,200",10%,5%,"1,400",조지은,아르테(arte),20260827,인문
9791175774148,S000220774530,"은, 욕망의 세계","22,000","19,800",10%,5%,"1,100",틸만 벤디코프스키,오팬하우스,20260827,인문
9791194620402,S000220762937,도파민의 함정,"18,800","16,920",10%,5%,940,따웨이,지니의서재,20260825,인문
9791166894350,S000220923814,도덕이란 무엇인가,"38,000","34,200",10%,5%,"1,900",셀리 케이건,바다출판사,20260821,인문
9791172134624,S000220860160,사랑과 안정,"21,000","18,900",10%,5%,"1,050",안희제,한겨레출판,20260821,인문
9791191638349,S000220774511,질문과 평가로 깊어지는 수업,"19,000","17,100",10%,5%,950,이은총 외,푸른칠판,20260820,인문
9791176880268,S000220807771,서열의 교양,"22,000","19,800",10%,5%,"1,100",이클립스,모티브,20260818,인문
9791167556080,S000220636053,폭발하는 아이들,"22,000","19,800",10%,5%,"1,100",김현수,우리학교,20260814,인문
9791191369809,S000220774258,교양 있고 싶은 사람을 위한 최소한의 철학,"18,000","16,200",10%,5%,900,교있사(김준석),딥앤와이드,20260805,인문
9791199489585,S000220564477,오뒷세이아: 흔들리는 인간에 대하여,"19,800","17,820",10%,5%,990,조태경,논픽션,20260722,인문
9791192603933,S000220458167,옆집에 쇼펜하우어가 살아요,"10,000","9,000",10%,5%,500,아르투어 쇼펜하우어,라이프로드,20260715,인문
9791168343979,S000220350503,미움받을 용기(특별 합본판),"27,500","24,750",10%,5%,"1,370",기시미 이치로 외,인플루엔셜,20260630,인문
9791166845130,S000220307751,정신현상학 1,"24,000","21,600",10%,5%,"1,200",게오르크 빌헬름 프리드리히 헤겔,세창출판사,20260630,인문
9791175990173,S000220341349,헤르만 헤세의 게으름의 기술,"23,000","20,700",10%,5%,"1,150",헤르만 헤세 외,뜨인돌출판사,20260630,인문
9791194442950,S000220341566,문재인의 필사노트,"22,000","19,800",10%,5%,"1,100",문재인,돌베개,20260626,인문
9791160024876,S000220339959,다산 정약용의 인생 수업,"14,000","12,600",10%,5%,700,정약용,메이트북스,20260625,인문
9791173326868,S000220209458,거절불안,"22,000","19,800",10%,5%,"1,100",박한선,김영사,20260617,인문
9788901299914,S000220096512,몸이 마음을 만든다,"19,000","17,100",10%,5%,950,윤대현,웅진지식하우스,20260527,인문
9791143409898,S000219513846,2026 시대에듀 청소년상담사 3급 2차 면접대비 한권으로 끝내기,"32,000","28,800",10%,5%,"1,600",문두식,시대에듀,20260520,인문
9791143409881,S000219337906,2026 시대에듀 청소년상담사 2급 2차 면접대비 한권으로 끝내기,"32,000","28,800",10%,5%,"1,600",문두식,시대고시기획,20260520,인문
9791198740748,S000219795721,기계가 언어를 사용한다는 것에 대한 인문학적 사유,"19,000","17,100",10%,5%,950,마크 코켈버그 외,생각이음,20260427,인문
9791167072306,S000219596077,생각이 보이는 교실 2,"20,000","20,000",0%,0%,0,론 리치하트 외,사회평론아카데미,20260331,인문
9788958722496,S000219494344,계급욕망의 유전자,"29,000","26,100",10%,5%,"1,450",서현,효형출판,20260330,인문
9791173578816,S000219522906,김경일의 마음 트래킹,"22,000","19,800",10%,5%,"1,100",김경일,21세기북스,20260327,인문
9791175540804,S000219312365,영유아 안전교육,"25,000","25,000",0%,3%,750,엄세진 외,공동체,20260225,인문
9791192559933,S000219212364,니체의 초월자 필사책,"19,800","17,820",10%,5%,990,김철,히읏,20260212,인문
9791157833870,S000218918519,개소리에 대하여,"10,000","9,000",10%,5%,500,해리 G. 프랭크퍼트,필로소픽,20260102,인문
9791193059708,S000218735501,"서논술형 평가, AI로 깊이를 더하다","25,500","22,950",10%,5%,"1,270",지미정 외,앤써북,20251230,인문
9791193388266,S000218704677,감정을 마주하면 길이 보인다,"20,000","18,000",10%,5%,"1,000",문요한,서스테인,20251212,인문
9791139728453,S000218304194,도덕감정론,"25,000","22,500",10%,5%,"1,250",애덤 스미스,현대지성,20251107,인문
9791191658668,S000218229124,아동 · 청소년을 위한 수용전념치료 워크북,"15,000","15,000",0%,3%,450,타마르 D. 블랙,하나의학사,20251029,인문
9791194368748,S000218079562,거인을 읽다,"25,000","22,500",10%,5%,"1,250",신영준 외,상상스퀘어,20251022,인문
9791171715305,S000218171586,시체는 거짓말하지 않는다,"20,000","18,000",10%,5%,"1,000",유성호,위즈덤하우스,20251015,인문
9791193282410,S000217570493,다크 심리학: 심리 조종의 기술,"19,800","17,820",10%,5%,990,다크 인사이트,다크인사이트스튜디오,20250915,인문
9791193740163,S000217446653,천천히 다정하게: 박웅현의 시 강독,"19,000","17,100",10%,5%,950,박웅현,인티앤,20250901,인문
9791192559087,S000217361031,쇼펜하우어 서재에서 훔친 인생지혜 77선,"16,900","15,210",10%,5%,840,아르투어 쇼펜하우어,히읏,20250821,인문
9791193282359,S000217243426,초역 쇼펜하우어의 말 필사집(사철제본),"22,000","19,800",10%,5%,"1,100",아르투어 쇼펜하우어,지혜의숲,20250806,인문
9788978497176,S000216730077,초역 니체의 말 필사집,"24,000","21,600",10%,5%,"1,200",프리드리히 니체,삼호미디어,20250623,인문
9791193081143,S000216849011,상처받지 않는 영혼(10주년 기념판),"16,800","15,120",10%,5%,840,마이클 A. 싱어,라이팅하우스,20250620,인문
9791138932950,S000216810094,"큰별쌤 최태성의 별별한국사 시대별 기출문제집 한국사능력검정시험 기본(4,5,6급)","19,000","17,100",10%,5%,950,최태성,이투스북,20250611,인문
9791194600282,S000216483768,나를 아프게 한 말들이 모두 진실은 아니었다,"17,800","16,020",10%,5%,890,마르쿠스 아우렐리우스,모티브,20250530,인문
9791193282236,S000216468055,맹자 인생수업: 세상의 소란 속에서 나를 지키는 50가지 맹자의 가르침,"17,500","15,750",10%,5%,870,맹자,하이스트,20250509,인문
9791199203402,S000216408458,현대 사회 생존법,"27,500","24,750",10%,5%,"1,370",알랭 드 보통 외,스피어인(spherIn),20250430,인문
9791194442097,S000215692015,글쓰기 생각쓰기,"22,000","19,800",10%,5%,"1,100",윌리엄 진서,돌베개,20250214,인문
9791192279114,S000215969024,대한검정회 한자 3급,"18,000","16,200",10%,5%,900,한출판 편집부,한출판,20250214,인문
9791193937150,S000215103474,내가 원하는 것을 나도 모를 때,"22,000","19,800",10%,5%,"1,100",전승환,북로망스,20250115,인문
9791192348391,S000215112767,두려움과 떨림,"18,000","16,200",10%,5%,900,쇠렌 키르케고르,카리스아카데미,20250109,인문
9791170751205,S000214977920,교직실무의 이론과 실제,"25,000","25,000",0%,1%,250,문진철,어가,20250102,인문
9788925574868,S000214679384,더 인간적인 건축,"30,000","27,000",10%,5%,"1,500",토마스 헤더윅,알에이치코리아,20241120,인문
9788942619047,S000214646502,논리와 논술,"20,000","20,000",0%,3%,600,김승희,창지사,20241024,인문
9791160871296,S000214567046,우리 시대의 동물 해방,"25,000","22,500",10%,5%,"1,250",피터 싱어 외,연암서가,20241018,인문
9788934918639,S000214614185,관조하는 삶,"16,800","15,120",10%,5%,840,한병철,김영사,20241018,인문
9788937416392,S000214165739,존재와 무,"44,000","39,600",10%,5%,"2,200",장폴 사르트르,민음사,20240830,인문
9791196389598,S000213799726,두뇌보완계획 100,"30,000","27,000",10%,5%,"1,500",김명석,학아재,20240710,인문
9791168341746,S000212430831,물질의 세계,"29,800","26,820",10%,5%,"1,490",에드 콘웨이,인플루엔셜,20240308,인문
9788999730801,S000212664709,발달심리학,"30,000","30,000",0%,3%,900,신명희 외,학지사,20240229,인문
9788932042411,S000211709592,헤테로토피아,"13,000","11,700",10%,5%,650,미셸 푸코,문학과지성사,20231211,인문
9788971391105,S000211566882,인간이 그리는 무늬,"18,000","16,200",10%,5%,900,최진석,소나무,20231210,인문
9791168101845,S000202689685,나의 사주명리: 심화 편,"22,000","19,800",10%,5%,"1,100",현묘,날,20230626,인문
9788934950967,S000201097027,세상은 실제로 어떻게 돌아가는가,"22,000","19,800",10%,5%,"1,100",바츨라프 스밀,김영사,20230309,인문
9788932440095,S000200626246,쇼펜하우어의 행복론과 인생론,"25,000","22,500",10%,5%,"1,250",아르투어 쇼펜하우어,을유문화사,20230110,인문
9788967997366,S000200347871,사마의 평전,"19,000","17,100",10%,5%,950,나채훈,북오션,20221227,인문
9788932474779,S000061838295,가치 있는 삶,"16,000","14,400",10%,5%,800,마리 루티,을유문화사,20220925,인문
9788961953023,S000061757367,종과 종이 만날 때,"25,000","22,500",10%,1%,250,도나 해러웨이,갈무리,20220826,인문
9791188509539,S000001915250,최초의 철학자들,"17,000","15,300",10%,1%,170,이봉호,파라아카데미,20220225,인문
9788999725135,S000001644186,교육행정학 원론,"23,000","23,000",0%,3%,690,윤정일 외,학지사,20210930,인문
9791155814024,S000001729602,묘사의 힘,"12,800","11,520",10%,5%,640,샌드라 거스,윌북,20210916,인문
9791164843091,S000001832096,나는 내가 먼저입니다,"16,800","15,120",10%,5%,840,네드라 글로버 타와브,매일경제신문사,20210903,인문
9788957337349,S000000848366,에우튀프론,"12,000","10,800",10%,1%,120,플라톤,아카넷,20210521,인문
9791190826556,S000001944371,반야심경 마음공부,"16,000","14,400",10%,5%,800,페이융,유노북스,20210507,인문
9791160805352,S000001796013,맹자,"22,000","19,800",10%,5%,"1,100",맹자,휴머니스트,20210201,인문
9788992654562,S000001507561,나를 사랑하기로 했습니다,"16,000","14,400",10%,5%,800,크리스틴 네프 외,이너북스,20200225,인문
9791190398152,S000001939699,아리스토텔레스 수사학(그리스어 원전 완역본),"18,800","16,920",10%,5%,940,아리스토텔레스,현대지성,20200205,인문
9791159201172,S000001776325,칼 융 레드 북,"29,000","26,100",10%,5%,"1,450",칼 구스타프 융,부글북스,20200115,인문
9791190398039,S000001939694,소크라테스의 변명·크리톤·파이돈·향연(그리스어 원전 완역본),"11,500","10,350",10%,5%,570,플라톤 외,현대지성,20191115,인문
9791195699667,S000001966276,증상이 아니라 독특함입니다,"17,000","15,300",10%,5%,850,토머스 암스트롱,새로온봄,20191107,인문
9788935664825,S000000603430,인간의 조건,"30,000","27,000",10%,5%,"1,500",한나 아렌트,한길사,20191105,인문
9788992654531,S000001507558,러브 유어셀프,"16,000","14,400",10%,5%,800,크리스틴 네프,이너북스,20191020,인문
9788932440026,S000000575904,의지와 표상으로서의 세계,"27,000","24,300",10%,5%,"1,350",아르투어 쇼펜하우어,을유문화사,20190525,인문
9791160022117,S000001787370,몽테뉴의 수상록,"12,000","10,800",10%,5%,600,안해린,메이트북스,20190215,인문
9788957336113,S000000848255,선악의 저편,"23,000","20,700",10%,5%,"1,150",프리드리히 니체,아카넷,20181127,인문
9791187142447,S000001897782,자유론(무삭제 완역본),"8,800","7,920",10%,5%,440,존 스튜어트 밀,현대지성,20180601,인문
9791156757344,S000001744837,우울할 땐 뇌 과학,"17,000","15,300",10%,5%,850,앨릭스 코브,심심,20180312,인문
9788949714547,S000000703095,인간과 상징,"20,000","18,000",10%,5%,"1,000",카를 융 외,동서문화사,20160909,인문
9791187142126,S000001897765,사마천 사기 56,"33,000","29,700",10%,5%,"1,650",사마천,현대지성,20160725,인문
9791185152431,S000001863138,내 문장이 그렇게 이상한가요?,"14,000","12,600",10%,5%,700,김정선,유유,20160124,인문
9788956609249,S000000828451,자기 결정,"9,000","8,100",10%,5%,450,페터 비에리,은행나무,20150921,인문
9788957334515,S000000848129,우상의 황혼,"14,000","12,600",10%,5%,700,프리드리히 니체,아카넷,20150803,인문
9788965133520,S000001015900,유시민의 글쓰기 특강,"15,000","13,500",10%,5%,750,유시민,생각의길,20150410,인문
9788901163673,S000000406894,바른 마음,"29,000","26,100",10%,5%,"1,450",조너선 하이트,웅진지식하우스,20140421,인문
9788963303673,S000000984293,애착과 심리치료,"25,000","25,000",0%,3%,750,DAVID J. WALLIN,학지사,20100420,인문
9788991290297,S000001470211,신들의 계보,"23,000","20,700",10%,5%,"1,150",헤시오도스,숲,20090915,인문
9788958270096,S000000869153,"몰입, FLOW","32,000","28,800",10%,5%,"1,600",미하이 칙센트미하이,한울림,20050825,인문
9788971992029,S000001110604,강의,"18,000","16,200",10%,5%,900,신영복,돌베개,20041211,인문
9788971901328,S000001108291,사주만세력,"20,000","18,000",10%,5%,"1,000",우리문화 기획팀,동학사,20031115,인문
9791193059975,S000221379920,에이전틱 AI 학교 교육 활용법,"22,000","19,800",10%,5%,"1,100",홍진우 외,앤써북,20261020,인문
9791143419330,S000221248172,어문회 한자능력검정시험 6급 한 권으로 끝내기,"17,000","15,300",10%,5%,850,박정서 외,시대고시기획,20261015,인문
9791199197824,S000221362071,아날로그 인간학,"18,000","16,200",10%,5%,900,최병석,좋은세상바라기,20261006,인문
9791167528421,S000221358355,말소리튜닝,"18,000","16,200",10%,5%,900,신미이,책과나무,20261005,인문
9791167701657,S000221381530,늙음의 레슨,"18,000","16,200",10%,5%,900,우치다 다쓰루,유유,20261004,인문
9791192986678,S000221283704,서사 이론,"32,000","28,800",10%,5%,"1,600",켄트 퍼킷,b,20260930,인문
9788931027174,S000221336679,융의 영혼의 지도,"23,000","20,700",10%,5%,"1,150",Murray Stein,문예출판사,20260930,인문
9791172134822,S000221380652,환상사회,"18,000","16,200",10%,5%,900,정지우,한겨레출판,20260930,인문
9791176880091,S000221328325,운명은 의심을 멈추는 순간 시작된다,"17,800","16,020",10%,5%,890,잔다르크,클래시카,20260921,인문
9791199911109,S000221228906,대한민국 교육트렌드 2027,"30,000","27,000",10%,5%,"1,500",교육트렌드 2027 집필팀 외,에듀니티교육연구소,20260920,인문
9788936481803,S000221353823,김대중,"22,000","19,800",10%,5%,"1,100",김대중,창비,20260920,인문
9791194391425,S000221262988,"브랜드, 신이 되다","17,500","15,750",10%,5%,870,엄창호,루아크,20260920,인문
9791143417626,S000220501143,어문회 한자능력검정시험 7급 한 권으로 끝내기,"17,000","15,300",10%,5%,850,박정서 외,시대고시기획,20260918,인문
9791194314769,S000221280001,정미년 대한민력,"9,000","8,100",10%,5%,450,김혁제,명문당,20260918,인문
9791138864916,S000221354896,왜 내가 더 미워할까? 미움의 뿌리 심리학,"22,000","19,800",10%,5%,"1,100",강대성,좋은땅,20260917,인문
9788965968535,S000221166776,이지페이지: 도파민네이션(dopamine nation)(큰글자책),"27,000","24,300",10%,5%,"1,350",애나 렘키,흐름출판,20260915,인문
9788999738555,S000221330378,통합교육은 처음인데요,"20,000","20,000",0%,3%,600,최지혜 외,학지사,20260915,인문
9791176881135,S000221242474,모두가 그렇게 흔들리며 살아갑니다,"17,800","16,020",10%,5%,890,때지타로,모티브,20260915,인문
9791194096337,S000221143551,세상에서 가장 재미있는 88가지 심리실험: 자기계발편,"20,000","18,000",10%,5%,"1,000",나이토 요시히토,사람과나무사이,20260911,인문
9791195928873,S000220956487,고독서정,"19,000","17,100",10%,5%,950,강유원,라티오,20260910,인문
9791124649657,S000221152596,세상이 정한 방식으로는 결코 나를 담아낼 수 없다,"17,800","16,020",10%,5%,890,세종대왕,결출판사,20260909,인문
9791191860542,S000221264245,접속! 아카식 레코드,"18,000","16,200",10%,5%,900,Maureen J. St. Germain,올리브나무,20260907,인문
9791193388495,S000220945757,동사의 힘,"18,800","16,920",10%,5%,940,사라 카우프먼,서스테인,20260904,인문
9791124649497,S000221063260,이제야 비로소 아버지가 이해되기 시작했다,"17,800","16,020",10%,5%,890,정아름,모티브,20260903,인문
9791155402733,S000220923909,동화가 마음을 읽어줄 때,"18,000","16,200",10%,5%,900,류혜인,추수밭,20260902,인문
9791198772893,S000221048061,출근의 비밀(양장본 Hardcover),"25,000","22,500",10%,5%,"1,250",신경애,러브앤북스,20260901,인문
9791193591574,S000221109052,당신은 어떻게 씁니까,"19,800","17,820",10%,5%,990,강원국,디플롯,20260901,인문
9791176613101,S000221109754,"한비자, 권력의 법칙","19,800","17,820",10%,5%,990,이강재,21세기북스,20260831,인문
9791122025910,S000221074672,목사 딸의 백팔배,"16,000","14,400",10%,5%,800,이정은,온다프레스,20260831,인문
9791190177924,S000221073864,직업과 삶,"20,000","20,000",0%,3%,600,신윤호,휴먼북스,20260828,인문
9788961964715,S000221047323,여덟 개의 우주,"19,800","17,820",10%,5%,990,최준석,아트북스,20260827,인문
9791140719983,S000220988378,이토록 문학적인 서울 산책,"22,000","19,800",10%,5%,"1,100",이순자,더퀘스트,20260826,인문
9791176800389,S000221143005,사회과교육론,"27,000","27,000",0%,3%,810,모경환,동문사,20260825,인문
9791171831852,S000220930665,고장 난 실행력,"22,000","19,800",10%,5%,"1,100",신재현,유노북스,20260825,인문
9791172792596,S000220871008,수용전념치료 기초 배우기,"22,000","22,000",0%,3%,660,Michael P. Twohig 외,박영스토리,20260825,인문
9791171831876,S000221175851,다산의 필사책(사철제본),"21,000","18,900",10%,5%,"1,050",정약용,유노북스,20260825,인문
9791199489110,S000220843965,한 권으로 끝내는 오디세이아,"18,400","16,560",10%,5%,920,박용남,리미트리스,20260821,인문
9791168344037,S000220938784,생각을 바꾸는 생각들 확장판,"23,800","21,420",10%,5%,"1,190",비카스 샤,인플루엔셜,20260818,인문
9788999737749,S000221228241,자살위기상담,"25,000","25,000",0%,3%,750,유영권 외,학지사,20260815,인문
9791173492693,S000220588696,2026 KBS한국어능력시험 공식 기출문제집,"30,000","27,000",10%,5%,"1,500",KBS한국어진흥원,김영북스,20260809,인문
9788932476346,S000220662357,감정 조절,"20,000","18,000",10%,5%,"1,000",권혜경,을유문화사,20260730,인문
9791124126530,S000220615955,모두를 위한 개념기반 탐구수업,"20,000","18,000",10%,5%,"1,000",양효선 외,초록비책공방,20260730,인문
9791124248492,S000220693215,불확실성의 힘,"25,000","22,500",10%,5%,"1,250",매기 잭슨,상상스퀘어,20260729,인문
9788920055508,S000220465305,"교직실무(26-2학기,워크북포함)","25,800","25,800",0%,0%,0,이영애 외,한국방송통신대학교출판문화원,20260725,인문
9791197336133,S000220616286,영웅의 귀환 오뒷세이아,"22,000","19,800",10%,5%,"1,100",강대진,도도네,20260725,인문
9791199096998,S000220465903,생각을 외주화한 사람들,"21,000","18,900",10%,5%,"1,050",정재민 외,더스퀘어,20260716,인문
9791191128093,S000220430045,"신, 인간, 동물, 기계","20,000","18,000",10%,5%,"1,000",메건 오기블린,갈마바람,20260715,인문
9791167090560,S000220736134,군주론,"12,500","11,250",10%,5%,620,니콜로 마키아벨리,아름다운날,20260715,인문
9791169087414,S000220453124,독서라는 사건,"22,000","19,800",10%,5%,"1,100",밀리의서재 외,오리지널스,20260708,인문
9788920055058,S000220465280,기초 거시경제론(26-2학기 교재),"25,800","25,800",0%,0%,0,박강우,한국방송통신대학교출판문화원,20260706,인문
9788920052958,S000216985539,"경제학의이해 (26-2학기,워크북포함)","20,300","20,300",0%,0%,0,이충기 외,한국방송통신대학교출판문화원,20260706,인문
9788920040498,S000000458555,"이슈로보는오늘날의유럽 (26-2학기,워크북포함)","19,000","19,000",0%,3%,570,심지영 외,한국방송통신대학교출판문화원,20260706,인문
9788920040207,S000000458544,"인간과사회 (26-2학기,워크북포함)","19,000","19,000",0%,3%,570,정준영 외,한국방송통신대학교출판문화원,20260706,인문
9788920055546,S000220465267,"대학수학의이해 (26-2학기,워크북포함)","17,200","17,200",0%,0%,0,안형미 외,한국방송통신대학교출판문화원,20260706,인문
9788920055522,S000220465295,"AI를위한수학의기초 (26-2학기,워크북포함)","16,400","16,400",0%,0%,0,한국방송통신대학교출판문화원 편집부,한국방송통신대학교출판문화원,20260706,인문
9788920018886,S000000457630,"철학의이해 (26-2학기,워크북포함)","14,600","14,600",0%,0%,0,박은미 외,한국방송통신대학교출판문화원,20260706,인문
9788920050237,S000213898445,"국어학개론 (26-2학기,워크북포함)","13,600","13,600",0%,0%,0,이익섭 외,한국방송통신대학교출판문화원,20260706,인문
9791193703168,S000220308010,당신은 더 잘 쓰게 된다,"18,500","16,650",10%,5%,920,이기원,오늘산책,20260701,인문
9791165704315,S000220151874,IB를 넘어 KB로,"35,000","31,500",10%,5%,"1,750",이혜정 외,창비교육,20260630,인문
9791164053629,S000220270964,죽음의 수용소 이후,"17,800","16,020",10%,5%,890,빅터 프랭클,북하우스,20260629,인문
9788936481551,S000220350712,어려울 것 없는 행복,"13,000","11,700",10%,5%,650,서은국,창비,20260626,인문
9791191658729,S000220281339,청소년 사회성 증진 ACT 워크북,"25,000","25,000",0%,3%,750,셰리 터렐 외,하나의학사,20260622,인문
8809507026122,S000220308028,짝꿍찾기 워크북,"18,000","16,200",10%,1%,170,전맹순,와이즈박스,20260618,인문
9791199913202,S000220279903,몰입,"16,800","15,120",10%,5%,840,이근오,운화,20260608,인문
9788937449369,S000220161961,신화의 역사,"19,000","17,100",10%,5%,950,심용환,민음사,20260602,인문
9791194798163,S000220096933,2027 설보연 SANTA 교육학 단권화 Thin,"22,000","19,800",10%,5%,"1,100",설보연,계획된우연,20260601,인문
9791167701534,S000220042232,우리는 왜 그냥 즐기지 못할까,"17,000","15,300",10%,5%,850,고쿠분 고이치로,유유,20260524,인문
9791167701558,S000220041686,우리는 왜 무엇인가 해야 할까,"17,000","15,300",10%,5%,850,고쿠분 고이치로,유유,20260524,인문
9791191238884,S000218840796,2026 한자능력검정시험 기출예상문제집 7급,"15,000","13,500",10%,5%,750,한국어문교육연구회 편집부,한국어문교육연구회,20260520,인문
9791171257058,S000219997243,가장 인간적인 도시,"17,000","15,300",10%,5%,850,정현재,시공사,20260515,인문
9791124022139,S000219981292,"인생, 니체는 이렇게 말했다","18,000","16,200",10%,5%,900,페이허이스,정민미디어,20260514,인문
9791199757646,S000219801012,인간을 인간답게 만드는 불완전함에 대하여,"22,000","19,800",10%,5%,"1,100",팀 하포드,윌마,20260508,인문
9791193482179,S000219868690,감각의 주술,"29,000","26,100",10%,5%,"1,450",데이비드 에이브럼,갈라파고스,20260506,인문
9791173579530,S000219713581,우리는 언제 어른이 되는가,"20,000","18,000",10%,5%,"1,000",김진하,21세기북스,20260420,인문
9791193154588,S000219656230,경전의 탄생,"42,000","37,800",10%,5%,"2,100",카렌 암스트롱,교양인,20260415,인문
9791143410306,S000219305354,2026 시대에듀 한국어교육능력검정시험 2차 면접시험 일주일 안에 다잡기,"22,000","19,800",10%,5%,"1,100",정은화,시대고시기획,20260415,인문
9791169087216,S000219655522,디스킬 제너레이션,"18,000","16,200",10%,5%,900,김재인,오리지널스,20260415,인문
9791199555198,S000219681262,반우울,"17,000","15,300",10%,5%,850,다이라 고겐,서교책방,20260415,인문
9791124370322,S000219602024,세계척학전집: 사랑은 오해다,"22,000","19,800",10%,5%,"1,100",이클립스,모티브,20260410,인문
9791186453810,S000001885237,한국어 교실 수업의 원리와 실제,"17,800","16,020",10%,5%,890,조형일,소통,20260410,인문
9791173561788,S000219523296,2027 조셉신 The 영미문학 Master,"17,000","15,300",10%,5%,850,조셉 신,G스쿨,20260331,인문
9791173324901,S000219570741,유혹하는 글쓰기(25주년 기념 라이터스 에디션),"20,000","18,000",10%,5%,"1,000",스티븐 킹,김영사,20260330,인문
9788936481247,S000219549824,AI가 나보다 일을 잘할 때,"13,000","11,700",10%,5%,650,김대식 외,창비,20260327,인문
9791198607416,S000219596013,학생생활교육 마스터클래스,"20,000","18,000",10%,5%,"1,000",정진,리피스북스,20260326,인문
9791199809505,S000219519056,AI 시대 서·논술형 평가 설계 바이블,"22,000","19,800",10%,5%,"1,100",조현준 외,에듀니티교육연구소,20260325,인문
9791124336830,S000219544090,운동하면 좋은 걸 누가 모르냐고요,"18,500","16,650",10%,5%,920,하주원,반비,20260325,인문
9788935679218,S000219513787,후설의 현상학,"27,000","24,300",10%,1%,270,단 자하비,한길사,20260324,인문
9791175590182,S000219468863,국가,"38,000","34,200",10%,5%,"1,900",플라톤,아카넷,20260320,인문
9788999736957,S000219570734,알기 쉬운 교육과정,"25,000","25,000",0%,3%,750,홍후조,학지사,20260320,인문
9791143406736,S000218913829,2026 어문회 한자능력검정시험 3급 한 권으로 끝내기,"26,000","23,400",10%,5%,"1,300",박정서 외,시대고시기획,20260305,인문
9791193961476,S000219245329,2027 중등교원 임용시험대비 정치학,"24,000","21,600",10%,5%,"1,200",김현중,가치산책컴퍼니,20260219,인문
9791124038277,S000219138816,모든 것은 별에서 시작되었다,"22,000","19,800",10%,5%,"1,100",조앤 베이커,북플레저,20260211,인문
9788925569680,S000219238347,그들이 그렇게 연애하는 까닭(출간 15주년 기념 개정판),"20,000","18,000",10%,5%,"1,000",아미르 레빈 외,알에이치코리아,20260211,인문
9791199576551,S000219212182,이동건의 유아임용 해실이 해설서 놀이실행자료 놀이이해자료,"25,000","22,500",10%,5%,"1,250",이동건,더챕터,20260210,인문
9788961474924,S000219137669,철학의 문제들,"19,800","17,820",10%,1%,190,버트런드 러셀,이학사,20260210,인문
9791192267128,S000219204734,신화가 된 조선,"15,000","13,500",10%,5%,750,정광제,타임라인,20260206,인문
9791198741363,S000219079783,모든 교실은 신경다양성 교실이다,"19,200","17,280",10%,5%,960,김명희,새로온봄,20260205,인문
9791199319387,S000219252834,광명경,"30,000","27,000",10%,5%,"1,500",하늘산,힐링스쿨,20260204,인문
9788964453070,S000219144151,종교개혁 중세에서 근대로의 역사적 대전환,"80,000","72,000",10%,5%,"4,000",최종원,도서출판 길,20260202,인문
9788999416323,S000219139790,장애인 평생교육,"23,000","23,000",0%,3%,690,이복희 외,양서원,20260130,인문
9791194600992,S000219075116,세계척학전집: 훔친 심리학 편,"22,000","19,800",10%,5%,"1,100",이클립스,모티브,20260129,인문
9791191238853,S000217112136,2026 한자능력검정시험 3급,"29,000","26,100",10%,5%,"1,450",남기탁 외,한국어문교육연구회,20260120,인문
9791173561320,S000219020013,2027 하이패스 교직논술,"39,000","35,100",10%,5%,"1,950",조학규,G스쿨,20260115,인문
9791199625105,S000219010152,바디 리패터닝,"27,500","24,750",10%,5%,"1,370",아리엘 슈워츠,임바디힐링,20260114,인문
9791193388075,S000213675097,나는 왜 남들보다 쉽게 지칠까,"17,800","16,020",10%,5%,890,최재훈,서스테인,20260108,인문
9791174910530,S000218783515,2026 임상심리사 1급 실기 예상 + 기출문제집,"50,000","45,000",10%,5%,"2,500",김형준 외,나눔Book,20260102,인문
9791193961360,S000218858650,2027 중등교원 임용시험대비 사회과 교육론,"15,000","13,500",10%,5%,750,이웅재,가치산책컴퍼니,20251230,인문
9788969151964,S000218778958,놀이로 시작하는 사회정서 교육,"21,000","18,900",10%,5%,"1,050",황낙원,학교도서관저널,20251219,인문
9791175780019,S000218778730,모리와 함께한 마지막 수업,"22,000","19,800",10%,5%,"1,100",모리 슈워츠,부키,20251217,인문
9788969151957,S000218787248,"질문하는 방법, 어떻게 가르칠까?","19,000","17,100",10%,5%,950,김현주 외,학교도서관저널,20251212,인문
9791168343405,S000218782971,아흔에 바라본 삶,"19,800","17,820",10%,5%,990,찰스 핸디,인플루엔셜,20251210,인문
9788997947515,S000218676492,"오늘, 고전 한 줄에 기대다","17,800","16,020",10%,5%,890,김시현,지와수,20251201,인문
9791166844652,S000218666681,지각의 현상학,"42,000","37,800",10%,5%,"2,100",모리스 메를로퐁티,세창출판사,20251128,인문
9791189217853,S000218304811,김경일의 지혜로운 인간생활 필사 에디션,"23,800","21,420",10%,5%,"1,190",김경일,저녁달,20251115,인문
9791194329015,S000218399567,차가일상,"22,000","19,800",10%,5%,"1,100",김소연,아트레이크 ArtLake,20251110,인문
9791167742483,S000218364939,"로봇 시대, 인간의 일","19,800","17,820",10%,5%,990,구본권,어크로스,20251110,인문
9791194600725,S000218147992,개처럼 인생을 살아라,"17,800","16,020",10%,5%,890,디오게네스,모티브,20251020,인문
9791194793342,S000218081957,30일 완성 고시체 글씨 연습,"17,000","15,300",10%,5%,850,현익미디어 수험연구소,현익미디어,20251015,인문
9788927881162,S000217613848,초역 예수의 언어,"19,000","17,100",10%,5%,950,김학철,중앙북스,20251003,인문
9791193238790,S000218055208,당신 곁의 한국 정원,"17,000","15,300",10%,5%,850,신지선,수오서재,20251001,인문
9788999735349,S000217747977,상담의 기술,"29,000","29,000",0%,3%,870,Clara E. Hill,학지사,20250930,인문
9791193282434,S000217614178,다크 심리학 3: 설득의 법칙,"19,800","17,820",10%,5%,990,다크 인사이트,다크인사이트스튜디오,20250915,인문
9791193282427,S000217579386,다크 심리학 2: 휘둘리지 않는 법,"19,800","17,820",10%,5%,990,다크 인사이트,다크인사이트스튜디오,20250915,인문
9788965775720,S000217556300,남촌물상론 사례집,"48,000","43,200",10%,5%,"2,400",김대영,문학공원,20250912,인문
9791193262689,S000217377105,"몽테뉴, 사유의 힘","19,000","17,100",10%,5%,950,임재성,필름(Feelm),20250827,인문
9791170873723,S000217349440,육도·삼략,"22,000","19,800",10%,5%,"1,100",태공망 외,휴머니스트,20250825,인문
9791159933233,S000217335264,돈키호테,"9,800","9,800",0%,1%,90,미겔 데 세르반테스,올재,20250825,인문
9791198847225,S000218197312,위기상담사례집,"20,000","18,000",10%,5%,"1,000",정윤경 외 16명,에듀하트(EDU HEART),20250822,인문
9788965294658,S000217226690,웹소설 작가 튜토리얼 북,"13,000","11,700",10%,5%,650,드림판다,씽크스마트,20250807,인문
9791194600435,S000216862415,"큰 뜻을 품은 자여, 왜 그 자리에 머물러 있는가","17,800","16,020",10%,5%,890,정약용,모티브,20250627,인문
9791191803440,S000216817677,책의 계절,"20,800","18,720",10%,5%,"1,040",정지현,버터북스,20250623,인문
9791193482124,S000216841689,청킹맨션의 보스는 알고 있다,"18,500","16,650",10%,5%,920,오가와 사야카,갈라파고스,20250620,인문
9791198805188,S000216407021,어휘력 높이고 싶은 어른을 위한 필사책,"22,000","19,800",10%,5%,"1,100",손힘찬,비책,20250513,인문
9791172627782,S000216297948,앤드류 채 멘토영어학 기출분석,"37,000","33,300",10%,5%,"1,850",앤드류 채,박문각,20250430,인문
9788963724454,S000216144621,부모와 아이 사이,"18,000","16,200",10%,5%,900,하임 G.기너트,양철북,20250401,인문
9791194513087,S000216188893,엥케이리디온,"12,000","10,800",10%,5%,600,에픽테토스,그린비,20250331,인문
9791168342750,S000216048766,내면소통 명상수업,"28,000","25,200",10%,5%,"1,400",김주환,인플루엔셜,20250328,인문
9791185377988,S000216049098,예비교사를 위한 교육과정의 이해,"22,000","22,000",0%,3%,660,김현영 외,교육아카데미,20250228,인문
9788925574226,S000215020821,반야심경,"16,800","15,120",10%,5%,840,미야사카 유코우,알에이치코리아,20241227,인문
9791192999661,S000215009013,초역 붓다의 말,"22,800","20,520",10%,5%,"1,140",시라토리 하루히코,빌리버튼,20241220,인문
9791198731906,S000214794253,단어가 품은 세계,"18,000","16,200",10%,5%,900,황선엽,빛의서가,20241122,인문
9791167701046,S000214597984,무지의 즐거움,"18,000","16,200",10%,5%,900,우치다 다쓰루,유유,20241104,인문
9791190844550,S000214428149,생각의 기술,"28,500","25,650",10%,5%,"1,420",코디정,이소노미아,20241015,인문
9791167140883,S000214377548,소설 쓰고 앉아 있네,"18,500","16,650",10%,5%,920,문지혁,해냄출판사,20240923,인문
9791186643204,S000214156895,혐오의 즐거움에 관하여,"16,700","15,030",10%,5%,830,윌리엄 해즐릿,아티초크,20240830,인문
9788997870820,S000214081244,돌로레스 캐논 죽음과 삶 사이의 세계,"28,000","25,200",10%,5%,"1,400",돌로레스 캐논,공명,20240820,인문
9791193866146,S000214014960,철학의 쓸모,"18,800","16,920",10%,5%,940,로랑스 드빌레르,피카(FIKA),20240820,인문
9791194227014,S000213902382,하루 한 장 내 삶에 새기는 부처,"9,800","8,820",10%,5%,490,법구,일상과이상(일상이상),20240807,인문
9791193792186,S000213855366,세네카의 행복론,"17,000","15,300",10%,5%,850,루키우스 안나이우스 세네카,숲,20240725,인문
9788936480301,S000213659854,정도전,"21,000","18,900",10%,5%,"1,050",정도전 외,창비,20240715,인문
8809507025170,S000213989351,내러티브상담 질문카드,"17,000","17,000",0%,0%,0,고정은,인싸이트,20240704,인문
9788999731419,S000213636773,상처받은 내면아이 치유,"18,000","18,000",0%,3%,540,존 브래드쇼,학지사,20240625,인문
9791191658422,S000213610816,심리치료사를 위한 신경과학 가이드북,"28,000","28,000",0%,3%,840,루이스 코졸리노,하나의학사,20240621,인문
9791171175840,S000213361899,호모 사피엔스,"42,000","37,800",10%,5%,"2,100",조지프 헨릭,21세기북스,20240527,인문
9791189217266,S000213076658,김경일의 지혜로운 인간생활(블루캣 에디션),"19,800","17,820",10%,5%,990,김경일,저녁달,20240430,인문
9788999730771,S000213227541,벼리의 행복찾기,"15,000","13,500",10%,5%,750,초등상담나무,학지사,20240420,인문
9791140708987,S000212737047,지적인 어른을 위한 최소한의 교양수업,"18,800","16,920",10%,1%,180,사이토 다카시,더퀘스트,20240320,인문
9791198343321,S000212725370,데리다와 역사,"15,000","13,500",10%,5%,750,김민호,에디스코,20240318,인문
9791191369540,S000212731700,왜 당신은 다른 사람을 위해 살고 있는가,"14,000","12,600",10%,5%,700,고윤(페이서스 코리아),딥앤와이드,20240315,인문
9791187268758,S000212576127,문헌정보학개론,"22,000","19,800",10%,1%,220,김수경 외,태일사,20240302,인문
9788999730733,S000212770993,학교폭력 예방 및 학생의 이해,"22,000","22,000",0%,3%,660,정여주 외,학지사,20240228,인문
9788931023473,S000212427835,시간과 타자,"16,000","14,400",10%,1%,160,에마뉘엘 레비나스,문예출판사,20240228,인문
9791162543641,S000212376211,인생의 오후를 즐기는 최소한의 지혜,"17,500","15,750",10%,1%,170,아서 브룩스,비즈니스북스,20240223,인문
9791193674017,S000212162571,5분 뚝딱 철학: 생각의 역사 1,"22,000","19,800",10%,5%,"1,100",김필영,스마트북스,20240125,인문
9791168341418,S000210676111,진정한 행복의 7가지 조건,"18,800","16,920",10%,5%,940,채정호,인플루엔셜,20231025,인문
9788957338865,S000210710606,오뒷세이아,"32,000","28,800",10%,5%,"1,600",호메로스,아카넷,20231016,인문
9791192836270,S000209172617,디아스포라 기행,"16,800","15,120",10%,5%,840,서경식,돌베개,20230920,인문
9791167741165,S000208974363,아침에는 죽음을 생각하는 것이 좋다,"18,500","16,650",10%,5%,920,김영민,어크로스,20230915,인문
9788993784787,S000208468354,제텔카스텐,"18,000","16,200",10%,5%,900,숀케 아렌스,인간희극,20230915,인문
9791167071248,S000208702148,작문교육론,"28,000","28,000",0%,3%,840,권순희 외,사회평론아카데미,20230831,인문
9788999729508,S000208590003,내러티브 상담,"25,000","25,000",0%,3%,750,고미영 외,학지사,20230830,인문
9788957338834,S000208814310,AI 윤리에 대한 모든 것,"18,000","16,200",10%,5%,900,마크 코켈버그,아카넷,20230825,인문
9791162881729,S000208506239,죽음 후 의식세계,"14,000","14,000",0%,3%,420,윌리엄 불맨,유원북스,20230824,인문
9788999729331,S000208690758,그림을 통한 아동의 진단과 이해,"22,000","22,000",0%,3%,660,신민섭 외,학지사,20230720,인문
9788999729126,S000210527594,현대 이상심리학,"32,000","32,000",0%,3%,960,권석만,학지사,20230630,인문
9791167740984,S000201621022,도둑맞은 집중력,"18,800","16,920",10%,5%,940,요한 하리,어크로스,20230428,인문
9791139710892,S000201458524,플라톤 국가(그리스어 원전 완역본),"30,000","27,000",10%,5%,"1,500",플라톤,현대지성,20230420,인문
9788999728808,S000201642158,교육심리학,"25,000","25,000",0%,3%,750,신명희 외,학지사,20230410,인문
9791166891465,S000201458339,카를 융 인간의 이해,"17,800","16,020",10%,5%,890,가와이 하야오,바다출판사,20230407,인문
9791190299770,S000201359832,모든 삶은 흐른다,"18,800","16,920",10%,5%,940,로랑스 드빌레르,피카(FIKA),20230403,인문
9791169190879,S000200898031,한국어 교원 자격 취득을 위한 한국어 교육 실습,"25,000","22,500",10%,1%,250,이윤진 외,한국문화사,20230310,인문
9791169831079,S000201230366,질문하고 답하기 1,"22,000","19,800",10%,5%,"1,100",김정완 외,이담북스,20230310,인문
9791192300528,S000201067003,오십에 읽는 순자,"17,000","15,300",10%,5%,850,최종엽,유노북스,20230302,인문
9788999727856,S000200298152,인지행동놀이치료 워크북 125가지 활동,"15,000","15,000",0%,3%,450,Lisa Weed Phifer 외,학지사,20221115,인문
9791190538510,S000200128317,만일 내가 인생을 다시 산다면(35만 부 기념 스페셜 에디션),"17,200","15,480",10%,5%,860,김혜남,메이븐,20221111,인문
9791167140531,S000200192368,성장할 수 있는 용기,"18,800","16,920",10%,5%,940,조벽 외,해냄출판사,20221110,인문
9788957338209,S000200149734,도덕 원리에 관한 탐구,"20,000","18,000",10%,1%,200,데이비드 흄,아카넷,20221021,인문
9788978496681,S000061896698,초역 니체의 말 2,"15,800","14,220",10%,5%,790,프리드리히 니체,삼호미디어,20220926,인문
9791187064947,S000061777352,내 안의 여신을  찾아서,"18,000","16,200",10%,5%,900,모린 머독,교양인,20220913,인문
9791167700438,S000061585264,선물,"30,000","27,000",10%,5%,"1,500",루이스 하이드,유유,20220814,인문
9791167140401,S000061352779,나는 왜 나를 함부로 대할까,"17,800","16,020",10%,5%,890,문요한,해냄출판사,20220630,인문
9791190555807,S000060627920,그림책을 쓰고 싶은 당신에게,"14,000","12,600",10%,5%,700,최은영,클,20220629,인문
9791190710411,S000061353750,감정 어휘,"16,000","14,400",10%,5%,800,유선경,앤의서재,20220610,인문
9788965965046,S000001029426,도파민네이션,"18,000","16,200",10%,5%,900,애나 렘키,흐름출판,20220321,인문
9788999726095,S000001644271,집단상담,"24,000","24,000",0%,3%,720,천성문,학지사,20220320,인문
9791167046529,S000001849081,"교사를 위한, 발명교육의 이해와 실제","18,000","16,200",10%,1%,180,한국발명진흥회,박문각,20220315,인문
9788934949671,S000000596005,우리는 여전히 삶을 사랑하는가,"15,800","14,220",10%,5%,790,라이너 풍크,김영사,20220211,인문
9788999725807,S000001644248,DBT 학교에 가다,"25,000","25,000",0%,3%,750,James J. Mazza 외,학지사,20220210,인문
9791191133059,S000001948139,호텔에 관한 거의 모든 것,"22,000","19,800",10%,5%,"1,100",한이경,혜화1117,20211201,인문
9788934944188,S000000595793,사피엔스 : 그래픽 히스토리 Vol.2,"19,800","17,820",10%,5%,990,김명주,김영사,20211122,인문
9788925579252,S000000479245,죽고 싶은 사람은 없다,"16,800","15,120",10%,5%,840,임세원,알에이치코리아,20211122,인문
9791170400523,S000001860182,이어령의 마지막 수업,"16,500","14,850",10%,5%,820,김지수 외,열림원,20211028,인문
9788934980285,S000000597548,리추얼의 종말,"16,800","15,120",10%,5%,840,한병철,김영사,20211015,인문
9791167740021,S000001851468,행복의 지도,"22,000","19,800",10%,5%,"1,100",에릭 와이너,어크로스,20210903,인문
9791156758785,S000001744905,조현병의 모든 것,"35,000","31,500",10%,5%,"1,750",E. 풀러 토리,심심,20210517,인문
9791197434907,S000001986531,최진석의 대한민국 읽기,"17,000","15,300",10%,5%,850,최진석,북루덴스,20210503,인문
9791190030922,S000001934510,소크라테스 익스프레스,"22,000","19,800",10%,5%,"1,100",에릭 와이너,어크로스,20210428,인문
9788931021486,S000000549258,덕의 상실,"20,000","18,000",10%,5%,"1,000",알래스데어 매킨타이어,문예출판사,20210409,인문
9788901249599,S000000408056,질서 너머,"17,800","16,020",10%,5%,890,조던 피터슨,웅진지식하우스,20210322,인문
9788976783813,S000001195950,문헌정보학의 이해,"30,000","30,000",0%,3%,900,한국문헌정보학회,한국도서관협회,20210225,인문
9788998741488,S000001636002,글쓰기와 커뮤니케이션,"16,000","14,400",10%,5%,800,김향 외,에이치북스,20210220,인문
9788999722844,S000001643968,상담 사례개념화 연습하기,"17,000","17,000",0%,3%,510,금명자,학지사,20210125,인문
9788958623427,S000000879565,손자병법,"18,000","16,200",10%,5%,900,손자,휴머니스트,20201207,인문
9791160804607,S000001795979,인생에 한번은 차라투스트라,"18,000","16,200",10%,5%,900,이진우,휴머니스트,20201123,인문
9791189946784,S000001933571,이거 좋은 질문이야!,"20,000","20,000",0%,3%,600,에릭 M. 프랜시스,사회평론아카데미,20201109,인문
9791190538206,S000001941412,홀로서기 심리학(7만 부 기념 스페셜 에디션),"17,000","15,300",10%,5%,850,라라 E. 필딩,메이븐,20201109,인문
9788934987901,S000000597872,행복을 묻는 당신에게,"13,800","12,420",10%,5%,690,김아리,김영사,20201027,인문
9788932474366,S000000576566,몸은 기억한다,"24,000","21,600",10%,5%,"1,200",베셀 반 데어 콜크,을유문화사,20201025,인문
9791196968243,S000001982297,교사의 시선,"18,000","16,200",10%,5%,900,김태현,교육과실천,20201007,인문
9788930040518,S000000538963,광기의 역사,"42,000","37,800",10%,0%,0,미셸 푸코,나남,20201005,인문
9788999722028,S000001643890,청소년을 위한 행동활성화,"18,000","18,000",0%,3%,540,Elizabeth McCauley 외,학지사,20200925,인문
9791189932732,S000001933241,표정의 심리학,"17,800","16,020",10%,5%,890,폴 에크먼,바다출판사,20200911,인문
9788950988340,S000000710996,스트레스의 힘,"22,000","19,800",10%,5%,"1,100",켈리 맥고니걸,21세기북스,20200529,인문
9791160022773,S000001787436,발타자르 그라시안의 인생 수업,"15,000","13,500",10%,5%,750,발타자르 그라시안,메이트북스,20200316,인문
9788974612238,S000001160694,마의 관상법,"25,000","22,500",10%,5%,"1,250",이남희,문원북,20200301,인문
9788937420382,S000000618857,한국현대문학사 1(1896~1945),"35,000","31,500",10%,5%,"1,750",권영민,민음사,20200228,인문
9791189683283,S000001929793,내가 왜 계속 살아야 합니까,"14,000","12,600",10%,5%,700,월 듀런트,유유,20200114,인문
9791188007394,S000001908932,나도 손글씨 바르게 쓰면 소원이 없겠네,"12,000","10,800",10%,5%,600,유한빈(펜크래프트),한빛라이프,20191009,인문
9788999718878,S000001643584,심리평가의 최신 흐름,"27,000","27,000",0%,3%,810,이우경 외,학지사,20190830,인문
9788957336359,S000000848276,티마이오스,"20,000","18,000",10%,1%,200,플라톤,아카넷,20190801,인문
9788950981785,S000000710657,왜 칸트인가,"18,000","16,200",10%,5%,900,김상환,21세기북스,20190626,인문
9791160022353,S000001787394,세네카의 인생론,"12,000","10,800",10%,5%,600,정영훈,메이트북스,20190603,인문
9788932319704,S000000574960,슬픔의 위안,"15,000","13,500",10%,5%,750,론 마라스코 외,현암사,20190315,인문
9788950978518,S000000710494,사는 게 힘드냐고 니체가 물었다,"22,000","19,800",10%,5%,"1,100",박찬국,21세기북스,20181203,인문
9791187142430,S000001897781,철학의 위안(라틴어 원전 완역본),"16,900","15,210",10%,5%,840,보에티우스,현대지성,20180601,인문
9788997970384,S000001625473,논어집주,"26,000","23,400",10%,5%,"1,300",성백효,한국인문고전연구소,20171226,인문
9788997970407,S000001625475,대학중용집주,"15,000","13,500",10%,5%,750,성백효,한국인문고전연구소,20171226,인문
9791156642541,S000001743539,한번에 통과하는 논문: 논문 검색과 쓰기 전략,"18,900","17,010",10%,5%,940,히든그레이스 논문통계팀,한빛아카데미,20171105,인문
9788962621952,S000000970969,아픔이 길이 되려면,"18,000","16,200",10%,5%,900,김승섭,동아시아,20170913,인문
9788932030036,S000000570269,현대시작법,"22,000","19,800",10%,5%,"1,100",오규원,문학과지성사,20170530,인문
9791187036203,S000001896369,기술적 복제시대의 예술작품,"10,000","9,000",10%,5%,500,발터 벤야민,b,20170405,인문
9788980974061,S000001250266,천자문 필사노트,"5,000","4,500",10%,5%,250,시사정보연구원,시사패스,20170215,인문
9791185617954,S000001871326,핵심질문,"20,000","20,000",0%,3%,600,제이 맥타이 외,사회평론아카데미,20161227,인문
9788999708862,S000001642654,디자인과 인간 심리,"17,000","17,000",0%,3%,510,Donald A. Norman,학지사,20160920,인문
9788949714394,S000000703080,불안의 개념/죽음에 이르는 병,"18,000","16,200",10%,5%,900,키르케고르,동서문화사,20160909,인문
9788937838774,S000000625612,완벽에 대한 반론,"12,800","11,520",10%,5%,640,마이클 샌델,와이즈베리,20160627,인문
9788942008445,S000000656880,논리학 입문,"34,000","34,000",0%,3%,"1,020",Irving M. Copi 외,경문사,20151231,인문
9788959123698,S000000887179,부부문제와 부부상담,"23,000","23,000",0%,3%,690,최규련,도서출판 신정,20151120,인문
9788934972020,S000000597136,몸이 아니라고 말할 때,"22,000","19,800",10%,5%,"1,100",가보 마테,김영사,20150907,인문
9788991290167,S000001470198,일리아스,"38,000","34,200",10%,5%,"1,900",호메로스,숲,20150620,인문
9788986471014,S000001362554,한묵금낭,"33,000","29,700",10%,5%,"1,650",이용,다운샘,20150415,인문
9788972977193,S000001129581,매달린 절벽에서 손을 뗄 수 있는가?,"19,500","17,550",10%,5%,970,강신주,동녘,20140630,인문
9788958075226,S000000864586,왜 엄하게 가르치지 않는가,"12,000","10,800",10%,5%,600,베른하르트 부엡,뜨인돌출판사,20140528,인문
9788993178197,S000001519692,화에 대하여,"17,000","15,300",10%,5%,850,루키우스 안나이우스 세네카,사이,20130107,인문
9788963307503,S000000984661,이구동성 미술치료,"18,000","18,000",0%,3%,540,Judith A. Rubin,학지사,20121105,인문
9788949707082,S000000702801,위험한 관계,"12,000","10,800",10%,5%,600,피에르 쇼데를로 드 라클로,동서문화사,20120915,인문
9788949707624,S000000702854,소돔의 120일,"20,000","18,000",10%,5%,"1,000",마르키 드 사드,동서문화사,20120815,인문
9788932022888,S000000569813,피로사회,"14,000","12,600",10%,5%,700,한병철,문학과지성사,20120305,인문
9788963302355,S000000984166,마음에서 빠져나와 삶 속으로 들어가라,"18,000","18,000",0%,3%,540,STEVEN C. HAYES 외,학지사,20100115,인문
9788954607315,S000000777390,몰락의 에티카,"22,000","19,800",10%,5%,"1,100",신형철,문학동네,20081212,인문
9788991290204,S000001470202,아이스퀼로스 비극 전집,"32,000","28,800",10%,5%,"1,600",아이스퀼로스,숲,20081010,인문
9788952209788,S000000720876,존재와 시간,"18,000","16,200",10%,5%,900,하이데거,살림,20080820,인문
9788932905471,S000000580931,소크라테스에서 포스트모더니즘까지,"35,000","31,500",10%,5%,"1,750",새뮤얼 이녹 스텀프 외,열린책들,20080610,인문
9788935657087,S000000602853,죽음에 이르는 병,"25,000","22,500",10%,1%,250,쇠렌 키르케고르,한길사,20071030,인문
9788958914747,S000000884123,정신분석적 심리치료,"20,000","20,000",0%,3%,600,NANCY MCWILLIAMS,학지사,20070615,인문
9788932906843,S000000581055,논문 잘 쓰는 방법,"15,000","13,500",10%,5%,750,움베르토 에코,열린책들,20060630,인문
9788937416170,S000000618704,열린사회와 그 적들 1,"25,000","22,500",10%,5%,"1,250",칼 포퍼,민음사,20060430,인문
9788936471002,S000000612515,문장강화,"14,000","12,600",10%,5%,700,이태준,창비,20050310,인문
9788934914488,S000000593526,생각의 지도,"17,000","15,300",10%,5%,850,리처드 니스벳,김영사,20040413,인문
9791136043085,S000221283219,2027 에듀윌 임상심리사 2급 필기 2주합격+무료특강,"34,000","30,600",10%,5%,"1,700",진성오 외,에듀윌,20261031,인문
9791166337239,S000221364995,2026 EBS 한국사능력검정시험 심화(1·2·3급) 개념완성 + 실전문제,"22,000","19,800",10%,5%,"1,100",이금수,신지원,20261010,인문
9788976048387,S000221248797,장자 필사 노트,"18,000","16,200",10%,5%,900,장자,문예춘추사,20261010,인문
9791124627259,S000221383737,유아 사회정서교육,"24,000","21,600",10%,5%,"1,200",이여빈 외,교육과실천,20260930,인문
9788978497282,S000221229055,늙지 않는 미래,"24,000","21,600",10%,5%,"1,200",니나 루게,삼호미디어,20260930,인문
9791164162888,S000221283611,내 인생 남에게 묻지 마라,"19,000","17,100",10%,5%,950,백익헌,책들의정원,20260930,인문
9788972188780,S000221353863,"인문학, 비트코인 백서를 읽다","15,000","15,000",0%,3%,450,윤성호,한양대학교출판부,20260930,인문
9791171740864,S000221350779,수저 인문학,"30,000","27,000",10%,5%,"1,500",오승환,창해,20260929,인문
9791194451457,S000221176304,그대들은 어떻게 살 것인가,"21,000","18,900",10%,5%,"1,050",이영환,앵글북스,20260928,인문
9791175780514,S000221326955,사이토 다카시의 니체는 이렇게 말했다,"18,800","16,920",10%,5%,940,사이토 다카시,부키,20260928,인문
9788967822729,S000221176177,사랑의 재발견,"18,800","16,920",10%,5%,940,스마일펄,푸른향기,20260928,인문
9791199155497,S000221375655,고전의 지혜로 오늘을 산다,"18,500","16,650",10%,5%,920,김석진 외,여강플러스,20260928,인문
9791176680882,S000221350010,100세의 문턱에서,"17,000","15,300",10%,1%,170,오재현,보고사,20260928,인문
9788999738463,S000221330310,노년심리학,"28,000","28,000",0%,3%,840,장민희 외,학지사,20260925,인문
9791176215381,S000221383736,새로 쓰는 교육정책과 교육법,"36,000","32,400",10%,5%,"1,800",김환식,바른북스,20260923,인문
9791122050103,S000221381443,스포츠의 언어,"18,000","16,200",10%,5%,900,이경재,보더라인,20260923,인문
9788969152787,S000221359450,"합격하는 생기부, 통하는 면접","19,000","17,100",10%,5%,950,혜선쌤,학교도서관저널,20260922,인문
9791199095281,S000221047919,말이 통하지 않는 사람의 뇌,"18,000","16,200",10%,5%,900,가토 도시노리,링크북스,20260921,인문
9791124757031,S000220939583,육효구전,"36,000","32,400",10%,5%,"1,800",김형구,파라아카데미(파라북스),20260920,인문
9788936481780,S000221353722,함석헌,"22,000","19,800",10%,5%,"1,100",함석헌,창비,20260920,인문
9788999738500,S000221334840,기세 없이 어른이 되었다,"17,000","15,300",10%,5%,850,안도연,학지사,20260920,인문
9791122053241,S000221281545,김기태의 초판본 이야기2,"19,800","17,820",10%,5%,990,김기태,처음책방,20260917,인문
9791124455104,S000221267550,우리가 스스로에게 하는 거짓말,"21,000","18,900",10%,5%,"1,050",존 프레데릭슨,더블북,20260916,인문
9791162265543,S000221338285,기분장애와 불안장애 환자를 위한 안내서,"45,000","45,000",0%,3%,"1,350","Nemeroff, Charles B.",시그마프레스,20260915,인문
9791160871623,S000221179134,교양인을 위한 논어,"30,000","27,000",10%,1%,300,공자,연암서가,20260915,인문
9791124654316,S000221328274,이름들의 인문학,"18,000","16,200",10%,5%,900,박지욱,반니출판,20260915,인문
9788999738425,S000221242388,"이해와 탐구, 성장을 이끄는 교육과정 설계","17,000","17,000",0%,3%,510,온정덕 외,학지사,20260915,인문
9791167072634,S000221231631,도덕적 기계,"30,000","30,000",0%,3%,900,김상득,사회평론아카데미,20260914,인문
9788965643234,S000221061874,질문하는 SF,"22,000","19,800",10%,5%,"1,100",최기숙,현실문화,20260914,인문
9791163462149,S000221283581,교사를 지키는 단단한 생활지도: 상황별 실전 사례 100,"20,000","18,000",10%,5%,"1,000",이종혁,테크빌교육,20260914,인문
9791176215046,S000221264219,왜 나는 그것을 원할까,"17,800","16,020",10%,5%,890,김경훈 외,바른북스,20260914,인문
9791159303739,S000221191585,인공지능 시대 교육에 던지는 엉뚱하고 당연한 질문,"21,000","18,900",10%,5%,"1,050",채희태,살림터,20260912,인문
9788952139757,S000221257426,고향,"46,000","46,000",0%,3%,"1,380",정항균,서울대학교출판문화원,20260911,인문
9791168344235,S000221229211,철학이 김 부장을 구한다,"17,800","16,020",10%,5%,890,박윤진,인플루엔셜,20260911,인문
9788964363058,S000221247514,무위당 장일순의 노자 이야기,"35,000","31,500",10%,5%,"1,750",장일순 외,삼인,20260910,인문
9791175542730,S000221383636,유아·놀이중심 놀이지도,"24,000","24,000",0%,3%,720,박애경,공동체,20260910,인문
9788999738357,S000221257345,해결중심상담 사례집,"22,000","22,000",0%,3%,660,어주경 외,학지사,20260910,인문
9791176493598,S000220930705,"AI 문명기, 학교의 시대정신","20,000","18,000",10%,5%,"1,000",김영인,박문각,20260910,인문
9791198689832,S000221229258,사주구조 통변해법,"43,000","38,700",10%,5%,"2,150",김광용,시공명리학,20260909,인문
9791199915800,S000221257260,찰지고 맵짠 이북 사투리,"22,000","19,800",10%,5%,"1,100",설송아,대동강서가,20260909,인문
9791159303722,S000221263823,느린 지식과 서두르지 않는 아동기,"21,000","18,900",10%,5%,"1,050",앨리슨 클라크,살림터,20260909,인문
9791173400759,S000221239702,한번에 통과하는 논문 : 질적·혼합연구를 활용한 논문 작성,"36,000","36,000",0%,3%,"1,080",히든그레이스 학술제작팀 외,한빛아카데미,20260908,인문
9791171012626,S000221150943,어떤 실망들에 대하여,"18,000","16,200",10%,5%,900,이소영,사람in,20260907,인문
9791124649831,S000221152620,스스로 왕이 될 수 없다면 왕을 만드는 자가 되어라,"17,800","16,020",10%,5%,890,정도전,결,20260907,인문
9791167528414,S000221141805,나무로 읽는 최치원 풍류길,"18,000","16,200",10%,5%,900,김재웅,책과나무,20260907,인문
9791172134631,S000220990999,공부의 미래,"20,000","18,000",10%,5%,"1,000",구본권,한겨레출판,20260904,인문
9791171681679,S000221108953,아이를 이해하는 심리수업,"18,000","16,200",10%,5%,900,이민구,대경북스,20260903,인문
9791199830066,S000221257724,바람의 노래: 함께 만드는 것으로부터,"50,000","45,000",10%,5%,"2,500",오선영,에스캡프레스(SCAP PRESS),20260902,인문
9791199973510,S000221031531,인생의 짧음에 관하여,"22,000","19,800",10%,5%,"1,100",루키우스 안나이우스 세네카,성장출판,20260901,인문
9791168731882,S000221031462,우리가 몰랐던 자본주의,"21,000","18,900",10%,5%,"1,050",마이클 소넨셔,오월의봄,20260901,인문
9791172792855,S000221141713,특수교사를 위한 학부모 상담가이드,"19,000","19,000",0%,3%,570,강은영 외,박영스토리,20260901,인문
9791198762429,S000220930762,생성형 AI 활용 대학 교수법,"18,000","16,200",10%,5%,900,진성희 외,티칭앤러닝,20260901,인문
9788931027143,S000221141944,상담학자와 함께 읽는 이솝 우화(큰글자도서),"48,000","43,200",10%,5%,"2,400",이솝,문예출판사,20260831,인문
9791192348599,S000220957353,철학의 부스러기,"27,000","24,300",10%,5%,"1,350",쇠얀 키르케고르,카리스아카데미,20260831,인문
9791193270530,S000221141801,파이돈(큰글자도서),"26,000","23,400",10%,5%,"1,300",플라톤 외,마리북스,20260831,인문
9791175542013,S000221047860,영유아 놀이지도,"25,000","25,000",0%,3%,750,이현진 외,공동체,20260831,인문
9791199655607,S000221280563,유라시아의 심장 카자흐스탄,"20,800","18,720",10%,5%,"1,040",김상욱,다윈미디어,20260831,인문
9791167972330,S000221251700,침묵의 헤테로토피아(양장본 Hardcover),"18,000","16,200",10%,5%,900,김지율,새미,20260831,인문
9791158668792,S000221255426,김부식(사유의 한국사),"35,000","31,500",10%,1%,350,이강래,한국학중앙연구원출판부,20260830,인문
9788999738135,S000221063968,전문가를 위한 청소년 마음챙김 자기연민 가이드북,"25,000","25,000",0%,3%,750,Lorraine Hobbs 외,학지사,20260830,인문
9788937470318,S000221045970,색채론,"19,000","17,100",10%,5%,950,요한 볼프강 폰 괴테,민음사,20260830,인문
9788999738074,S000220947207,처음 만나는 IB PYP,"16,000","16,000",0%,3%,480,이경은 외,학지사,20260830,인문
9788976784100,S000221173486,디지털도서관 구축론,"32,000","32,000",0%,3%,960,김선태,한국도서관협회,20260828,인문
9788958612650,S000220853626,서경,"19,000","17,100",10%,5%,950,박찬근,청년정신,20260827,인문
9791172541446,S000221031716,정신 나간 세상에서 아픈 사람들,"23,000","20,700",10%,5%,"1,150",조애나 치크,심심,20260826,인문
9791124706206,S000220870863,빛깔과 결을 담은 우리말,"22,000","19,800",10%,5%,"1,100",김경집,교유서가,20260826,인문
9791172792985,S000221108495,학교상담 실습,"29,000","29,000",0%,3%,870,천성문 외,박영스토리,20260825,인문
9791164804245,S000220952676,"음악, 뇌를 깨우다","20,000","18,000",10%,5%,"1,000",김양휘,프로방스,20260825,인문
9788980806942,S000220944806,지혜의 창고,"18,000","16,200",10%,1%,180,임한순,중문출판사,20260825,인문
9791136046468,S000220924510,에듀윌 KBS한국어능력시험 공식기출 실전 600제 4(1년치)+무료특강,"30,000","27,000",10%,5%,"1,500",KBS한국어진흥원,에듀윌,20260821,인문
9791194148739,S000220861698,유아 사회정서 그림책 질문 놀이: 읽고! 묻고! 놀고!,"22,000","19,800",10%,5%,"1,100",이명진,다봄교육,20260821,인문
9791194116257,S000220940150,오십에 쓰는 반야심경,"8,500","7,650",10%,5%,420,한치선,운곡서원,20260821,인문
9791199997004,S000220870309,진화의 가속도,"26,000","23,400",10%,5%,"1,300",레이 커즈와일,촐라체,20260820,인문
9791124638101,S000220861592,함께 여는 국어 수업 중등 편,"18,800","16,920",10%,5%,940,전국국어교사모임 《함께 여는 국어교육》,서해문집,20260820,인문
9791124638118,S000220861599,함께 여는 국어 수업 고등 편,"18,800","16,920",10%,5%,940,김애연 외,서해문집,20260820,인문
9788976048264,S000220508691,장자의 인생 수업,"18,000","16,200",10%,5%,900,임재성,문예춘추사,20260820,인문
9791191311839,S000220860954,교실 바깥의 마음,"17,000","15,300",10%,5%,850,최지혜 외,롤러코스터,20260820,인문
9791190818506,S000220515220,스프링북 바르다 손글씨 교정 노트,"14,400","12,960",10%,5%,720,바른 손글씨 연구소,시간과공간사,20260820,인문
9791171212316,S000220589827,오디세이,"14,000","12,600",10%,5%,700,호메로스,빚은책들,20260820,인문
9791172792787,S000220931498,용어를 통해 AEDP 쉽게 이해하기,"21,000","21,000",0%,3%,630,김소연 외,박영스토리,20260819,인문
9791124468340,S000220944684,당신의 공간은 영원한가,"28,000","25,200",10%,5%,"1,400",양진석,필름(Feelm),20260818,인문
9788965417644,S000221108268,청소년문화론,"22,000","22,000",0%,3%,660,정규영,진영사,20260817,인문
9791198601612,S000220853642,마음이 만든 귀신,"30,000","27,000",10%,5%,"1,500",한철조,한국정신분석꿈해석연구소,20260815,인문
9788969152725,S000220843776,일잘러를 꿈꾸는 삐끗교사의 오답노트,"17,000","15,300",10%,5%,850,좌충우돌성장연구소,학교도서관저널,20260814,인문
9791194954149,S000221031686,배움의 깊이를 더하는 수업,"16,800","15,120",10%,5%,840,제이 맥타이 외,템북,20260814,인문
9791168226142,S000220923390,철학은 어떻게 불안을 이기는가,"18,500","16,650",10%,5%,920,박은미,서사원,20260813,인문
9791139736342,S000220735473,영어 어원 80일간의 세계 일주,"19,900","17,910",10%,5%,990,폴 안토니 존스,현대지성,20260812,인문
9791172792688,S000220922850,상실과 애도를 위한 연민기반접근,"24,000","24,000",0%,3%,720,다르시 L. 해리스(Darcy L. Harris) 외,박영스토리,20260810,인문
9788999737985,S000220861748,해결중심치료 다시 보기,"24,000","24,000",0%,3%,720,최중진,학지사,20260810,인문
9788997724598,S000220922883,학급의 역사학,"20,000","18,000",10%,5%,"1,000",야나기 하루오,교육을바꾸는사람들,20260810,인문
9791172791339,S000220862089,학교: 누군가는 실패한다,"20,000","20,000",0%,3%,600,David F. Labaree,박영스토리,20260810,인문
9791169852210,S000220663823,오디세이,"19,800","17,820",10%,5%,990,김상근,페이지2북스,20260810,인문
9791168274808,S000220634287,다산의 기록법,"20,000","18,000",10%,5%,"1,000",조윤제,오아시스,20260807,인문
9791192887081,S000220783136,신지학,"28,000","25,200",10%,5%,"1,400",루돌프 슈타이너,한국인지학출판사,20260805,인문
9791140719785,S000220734603,깨달은 들짐승처럼 살기로 했다,"18,000","16,200",10%,5%,900,한그루(뉴욕털게),더퀘스트,20260805,인문
9791166572364,S000220525422,나를 지키는 뇌과학,"21,000","18,900",10%,5%,"1,050",여르미,센시오,20260803,인문
9791191716474,S000220616137,상냥한 지옥,"18,000","16,200",10%,5%,900,이리나 그리고레,다다서재,20260803,인문
9791170791003,S000220699784,오디세이아를 한 번도 안 읽어 볼 수는 없잖아,"24,000","21,600",10%,5%,"1,200",호메로스,올드스테어즈,20260801,인문
9791174576309,S000220700524,발달장애 대전,"38,500","34,650",10%,5%,"1,920",구로사카 마유코,이담북스,20260731,인문
9791124627136,S000220647904,일 년 열두 달 유아 디지털 놀이,"22,000","19,800",10%,5%,"1,100",남동윤 외,교육과실천,20260731,인문
9788965968238,S000220514729,한동일의 로마법 수업,"22,000","19,800",10%,5%,"1,100",한동일,흐름출판,20260731,인문
9788999737640,S000220853880,자폐 범주성 장애,"34,000","34,000",0%,3%,"1,020","Prelock, Patricia A. 외",학지사,20260730,인문
9788937449635,S000220646731,"오뒷세이아, 어떻게 읽을 것인가","22,000","19,800",10%,5%,"1,100",김태진,민음사,20260730,인문
9791168731875,S000220664753,배설 스펙터클,"19,800","17,820",10%,5%,990,워릭 앤더슨,오월의봄,20260730,인문
9791124649633,S000220700579,흔들릴 때마다 나는 빅터 프랭클을 읽었다,"17,800","16,020",10%,5%,890,빅터 프랭클,닻,20260730,인문
9791124468302,S000220634221,데일 카네기의 인간관계 수업,"18,800","16,920",10%,5%,940,데일 카네기,필름(Feelm),20260729,인문
9788997743742,S000220564308,나를 세우는 고전 12권,"17,900","16,110",10%,5%,890,노진화,진성북스,20260729,인문
9791193378731,S000220662701,디자인 뮤지엄,"33,000","29,700",10%,5%,"1,650",김신,북트리거,20260727,인문
9788958612643,S000220563225,주역,"20,000","18,000",10%,5%,"1,000",박찬근,청년정신,20260727,인문
9788920055614,S000220465302,"응급간호학 (26-2학기,워크북포함)","29,500","29,500",0%,0%,0,이수진 외,한국방송통신대학교출판문화원,20260725,인문
9791175490871,S000220454099,망명과 지성,"29,000","29,000",0%,3%,870,권성우,소명출판,20260725,인문
9791163864769,S000216507404,은동진 쌤의 한국사능력검정시험 QR(큐알) 한권으로 끝내기,"24,000","21,600",10%,5%,"1,200",은동진,예문에듀,20260725,인문
9788920055461,S000220465288,"여성복지론 (26-2학기,워크북포함)","23,500","23,500",0%,0%,0,박미진 외,한국방송통신대학교출판문화원,20260725,인문
9788920056017,S000220465290,"사례관리론 (26-2학기,워크북포함)","22,400","22,400",0%,0%,0,이현숙 외,한국방송통신대학교출판문화원,20260725,인문
9788959409020,S000220589310,나의 우아한 목기 시대,"22,000","19,800",10%,5%,"1,100",이정환,시대의창,20260725,인문
9791194544371,S000220716311,"나는, 겨울, 강철무지개(양장본 Hardcover)","35,000","35,000",0%,3%,"1,050",전동진,문학들,20260724,인문
9788901300290,S000220623259,철학카페에서 문학 읽기,"20,000","18,000",10%,5%,"1,000",김용규,웅진지식하우스,20260724,인문
9791155507186,S000220618939,논어어법사전,"40,000","40,000",0%,3%,"1,200",변형우,성균관대학교출판부,20260721,인문
9791193282816,S000220563960,공자 인생수업: 흔들리는 세상 속에서 나를 지키는 방법,"17,500","15,750",10%,5%,870,이길환,하이스트,20260720,인문
9791190976428,S000220589404,이야기와 필사로 만나는 논어,"8,500","7,650",10%,5%,420,공자,큰그림,20260720,인문
8809507026399,S000220574973,피동사동 카드,"35,000","35,000",0%,0%,0,박가은 외,와이즈박스,20260716,인문
9791191959475,S000220226728,읽고 싶은 소설이 생겼다,"19,000","17,100",10%,5%,950,문화라,바틀비,20260716,인문
9791140719150,S000220226357,숲과 문명,"35,000","31,500",10%,5%,"1,750",존 펄린,더퀘스트,20260715,인문
9791130681924,S000220438455,토지 필사 노트,"25,000","22,500",10%,5%,"1,250",박경리,다산초당,20260715,인문
9791193205945,S000220489456,현직 영어 쌤들의 바로 통하는 영어 수업 루틴 찐 실전 ChatGPT,"19,000","17,100",10%,5%,950,권수정 외,광문각출판미디어,20260715,인문
9791175780330,S000220428531,넘어진 만큼만 아파하기로 했다,"19,000","17,100",10%,5%,950,이현재,부키,20260715,인문
9791194627289,S000220500869,잠들기 전 마지막 생각이 내일을 결정한다,"18,000","16,200",10%,5%,900,김범준,웨일북(whalebooks),20260715,인문
9788962627121,S000220524130,책 읽고 싶어서 회사를 그만뒀습니다,"18,000","16,200",10%,5%,900,미야케 가호,동아시아,20260715,인문
9791199916517,S000220616748,9이닝의 심리학,"18,000","16,200",10%,5%,900,정종진,늘숲,20260715,인문
9791199905009,S000220465966,한 권으로 끝내는 명리학 3대 고전,"25,000","22,500",10%,5%,"1,250",루이,퍼블리셔큐,20260714,인문
9791192023144,S000220511626,엑조티시즘에 관한 에세이: 다양성의 미학,"14,000","12,600",10%,5%,700,빅토르 세갈렌,텍스트 프레스,20260713,인문
9791175010697,S000220510887,따라 읽다가 저절로 동시 쓰는 법,"25,000","22,500",10%,5%,"1,250",이안,걷는사람,20260712,인문
9791160738209,S000221063263,생각하는 수학 수업을 위한 수학 과제,"38,000","38,000",0%,3%,"1,140",Peter Liljedahl 외,경문사,20260711,인문
9788930625678,S000220514672,우리들의 윤리학,"28,000","28,000",0%,3%,840,박찬구,서광사,20260710,인문
9791124671009,S000220441752,조연현의 작고 문인 사신철을 만나다 1,"25,000","22,500",10%,5%,"1,250",박종석,다산서림,20260710,인문
9791172792534,S000220430831,좋은 교육과정 프레임워크,"18,000","18,000",0%,3%,540,성열관 외,박영스토리,20260710,인문
9788920052859,S000216985529,"오픈소스기반데이터분석 (26-2학기,워크북포함)","34,200","34,200",0%,0%,0,정재화 외,한국방송통신대학교출판문화원,20260706,인문
9788920055386,S000220465282,"벤처창업론 (26-2학기,워크북포함)","30,800","30,800",0%,0%,0,이중석 외,한국방송통신대학교출판문화원,20260706,인문
9791191642926,S000220645545,언어치료도구상자 11편 동사(워크북),"28,000","25,200",10%,5%,"1,400",강세라 외,봄비와씨앗,20260706,인문
9788920053054,S000216985538,"고위험모아간호학 (26-2학기,워크북포함)","26,700","26,700",0%,0%,0,정지연 외,한국방송통신대학교출판문화원,20260706,인문
9788920050336,S000213898463,"놀이지도 (26-2학기,워크북포함)","26,600","26,600",0%,3%,790,김희태 외,한국방송통신대학교출판문화원,20260706,인문
9788920052842,S000216985530,"프로그래밍언어론 (26-2학기,워크북포함)","26,000","26,000",0%,0%,0,우균 외,한국방송통신대학교출판문화원,20260706,인문
9788920049101,S000213898449,"개별행정법 (26-2학기,워크북포함)","23,700","23,700",0%,3%,710,임재홍,한국방송통신대학교출판문화원,20260706,인문
9788920052828,S000216985505,"생활법률 (26-2학기,워크북포함)","23,200","23,200",0%,0%,0,임재홍 외,한국방송통신대학교출판문화원,20260706,인문
9788920039584,S000000458502,"역사의현장을찾아서 (26-2학기,워크북포함)","22,800","22,800",0%,3%,680,송찬섭 외,한국방송통신대학교출판문화원,20260706,인문
9788920052675,S000216985525,"노인복지론 (26-2학기,워크북포함)","22,500","22,500",0%,0%,0,성미애 외,한국방송통신대학교출판문화원,20260706,인문
9788920043215,S000061448864,"아동복지 (26-2학기,워크북포함)","22,500","22,500",0%,3%,670,박선희 외,한국방송통신대학교출판문화원,20260706,인문
9788920046124,S000203904167,"여론조사의이해 (26-2학기,워크북포함)","21,900","21,900",0%,3%,650,이계오 외,한국방송통신대학교출판문화원,20260706,인문
9788920050169,S000213898455,"대중영화의이해 (26-2학기,워크북포함)","21,800","21,800",0%,3%,650,장일 외,한국방송통신대학교출판문화원,20260706,인문
9788920051760,S000216985509,"사회복지학개론 (26-2학기,워크북포함)","21,700","21,700",0%,0%,0,유범상,한국방송통신대학교출판문화원,20260706,인문
9788920043086,S000061448853,"유아동작교육 (26-2학기,워크북포함)","21,500","21,500",0%,3%,640,김정숙 외,한국방송통신대학교출판문화원,20260706,인문
9788920050213,S000213898467,"선형대수 (26-2학기,워크북포함)","21,400","21,400",0%,3%,640,손진곤 외,한국방송통신대학교출판문화원,20260706,인문
9788920055737,S000220465285,"홍보론 (26-2학기,워크북포함)","21,300","21,300",0%,0%,0,강승구 외,한국방송통신대학교출판문화원,20260706,인문
9791199517226,S000220466233,알아차림,"21,000","18,900",10%,5%,"1,050",대니얼 J. 시겔,하루헌,20260706,인문
9788920050183,S000213898451,"사회복지정책론 (26-2학기,워크북포함)","18,700","18,700",0%,3%,560,문병기 외,한국방송통신대학교출판문화원,20260706,인문
9788920043338,S000061448870,"현대일본사회론 (26-2학기,워크북포함)","18,600","18,600",0%,3%,550,정현숙,한국방송통신대학교출판문화원,20260706,인문
9788920033025,S000000458203,"지역사회간호학 (26-2학기,워크북포함)","18,500","18,500",0%,0%,0,김영임 외,한국방송통신대학교출판문화원,20260706,인문
9788920052798,S000216985500,"어린이영어지도 (26-2학기,워크북포함)","18,400","18,400",0%,0%,0,박윤주 외,한국방송통신대학교출판문화원,20260706,인문
9788920052873,S000216985502,"일본어기초2 (26-2학기,워크북포함)","18,200","18,200",0%,0%,0,김보경 외,한국방송통신대학교출판문화원,20260706,인문
9788920046100,S000203904159,"사회복지조사론 (26-2학기,워크북포함)","18,000","18,000",0%,3%,540,김영애 외,한국방송통신대학교출판문화원,20260706,인문
9788920042980,S000061448844,"데이터과학개론 (26-2학기,워크북포함)","18,000","18,000",0%,3%,540,장영재 외,한국방송통신대학교출판문화원,20260706,인문
9788920055485,S000220465271,"영작문1 (26-2학기,워크북포함)","17,500","17,500",0%,0%,0,박동우 외,한국방송통신대학교출판문화원,20260706,인문
9788920025242,S000000457891,"간호이론 (26-2학기,워크북포함)","17,200","17,200",0%,0%,0,최윤경 외,한국방송통신대학교출판문화원,20260706,인문
9791124095560,S000220623901,2026년 제27회 젊은평론가상 수상작품집,"17,000","15,300",10%,1%,170,박인성 외,작가,20260706,인문
9788920018800,S000000457622,"성·사랑·사회 (26-2학기,워크북포함)","16,800","16,800",0%,0%,0,김엘리 외,한국방송통신대학교출판문화원,20260706,인문
9788920052781,S000216985499,"생활영어 (26-2학기,워크북포함)","16,700","16,700",0%,0%,0,한예림 외,한국방송통신대학교출판문화원,20260706,인문
9788920040252,S000000458547,"원가회계 (26-2학기,워크북포함)","16,600","16,600",0%,3%,490,선우혜정 외,한국방송통신대학교출판문화원,20260706,인문
9788920024696,S000000457838,한국문화자원의이해1 (26-2학기 교재),"16,500","16,500",0%,0%,0,김윤미 외,한국방송통신대학교출판문화원,20260706,인문
9788920025167,S000000457883,한국문화자원의이해2 (26-2학기 교재),"16,500","16,500",0%,0%,0,권선정 외,한국방송통신대학교출판문화원,20260706,인문
9788920050343,S000213898454,"금융투자의이해 (26-2학기,워크북포함)","16,400","16,400",0%,3%,490,이우백 외,한국방송통신대학교출판문화원,20260706,인문
9788920033797,S000000458210,"고급간호연구 (26-2학기,워크북포함)","16,300","16,300",0%,0%,0,박영숙 외,한국방송통신대학교출판문화원,20260706,인문
9788920046575,S000203904135,"고급영문강독 (26-2학기,워크북포함)","16,200","16,200",0%,3%,480,김문수 외,한국방송통신대학교출판문화원,20260706,인문
9788920050749,S000213898469,"파이썬컴퓨팅 (26-2학기,워크북포함)","15,700","15,700",0%,3%,470,한종대 외,한국방송통신대학교출판문화원,20260706,인문
9788920050220,S000213898460,"통계로세상읽기 (26-2학기,워크북포함)","14,900","14,900",0%,3%,440,이긍희 외,한국방송통신대학교출판문화원,20260706,인문
9788920043024,S000061448847,"영어회화2 (26-2학기,워크북포함)","14,700","14,700",0%,0%,0,박윤주,한국방송통신대학교출판문화원,20260706,인문
9788920046605,S000203904160,"사회복지와문화다양성 (26-2학기,워크북포함)","14,500","14,500",0%,3%,430,이현숙 외,한국방송통신대학교출판문화원,20260706,인문
9788920015748,S000000457356,"현대시론 (26-2학기,워크북포함)","14,400","14,400",0%,0%,0,김신정 외,한국방송통신대학교출판문화원,20260706,인문
9788920039997,S000000458539,"미디어심리학 (26-2학기,워크북포함)","14,200","14,200",0%,3%,420,김옥태 외,한국방송통신대학교출판문화원,20260706,인문
9788920043055,S000061448850,"일본어활용2 (26-2학기,워크북포함)","13,700","13,700",0%,3%,410,사공환 외,한국방송통신대학교출판문화원,20260706,인문
9788920043529,S000061448877,보건경제학 (26-2학기 교재),"13,300","13,300",0%,3%,390,양봉민,한국방송통신대학교출판문화원,20260706,인문
9788920046117,S000203904162,자료구조 (26-2학기 교재),"12,600","12,600",0%,3%,370,강태원 외,한국방송통신대학교출판문화원,20260706,인문
9788920043062,S000061448851,"일본의언어와문화 (26-2학기,워크북포함)","12,000","12,000",0%,3%,360,이경수 외,한국방송통신대학교출판문화원,20260706,인문
9788920024627,S000000457831,"미국의사회와문화 (26-2학기,워크북포함)","11,900","11,900",0%,0%,0,신현욱 외,한국방송통신대학교출판문화원,20260706,인문
9788920046216,S000203904168,바이오통계학 (26-2학기 교재),"11,500","11,500",0%,3%,340,박서영 외,한국방송통신대학교출판문화원,20260706,인문
9791167701602,S000220308667,일상 질문 사전,"22,000","19,800",10%,5%,"1,100",전성원,유유,20260704,인문
9791164713189,S000220356034,짧은 문장의 힘,"22,000","19,800",10%,5%,"1,100",유영만,행성B,20260703,인문
9791160738315,S000220526024,5가지 관행의 실행: 어떻게 하면 수학적 논의를 잘 할까? 중학교,"21,000","21,000",0%,3%,630,Margaret (Peg) Smith 외,경문사,20260703,인문
9788927881759,S000220428689,철학 르네상스의 대화,"15,000","13,500",10%,5%,750,이케다 다이사쿠 외,중앙일보S,20260703,인문
9791199779051,S000220455945,반항,"10,000","9,000",10%,5%,500,김승연 외,반집,20260703,인문
9791188632404,S000220276838,나는 수술하는 정신과 의사입니다,"20,000","18,000",10%,5%,"1,000",김수룡,미류책방,20260701,인문
9791175910621,S000220428628,관계의 그릇,"18,000","16,200",10%,5%,900,이헌주,위즈덤하우스,20260701,인문
9791175541511,S000220271533,"유아교사, 유아특수교사를 위한 특수아 통합교육","25,000","25,000",0%,3%,750,백상수 외,공동체,20260630,인문
9788999737619,S000220501029,신경다양성으로 이해하는 자폐스펙트럼장애,"24,000","24,000",0%,3%,720,박현옥,학지사,20260630,인문
9788925420677,S000220350409,탐구를 위한 교육사철학,"22,000","22,000",0%,3%,660,지정민,교육과학사,20260630,인문
9791192386560,S000220363472,메밀꽃 피우는 사람들,"20,000","18,000",10%,5%,"1,000",박승흡,더봄,20260630,인문
9791193059883,S000220177924,"요즘 교사를 위한 구글 AI 3대장: 제미나이, 노트북LM, AI 스튜디오","17,700","15,930",10%,5%,880,송명신 외,앤써북,20260630,인문
9791175773646,S000220364302,옳지 않으면 행하지 말고 사실이 아니면 말하지 마라,"18,800","16,920",10%,5%,940,김종원,마인드셀프,20260629,인문
9791167528179,S000220226329,피클의 사주명리 실전 이론,"28,000","25,200",10%,5%,"1,400",조재렬,책과나무,20260627,인문
9788958612636,S000220210862,맹자,"23,000","20,700",10%,5%,"1,150",박찬근,청년정신,20260626,인문
9788999737435,S000220242117,놀이치료 슈퍼비전,"27,000","27,000",0%,3%,810,Staci L. Born 외,학지사,20260625,인문
9791140719051,S000220308417,미식의 교양,"21,000","18,900",10%,5%,"1,050",하마다 다케후미,더퀘스트,20260624,인문
9791194966487,S000220339789,죽음의 에티켓,"18,900","17,010",10%,5%,940,롤란트 슐츠,스노우폭스북스,20260624,인문
9791199903418,S000220215800,상향혼,"18,000","16,200",10%,5%,900,서재민,아트라상,20260624,인문
9791124649138,S000220292947,운명을 탓하는 자는 결코 운명의 주인이 될 수 없다,"17,800","16,020",10%,5%,890,조조,트라이어드,20260624,인문
9791169852067,S000220307343,삶은 사유가 아니라 돌파다,"17,500","15,750",10%,5%,870,레프 톨스토이,페이지2북스,20260624,인문
9791194232407,S000220241888,콘크리트 유토피아,"32,000","28,800",10%,5%,"1,600",박해천,워크룸프레스,20260623,인문
9791124649145,S000220293043,스스로를 경계하지 않는 자는 결코 남을 벨 수 없다,"17,800","16,020",10%,5%,890,이순신,결출판사,20260623,인문
9791199697621,S000220465484,슈뢰딩거의 샐러리맨,"19,800","17,820",10%,5%,990,김필영,필로에듀,20260622,인문
9788999737336,S000220161021,긍정심리학,"28,000","28,000",0%,3%,840,권석만,학지사,20260620,인문
9791194655343,S000220108217,검은 숲을 지나 나를 만나다,"18,800","16,920",10%,5%,940,천하이센,알토북스,20260620,인문
9791124649121,S000220241837,흔들릴 때마다 나는 도스토옙스키를 읽었다,"17,800","16,020",10%,5%,890,표도르 도스토옙스키,닻,20260620,인문
9788936481575,S000220350722,박지원,"9,000","8,100",10%,5%,450,박지원,창비,20260620,인문
9788936481568,S000220350725,나혜석,"9,000","8,100",10%,5%,450,나혜석,창비,20260620,인문
9788936481582,S000220350507,세종,"9,000","8,100",10%,5%,450,세종대왕,창비,20260620,인문
9791170688372,S000220297605,2026 임상심리사 1급 실기,"35,000","35,000",0%,3%,"1,050",이은주 외,군자출판사,20260619,인문
9788949307206,S000220293707,추구집,"15,000","13,500",10%,5%,750,태을출판사 편집부,태을출판사,20260618,인문
9791167737106,S000220226541,2027 초등임용고시 대비 튼실튼실 N제(문제편+정답 및 해설편) 세트,"55,000","49,500",10%,1%,550,조하나 외,미래가치,20260617,인문
9791199725218,S000220287679,관계의 그늘: 왜 나는 그 사람 앞에서 작아질까?,"20,000","18,000",10%,5%,"1,000",정성민,나눔하우스,20260617,인문
9791124649107,S000220221519,불안한 그 마음을 내 앞에 꺼내 보아라,"17,800","16,020",10%,5%,890,보리달마,PHILO,20260617,인문
9791191238891,S000219059442,2026 한자능력검정시험 4급,"23,000","20,700",10%,5%,"1,150",남기탁,한국어문교육연구회,20260615,인문
9791124649046,S000220178296,초월자의 조건,"22,000","19,800",10%,5%,"1,100",이클립스,모티브,20260615,인문
9788968802232,S000220241370,우정과 연대의 교육학,"22,000","19,800",10%,5%,"1,100",이선정(둘리),교육공동체벗,20260615,인문
9791168274587,S000220053282,AI는 아이를 어떻게 바꾸는가,"20,000","18,000",10%,5%,"1,000",가와하라 시게토,카시오페아,20260615,인문
9791124226148,S000220166148,자신의 불안과 싸우지 말것,"19,800","17,820",10%,5%,990,페터 베르,갈매나무,20260615,인문
9788952140036,S000220292865,차라투스트라는 이렇게 걸었다,"18,000","18,000",0%,3%,540,메덩골정원,서울대학교출판문화원,20260615,인문
9791168343931,S000220153750,모럴 앰비션,"22,000","19,800",10%,5%,"1,100",뤼트허르 브레흐만,인플루엔셜,20260611,인문
9791143412003,S000219570080,2026 시대에듀 청소년지도사 2·3급 2차 면접대비 한권으로 끝내기,"28,000","25,200",10%,5%,"1,400",시대청소년지도연구소,시대고시기획,20260610,인문
9791193225325,S000220457925,한국문화콘텐츠와 테크니컬 내러티브,"16,000","16,000",0%,1%,160,하채현,인문과교양,20260610,인문
9791176610025,S000220096592,단어의 쓸모,"24,000","21,600",10%,5%,"1,200",차민진,21세기북스,20260605,인문
9791193933220,S000220152754,동양은 어떻게 만들어졌는가,"20,000","18,000",10%,5%,"1,000",박홍규,틈새의시간,20260605,인문
9791165879976,S000220108612,게임 인문학: 게임으로 인간과 세계를 읽다,"19,000","17,100",10%,1%,190,심호남,보고사,20260605,인문
9791124401194,S000220036250,사람이 보이는 건축,"23,000","20,700",10%,5%,"1,150",방명세,나비의활주로,20260604,인문
9791199854475,S000220107810,이 망할 세상에서 사랑이라니!,"22,000","19,800",10%,5%,"1,100",딘 스페이드,돌고래,20260603,인문
9791199849303,S000220106044,듣기의 기술,"19,800","17,820",10%,5%,990,에리히 프롬,마주,20260603,인문
9791168624825,S000219996952,오늘도 강박과 살아갑니다,"18,000","16,200",10%,5%,900,신재현,시그마북스,20260602,인문
9791192753522,S000220106049,박완서 가족에 관한 글쓰기,"19,800","17,820",10%,5%,990,양혜원,책읽는고양이,20260601,인문
9791171521395,S000220004220,돌봄이 건네는 말들,"16,800","15,120",10%,5%,840,전영웅,파지트,20260531,인문
9791193378724,S000220101228,가도 가도 섬이네!,"18,000","16,200",10%,5%,900,강이석,북트리거,20260530,인문
9788958175971,S000220274460,초서대학중용,"20,000","18,000",10%,5%,"1,000",장재석,다운샘,20260529,인문
9791173326561,S000220046989,사피엔스: 그래픽 히스토리 Vol.4,"19,800","17,820",10%,5%,990,유발 하라리,김영사,20260529,인문
9791173559365,S000219973209,내가 맞고 틀린 것보다 소중한 것,"17,500","15,750",10%,1%,170,김병호,미다스북스,20260526,인문
9791199866607,S000220047128,스토리 월드빌딩,"16,800","15,120",10%,5%,840,김성일,삐삐북스,20260526,인문
9791173561948,S000219989834,2027 남선우 The 영어학 Master,"26,000","23,400",10%,5%,"1,300",남선우,지스쿨,20260522,인문
9791143024824,S000220048950,원서발췌 유한계급론,"14,800","14,800",0%,3%,440,소스타인 베블런,지식을만드는지식,20260522,인문
9791143409874,S000219335745,2026 시대에듀 청소년상담사 1급 2차 면접대비 한권으로 끝내기,"32,000","28,800",10%,5%,"1,600",문두식,시대고시기획,20260520,인문
9788999737039,S000220278146,음악치료학의 이해,"28,000","28,000",0%,3%,840,김영신 외,학지사,20260520,인문
9791124075166,S000219854290,본투런,"24,800","22,320",10%,5%,"1,240",크리스토퍼 맥두걸,빌리버튼,20260520,인문
9791175910843,S000220036262,도시 감각,"23,000","20,700",10%,5%,"1,150",김지원,위즈덤하우스,20260520,인문
9788932324913,S000219931432,게임으로 철학하기,"23,000","20,700",10%,5%,"1,150",주자안,현암사,20260520,인문
9791138399807,S000219335746,2026 시대에듀 핵심유형 100제 임상심리사 2급 2차 실기합격 한권으로 끝내기,"22,000","19,800",10%,5%,"1,100",심리상담연구소,시대고시기획,20260520,인문
9791167737052,S000219975628,위상 미술 키워드 사전 1076,"20,000","18,000",10%,5%,"1,000",윤진,미래가치,20260520,인문
9791158513474,S000219975444,북유럽 신화(리커버 에디션),"18,900","17,010",10%,5%,940,닐 게이먼,나무의철학,20260520,인문
9791191638325,S000219869666,교장의 언어,"17,000","15,300",10%,5%,850,송봉석,푸른칠판,20260520,인문
9791194192725,S000220120620,자기돌봄력,"24,000","21,600",10%,5%,"1,200",안현옥,행복우물,20260518,인문
9791167737038,S000219975443,루이스 영어교원임용 기출분석집,"40,000","36,000",10%,5%,"2,000",루이스,미래가치,20260515,인문
9791124370704,S000219919634,싸움의 교양,"22,000","19,800",10%,5%,"1,100",이클립스,모티브,20260515,인문
9791139730937,S000219925101,소크라테스처럼 생각하는 법,"19,900","17,910",10%,5%,990,도널드 로버트슨,현대지성,20260515,인문
9791188366996,S000219918033,읽기의 위기,"17,000","15,300",10%,5%,850,크리스토프 엥게만,헤이북스,20260515,인문
9788937491795,S000220041863,특별호 로봇,"13,000","11,700",10%,5%,650,이충한 외,민음사,20260515,인문
9791199651111,S000219940307,제로 포인트,"19,000","17,100",10%,5%,950,슬라보예 지젝,우중몽,20260513,인문
9791175199736,S000219742812,2027 권지수 교육학 필수요약집 요점쏙쏙,"26,000","23,400",10%,1%,260,권지수,박문각,20260511,인문
9791193819319,S000219930666,2027 박해인 특수의 정석 기출인출집(하) 인출편,"41,000","36,900",10%,5%,"2,050",박해인,모듀efe,20260508,인문
9791161702124,S000219881807,2026 민쌤의 기출문제 분석집 3,"31,000","27,900",10%,5%,"1,550",민정선,에프엠,20260508,인문
8800319843945,S000219882053,하루 필사: 앙투안 드 생텍쥐페리 《어린 왕자》 편,"7,800","2,900",62%,0%,0,앙투안 드 생텍쥐페리,코너스톤,20260504,인문
9788972972082,S000219854298,권위,"25,000","22,500",10%,5%,"1,250",안드레아 롱 추,동녘,20260430,인문
9791157833962,S000219682598,인간의 비참,"24,000","21,600",10%,1%,240,데이비드 베너타,필로소픽,20260430,인문
9791164162727,S000219598079,고전은 어떻게 삶이 되는가,"23,000","20,700",10%,5%,"1,150",정유엽(맛있는 글씨 글맛),책들의정원,20260430,인문
9791173719165,S000219812184,책 읽고 글쓰기: 서울대 나민애 교수의 몹시 친절한 서평 가이드,"16,800","15,120",10%,5%,840,나민애,서울문화사,20260430,인문
9791168031463,S000219796215,세상에서 가장 좋은 문장 필사,"22,000","19,800",10%,5%,"1,100",김정민,북로그컴퍼니,20260429,인문
9791161702100,S000219752890,2026 민쌤의 기출문제 분석집 2,"38,000","34,200",10%,5%,"1,900",민정선,에듀에프엠,20260424,인문
9791194413967,S000219744396,적독 생활,"17,000","15,300",10%,5%,850,타이키 라이토 핌,서해문집,20260424,인문
9791175910584,S000219786396,중독을 통제할 수 있다는 착각,"21,000","18,900",10%,5%,"1,050",니클라스 브렌보르,위즈덤하우스,20260422,인문
9791199862005,S000220564444,스물두 번째 사전,"35,000","31,500",10%,5%,"1,750",ooog,글감상점,20260420,인문
9791175199132,S000219647714,2027 김은진 스페듀(Special Education) 기출분석집 Vol 2,"38,000","34,200",10%,5%,"1,900",김은진,박문각,20260420,인문
9788999737091,S000219869731,느린학습자를 위한 언어인지 워크북 1: 사회문화편,"25,000","25,000",0%,3%,750,김은미 외,학지사,20260420,인문
9788999737107,S000219869749,느린학습자를 위한 언어인지 워크북 2: 스포츠편,"24,000","24,000",0%,3%,720,김문정 외,학지사,20260420,인문
9788927775850,S000219732256,원큐패스 서경석 한국사능력검정 심화 기출문제집 1·2·3급 대비,"18,000","16,200",10%,5%,900,서경석,다락원,20260420,인문
9791164848720,S000219616643,챗GPT를 이기는 글쓰기,"20,000","18,000",10%,5%,"1,000",신익수,매일경제신문사,20260417,인문
9788937492556,S000219752438,래퍼와 공원,"15,000","13,500",10%,5%,750,송재홍,민음사,20260417,인문
9788937492532,S000219752420,다음 리카에게,"15,000","13,500",10%,5%,750,김이향,민음사,20260417,인문
9788935679232,S000219925323,미국의 민주주의 1,"38,000","34,200",10%,1%,380,알렉시 드 토크빌,한길사,20260415,인문
9791138399814,S000219205858,2026 시대에듀 기출이 답이다 임상심리사 2급 2차 실기합격 한권으로 끝내기,"35,000","31,500",10%,5%,"1,750",이용석,시대고시기획,20260415,인문
9791138399821,S000219144483,2026 시대에듀 임상심리사 2급 2차 실기합격 단기완성 한권으로 끝내기,"34,000","30,600",10%,5%,"1,700",이용석,시대고시기획,20260415,인문
9791143409638,S000219205986,2026 시대에듀 오선희 쌤의 KBS 한국어능력시험 기출 패턴으로 끝내기 + 무료 강의,"25,000","22,500",10%,5%,"1,250",오선희,시대고시기획,20260415,인문
9791143409195,S000219128305,2026 시대에듀 상공회의소 한자 2급 2주 격파 + 실전모의고사 5회분,"22,000","19,800",10%,5%,"1,100",시대에듀한자연구소 외,시대고시기획,20260415,인문
9791172792343,S000219656723,디지털 시대의 리터러시 이론: 여섯 가지 접근 렌즈,"20,000","20,000",0%,3%,600,Kathy A. Mills,박영스토리,20260415,인문
9791185121680,S000219682468,비폭력대화 워크북,"17,000","15,300",10%,5%,850,루시 루,한국NVC출판사,20260413,인문
9791189057497,S000219602317,학술 논문 작성법,"25,000","25,000",0%,3%,750,Wayne C. Booth 외,휴먼싸이언스,20260410,인문
9791199252059,S000219595412,내면의 작은 방,"18,000","16,200",10%,5%,900,정용실,찌판사,20260410,인문
9788952140005,S000220352058,군주론,"18,000","18,000",0%,3%,540,니콜로 마키아벨리,서울대학교출판문화원,20260410,인문
9791173578670,S000219570494,신화와 의미,"32,000","28,800",10%,5%,"1,600",조지프 캠벨,아르테(arte),20260409,인문
8809507026115,S000219665461,상담 동행 노트,"5,000","4,500",10%,1%,50,한주희,인싸이트,20260409,인문
9791168274327,S000219653859,나이 들어도 카페에서 책 읽고 싶어,"18,500","16,650",10%,5%,920,심혜경,오아시스,20260408,인문
9788969657220,S000219568974,2026 해커스 한국사능력검정시험 심화(1∙2∙3급) 한능검 한권합격 + 빈출주제 TOP5 요약노트,"29,800","26,820",10%,5%,"1,490",해커스 한국사연구소,해커스한국사,20260406,인문
9791193819302,S000219595649,2027 박해인 특수의 정석 기출인출집(상),"39,000","35,100",10%,5%,"1,950",박해인,모듀efe,20260402,인문
9791173561757,S000219509147,2027 끈기 초등특수교육 교육과정,"28,000","25,200",10%,5%,"1,400",서진 외,G스쿨,20260331,인문
9791140718269,S000219664461,오십에 읽는 명리의 지혜(큰글자도서),"37,000","37,000",0%,3%,"1,110",김원,더퀘스트,20260330,인문
9788999736926,S000219599074,비자살적 자해의 이해,"24,000","24,000",0%,3%,720,Matthew K. Nock,학지사,20260330,인문
9788999734151,S000219510566,교육행정 및 교육경영,"24,000","24,000",0%,3%,720,한유경 외,학지사,20260330,인문
9788963724492,S000219519274,교사와 학생 사이,"18,000","16,200",10%,5%,900,하임 G. 기너트,양철북,20260330,인문
9791124326046,S000219742804,책수다: ON,"18,000","18,000",0%,3%,540,백지혜 외,지식터,20260330,인문
9791170684473,S000219602472,성인발달장애 ASD · ADHD,"15,000","15,000",0%,3%,450,시바 리에코,군자출판사,20260330,인문
9791161702094,S000219542468,2026 김병찬의 13년간 기출문제 분석집,"38,000","34,200",10%,1%,380,김병찬,에듀에프엠,20260327,인문
9788901299631,S000219549693,오십의 마음들,"17,800","16,020",10%,5%,890,한창수,웅진지식하우스,20260327,인문
9791167736666,S000219542566,한 줄로 정리하는 easy 음악 임용: 서양음악사 편,"15,000","13,500",10%,5%,750,김민지 외,미래가치,20260327,인문
9791130675602,S000219501561,늙지 않는 몸,"33,000","29,700",10%,5%,"1,650",에릭 토폴,다산초당,20260325,인문
9791169851954,S000219518808,인간이란 무엇인가,"25,000","22,500",10%,5%,"1,250",알렉시스 카렐,페이지2북스,20260325,인문
9791171650347,S000219377212,심리학의 역사,"25,000","22,500",10%,5%,"1,250",니키 헤이즈,소소의책,20260320,인문
9791167141422,S000219438740,읽는 교실,"33,000","29,700",10%,5%,"1,650",조병영,해냄출판사,20260316,인문
9791157833948,S000219442214,하버마스 철학으로의 초대,"20,000","18,000",10%,5%,"1,000",서요련,필로소픽,20260316,인문
9791193205877,S000219412301,사서교사가 만든 독서 교육을 위한 찐 실전 ChatGPT,"19,000","17,100",10%,5%,950,이유진 외,광문각출판미디어,20260316,인문
9791124370131,S000219393652,그대는 인생에서 무엇을 놓치고 있는가,"17,800","16,020",10%,5%,890,세종대왕,모티브,20260315,인문
9791167742742,S000219392570,공부란 무엇인가,"20,000","18,000",10%,5%,"1,000",김영민,어크로스,20260312,인문
9791198741370,S000219386172,같이 살아도 서로 다른 세계를 산다면,"19,400","17,460",10%,5%,970,지은정,새로온봄,20260312,인문
9791193205891,S000219451444,디지털로 쉬워지는 개념 기반 탐구 학습,"19,000","17,100",10%,5%,950,엄태상 외,광문각출판미디어,20260312,인문
9791170613688,S000219435714,우리가 사랑한 도시,"17,500","15,750",10%,5%,870,김지윤 외,북다,20260312,인문
9791194690337,S000219395901,2027 임수진 보건임용 4,"38,000","34,200",10%,5%,"1,900",임수진,BTB,20260311,인문
9791130613512,S000001686508,혐오사회(10주년 기념 개정판),"20,000","18,000",10%,5%,"1,000",카롤린 엠케,다산초당,20260311,인문
9791167072252,S000219407492,길로비치 사회심리학,"36,000","36,000",0%,3%,"1,080",Thomas Gilovich 외,사회평론아카데미,20260310,인문
9788999736391,S000219460454,상담이론과 실제,"28,000","28,000",0%,3%,840,김영빈 외,학지사,20260310,인문
9788999736421,S000219460516,상담연구방법론,"27,000","27,000",0%,3%,810,신윤정 외,학지사,20260310,인문
9791199775718,S000219391598,조연현 평전,"23,000","20,700",10%,5%,"1,150",박종석,다산서림,20260310,인문
9791163221883,S000219411800,AI로 나만의 책 쓰는 법,"18,000","16,200",10%,5%,900,Kay(황충연),유아이북스,20260310,인문
9791191642896,S000219682565,언어치료도구상자 11편 동사(카드),"32,000","28,800",10%,5%,"1,600",강세라 외,봄비와씨앗,20260309,인문
9791168274259,S000219311589,삶이 묻고 고전이 답했다,"22,000","19,800",10%,5%,"1,100",김헌 외,오아시스,20260306,인문
9788999736445,S000219460584,가족상담,"28,000","28,000",0%,3%,840,조화진 외,학지사,20260305,인문
9791176110150,S000219494064,슐라이어마허의 미학,"17,000","15,300",10%,1%,170,프리드리히 슐라이어마허,동연,20260305,인문
9791173578021,S000219379537,미세 트라우마,"19,900","17,910",10%,5%,990,베레나 쾨니히,21세기북스,20260304,인문
9791124137109,S000219310992,무던해 보이지만 사실 예민한 사람입니다,"17,800","16,020",10%,5%,890,최치현,빅피시,20260304,인문
9791124370124,S000219340705,세계척학전집: 훔친 부 편,"22,000","19,800",10%,5%,"1,100",이클립스,모티브,20260303,인문
9791167072221,S000219407503,현상학적-게슈탈트 정신병리학,"20,000","20,000",0%,3%,600,Gianni Francesetti,사회평론아카데미,20260303,인문
9788974615222,S000219054658,일문일답 적천수,"30,000","27,000",10%,5%,"1,500",유기,문원북,20260301,인문
9791173325366,S000219310938,"식물성 도시, 피토폴리스","18,000","16,200",10%,5%,900,스테파노 만쿠소,김영사,20260301,인문
9791194410188,S000219451419,바른 읽기 공식 3,"40,000","36,000",10%,5%,"2,000",이해진,파라다이스복지재단,20260228,인문
9788955594539,S000219405798,대중의 장식,"35,000","31,500",10%,1%,350,지그프리트 크라카우어,새물결,20260228,인문
9791175540835,S000219312405,유치원 및 어린이집 운영관리,"24,000","24,000",0%,3%,720,이혜원 외,공동체,20260228,인문
9791172791780,S000219382466,교육사회학 핸드북,"37,000","37,000",0%,3%,"1,110",유성상 외,박영스토리,20260227,인문
9791139231090,S000219391268,AI 시대의 논문작성 전략,"28,000","25,200",10%,5%,"1,400",김문겸 외,지식과감성,20260227,인문
9791167553645,S000219311383,사고력이 폭발하는 교실을 위한 8가지 도구,"28,000","25,200",10%,5%,"1,400",론 리치하트,우리학교,20260227,인문
9788936327156,S000219381853,에듀테크와 가정과교육,"25,000","25,000",0%,3%,750,김은정 외,교문사(청문각),20260227,인문
9791155818930,S000219205573,눈에 보이지 않는 전쟁과 돈의 역사,"24,800","22,320",10%,5%,"1,240",던컨 웰던,윌북,20260227,인문
9791167072214,S000219350206,진로진학상담 기법의 이론과 실제,"23,000","23,000",0%,3%,690,임은미 외,사회평론아카데미,20260227,인문
9791160738032,S000219451470,효과적인 수학적 논의를 위해 교사가 알아야 할 5가지 관행,"19,000","19,000",0%,3%,570,Margaret S. Smith 외,경문사,20260227,인문
9791124226063,S000219306459,"내가 지금 잘하고 있다고, 심리학이 말했다","18,800","16,920",10%,5%,940,슈테파니 슈탈,갈매나무,20260227,인문
9791199608733,S000219245684,보건교사 실무 매뉴얼,"18,000","16,200",10%,5%,900,유자인,소금나무,20260227,인문
9791165033316,S000219407917,대학 글쓰기,"18,000","18,000",0%,3%,540,충남대학교 대학 글쓰기 교재편찬위원회,궁미디어,20260227,인문
9791140717774,S000219377310,감정어 사전,"17,000","15,300",10%,5%,850,오시바 요시노부,리드앤두(READNDO),20260227,인문
9788935679164,S000219342060,예루살렘의 아이히만: 악의 평범성에 대한 보고서,"30,000","27,000",10%,5%,"1,500",한나 아렌트,한길사,20260226,인문
9791167742728,S000219310955,좋은 삶을 위해 죽음을 묻다,"19,800","17,820",10%,5%,990,최대환,어크로스,20260226,인문
8809507025934,S000219349212,알쏭달쏭 화용퀴즈,"28,000","25,200",10%,1%,260,김민선 외,인싸이트,20260225,인문
9788999736353,S000219239748,우울증을 위한 반추 중심 인지행동치료,"26,000","26,000",0%,3%,780,Edward R. Watkins,학지사,20260225,인문
9788999416330,S000219523737,유아음악교육의 이론과 실제,"24,000","24,000",0%,3%,720,장은주 외,양서원,20260225,인문
9791169194037,S000219333290,예비교사를 위한 교육과정,"22,000","19,800",10%,1%,220,조인숙,한국문화사,20260225,인문
9791199496682,S000219253004,소로의 살아있는 생각,"17,500","15,750",10%,5%,870,헨리 데이비드 소로 외,윌마,20260225,인문
9788962186031,S000219342319,인지심리학,"38,000","38,000",0%,3%,"1,140",E. Bruce Goldstein 외,센게이지러닝코리아,20260223,인문
9788936326098,S000214377569,새로 쓰는 가정과교육론,"28,000","28,000",0%,3%,840,채정현 외,교문사,20260223,인문
9791175290068,S000219244321,나를 보고 단것에 미쳤다고 하든 말든,"24,000","21,600",10%,5%,"1,200",강혜선,서유재,20260223,인문
9791193443255,S000219311449,죄책감 내려놓기,"17,000","15,300",10%,5%,850,도리스 볼프,생각의집,20260223,인문
9791190254465,S000219206647,"박사 문어, 시간을 거슬러 도착한 말들","10,000","9,000",10%,5%,500,윌리엄 제임스,에디토리얼,20260223,인문
9788936481216,S000219379757,"창비 한국사상선 2차분(6~10권, 21~25권) 세트","226,000","203,400",10%,5%,"11,300",창비 한국사상선 간행위원회,창비,20260220,인문
9788976784087,S000219434358,한국목록규칙: 이해와 적용,"30,000","30,000",0%,3%,900,김정현,한국도서관협회,20260220,인문
9788999736483,S000219341650,치료적 현존,"26,000","26,000",0%,3%,780,Shari M. Geller 외,학지사,20260220,인문
9788936481193,S000219333011,나혜석·염상섭,"22,000","19,800",10%,5%,"1,100",나혜석 외,창비,20260220,인문
9791191238860,S000217463895,2026 한자능력검정시험 7급,"18,000","16,200",10%,5%,900,남기탁 외,한국어문교육연구회,20260220,인문
9791173325434,S000219244125,나도 아직 나를 모른다(15만 부 기념 리커버 공감 에디션),"17,800","16,020",10%,5%,890,허지원,김영사,20260220,인문
9791193692141,S000219210825,자기 신뢰,"16,800","15,120",10%,5%,840,랠프 월도 에머슨,마음시선,20260220,인문
9791173325007,S000219181402,평범한 하루가 문장이 된다,"13,500","12,150",10%,5%,670,이은경,김영사,20260220,인문
9791130398112,S000219252567,"칸트, AI, 월광소나타","19,000","19,000",0%,3%,570,김상현,박영사,20260215,인문
9791136041449,S000219243676,에듀윌 ToKL 국어능력인증시험 2주끝장,"20,000","18,000",10%,5%,"1,000",송주연 외,에듀윌,20260213,인문
9788999736049,S000219182730,수용전념치료와 긍정심리학의 7가지 공통 기제,"26,000","26,000",0%,3%,780,Todd B. Kashdan 외,학지사,20260212,인문
9791159303562,S000219211578,존 듀이의 흥미론과 심리학,"23,000","20,700",10%,5%,"1,150",존 듀이,살림터,20260212,인문
9791192647869,S000219081096,비평이론의 모든 것,"45,000","40,500",10%,5%,"2,250",로이스 타이슨,앨피,20260210,인문
9791161702063,S000219191062,2026 민쌤의 기출문제 분석집 1: 유아교육개론과 교육과정,"39,000","35,100",10%,5%,"1,950",민정선,에듀에프엠,20260210,인문
9791166336270,S000219070232,2026 EBS 한국사능력검정시험 심화(1·2·3급) 시대별 기출문제집+핵심이론,"22,000","19,800",10%,5%,"1,100",이금수,신지원,20260210,인문
9788976784070,S000219381920,디지털도서관 운영론,"32,000","32,000",0%,3%,960,김선태 외,한국도서관협회,20260209,인문
9791190853729,S000219211706,메두사의 웃음,"19,000","17,100",10%,1%,190,엘렌 식수,마티,20260209,인문
9791143016959,S000219186171,"적성의전, 안평국 눈먼 왕자 검은 바다를 건너다","22,800","20,520",10%,1%,220,미상,지만지한국문학,20260206,인문
9791187268918,S000219081439,정보자료분류론,"35,000","31,500",10%,1%,350,윤희윤,태일사,20260205,인문
9791130674094,S000219139886,이것 또한 지나가리라,"18,000","16,200",10%,5%,900,에크하르트 톨레,다산초당,20260204,인문
9791192742618,S000219001539,서바이벌 리포트,"17,800","16,020",10%,5%,890,대릴 샤프,크레타,20260203,인문
9791175230255,S000219007021,새들이 전하는 짧은 철학,"17,000","15,300",10%,5%,850,필리프 J. 뒤부아 외,북스톤,20260202,인문
9791197336126,S000219075192,쉽게 배우는 고전 그리스어,"29,000","26,100",10%,5%,"1,450",강대진,도도네,20260130,인문
9791173840975,S000219005222,2027 이동걸 중등임용 전공영어 개념에서 완성까지 영어학 1: 통사론편,"26,000","23,400",10%,1%,260,이동걸,법률저널,20260130,인문
9788965967934,S000219128370,일곱 괴물이 사는 마음,"22,000","19,800",10%,5%,"1,100",가이 레슈차이너,흐름출판,20260130,인문
9791173557170,S000219138858,교실에서 바로 꺼내 쓰는 수업 기술,"20,000","18,000",10%,1%,200,박종석 외,미다스북스,20260130,인문
9788999736247,S000219056362,아이들이 주인공이 되는 IB 교육,"17,000","17,000",0%,3%,510,김재신 외,학지사,20260130,인문
9791167141415,S000219083459,풍수는 어떻게 부와 권력을 이끄는가,"25,000","22,500",10%,5%,"1,250",김두규,해냄출판사,20260126,인문
9788920054150,S000218939425,"민법총칙(26-1학기, 워크북포함)","26,200","26,200",0%,3%,780,한국방송통신대학교출판문화원 편집부,한국방송통신대학교출판문화원,20260125,인문
9791169851794,S000218979848,기분을 바꾸는 왼손 필사,"18,800","16,920",10%,5%,940,서선행 외,페이지2북스,20260121,인문
9791194530824,S000219023730,마음은 어떻게 움직이는가,"17,000","15,300",10%,5%,850,폴커 키츠 외,포레스트북스,20260121,인문
9788999735905,S000218980015,DSM-5-TR 정신장애 쉽게 이해하기,"25,000","25,000",0%,3%,750,The American Psychiatric Association,학지사,20260120,인문
9791188509959,S000218753423,음양오행의 역사,"23,000","20,700",10%,5%,"1,150",신미경,파라아카데미(파라북스),20260120,인문
9791167072191,S000219018661,생각의 시체를 묻으러 왔다,"17,000","17,000",0%,3%,510,김영민,사회평론,20260120,인문
9791199576537,S000219002147,이동건의 유아임용 기출의 구조화 요약편,"20,000","18,000",10%,5%,"1,000",이동건,더챕터,20260115,인문
9788999735806,S000218881012,APA 스타일로 질적 연구 논문 작성하기,"20,000","20,000",0%,3%,600,Heidi M. Levitt,학지사,20260115,인문
9791194413790,S000218961124,멘토의 국어 수업: 작문,"19,000","17,100",10%,5%,950,최인영 외,서해문집,20260115,인문
9791194413813,S000218972438,멘토의 국어 수업: 문학,"19,000","17,100",10%,5%,950,김병섭 외,서해문집,20260115,인문
9791194413806,S000219018474,멘토의 국어 수업: 독서,"18,000","16,200",10%,5%,900,송승훈 외,서해문집,20260115,인문
9788999735875,S000218968739,수용전념치료ACT의 길을 노래하다,"17,000","17,000",0%,3%,510,문현미,학지사,20260115,인문
9791198902580,S000218963150,초역 자유론,"16,800","15,120",10%,5%,840,존 스튜어트 밀,포텐업,20260113,인문
9791199317093,S000218939171,나는 왜 남들보다 쉽게 불안해질까,"18,500","16,650",10%,5%,920,데이비드 A. 클라크,어웨이크(AWAKE),20260111,인문
9791199576513,S000218913659,2026 이동건의 유아임용 유아교육개론,"40,000","36,000",10%,5%,"2,000",이동건,더챕터,20260110,인문
9791194627180,S000218917340,나는 왜 작은 실수에도 이렇게 힘들까,"18,000","16,200",10%,5%,900,이서현(서늘한여름밤),웨일북(whalebooks),20260110,인문
9791194530817,S000218968719,이지페이지: 초역 부처의 말(큰글자책),"22,000","19,800",10%,1%,220,코이케 류노스케,포레스트북스,20260109,인문
9791167736468,S000218933972,2027 황건우 전공국어 기출의 온도 현대 중세 문법편,"30,000","27,000",10%,5%,"1,500",황건우,미래가치,20260107,인문
9791143402332,S000218277194,2026 어문회 한자능력검정시험 2급 한 권으로 끝내기,"28,000","25,200",10%,5%,"1,400",박정서 외,시대고시기획,20260105,인문
9791136038272,S000218787529,2026 에듀윌 KBS한국어능력시험 13개년 기출분석으로 2주끝장,"25,000","22,500",10%,5%,"1,250",신은재 외,에듀윌,20260105,인문
9788969656827,S000218360365,해커스 한국사능력검정시험 심화(1·2·3급) 시대별 기출문제집,"19,500","17,550",10%,5%,970,해커스 한국사연구소,해커스한국사,20260105,인문
9791136039835,S000218560803,2026 에듀윌 상공회의소 한자 3급 독학으로 2주끝장,"18,500","16,650",10%,5%,920,차기석,에듀윌,20260105,인문
9791170752134,S000218913825,영유아 놀이지도,"20,000","20,000",0%,3%,600,남효정 외,어가,20260102,인문
9791142340451,S000218934103,철학자의 마지막 수업,"18,000","16,200",10%,5%,900,주루이,니들북,20260102,인문
9788920038365,S000000458438,"노사관계론(26-1학기, 워크북포함)","14,800","14,800",0%,3%,440,박호환 외,한국방송통신대학교출판문화원,20260102,인문
9791158668303,S000219312146,균여,"30,000","27,000",10%,1%,300,박보람,한국학중앙연구원출판부,20251230,인문
9791124166048,S000219074926,문헌정보학의 사회학적 기반,"15,000","13,500",10%,5%,750,Jesse H. Shera 외,지식나무,20251230,인문
9791175241961,S000218858163,초판본 자유론: 1859년 오리지널 초판본 표지디자인,"3,900","3,510",10%,5%,190,존 스튜어트 밀,더스토리,20251230,인문
9788958612575,S000218796308,대학,"19,000","17,100",10%,5%,950,박찬근,청년정신,20251226,인문
9791189453374,S000218918258,북아프리카 베르베르 민족의 전설과 민담,"15,000","13,500",10%,5%,750,김영,아딘크라,20251225,인문
9791194245155,S000218907304,교육학 논술 KTX,"38,000","34,200",10%,5%,"1,900",이경범,씨엘웍스,20251224,인문
9791160506969,S000001792790,마음의 문을 닫고 숨어버린 나에게,"18,800","16,920",10%,1%,180,조지프 버고,더퀘스트,20251220,인문
9791173560972,S000218939757,2027 THE 일반영어 리딩 ADVANCED,"24,000","21,600",10%,5%,"1,200",조셉 신,G스쿨,20251219,인문
9791198073754,S000218841150,왕국과 정원,"24,000","21,600",10%,5%,"1,200",조르조 아감벤,크리티카,20251218,인문
9791163462064,S000218796352,교사 주변 돈의 흐름,"18,000","16,200",10%,5%,900,돈미샘,테크빌교육,20251218,인문
9788932045023,S000218858606,동시대 문학사 1: 나,"16,800","15,120",10%,5%,840,이광호 외,문학과지성사,20251218,인문
9788932045047,S000218858626,동시대 문학사 3: 사랑,"16,800","15,120",10%,5%,840,황종연 외,문학과지성사,20251218,인문
9788932045030,S000218858621,동시대 문학사 2: 젠더,"16,800","15,120",10%,5%,840,김미지 외,문학과지성사,20251218,인문
9788932045054,S000218858656,동시대 문학사 4: 폭력,"16,800","15,120",10%,5%,840,이수형 외,문학과지성사,20251218,인문
9788915008601,S000220700678,임신 출산 육아 대백과(2026-2027),"19,500","17,550",10%,5%,970,삼성출판사 편집부,삼성출판사,20260730,가정/육아
9791122019827,S000220939598,세상을 움직이는 아이들은 무엇이 다른가,"18,800","16,920",10%,5%,940,임지은,다빈치페이지,20260910,가정/육아
9791164053704,S000221030617,멈추지 못하는 아이들,"18,500","16,650",10%,5%,920,선자연,북하우스,20260907,가정/육아
9791168127531,S000208779616,최민준의 아들코칭 백과,"18,800","16,920",10%,5%,940,최민준,위즈덤하우스,20230830,가정/육아
9791171174348,S000213691665,0~3세 기적의 뇌과학 육아,"20,000","18,000",10%,5%,"1,000",그리어 커센바움,21세기북스,20240703,가정/육아
9791124591123,S000220995922,사춘기 아이와 대화하는 법은 따로 있습니다,"18,500","16,650",10%,5%,920,홍순범,포레스트북스,20260826,가정/육아
9791168273863,S000218737010,가장 완벽한 ADHD 양육 가이드,"20,000","18,000",10%,5%,"1,000",박소영 외,카시오페아,20251210,가정/육아
9791195795505,S000001967750,삐뽀삐뽀 119 소아과,"29,800","26,820",10%,5%,"1,490",하정훈,유니책방,20240105,가정/육아
9791193842805,S000220734607,불편함을 다룰 줄 아는 아이,"20,000","18,000",10%,5%,"1,000",최재희,청림라이프,20260819,가정/육아
9791194725435,S000219796379,잘 자고 잘 먹는 아기의 시간표,"22,000","19,800",10%,5%,"1,100",정재호,한빛라이프,20260506,가정/육아
9788965749868,S000001026120,내 아이를 위한 감정코칭,"20,000","18,000",10%,5%,"1,000",최성애 외,해냄출판사,20200215,가정/육아
9791191994520,S000221281557,아이와 친해지는 101가지 방법,"19,800","17,820",10%,5%,990,혜삼,용감한 까치,20260915,가정/육아
9791124497142,S000220937930,한자 어휘 일력 365,"25,000","22,500",10%,5%,"1,250",이은경,서교책방,20260827,가정/육아
9791172102357,S000220922511,최상위권의 비밀,"19,800","17,820",10%,5%,990,로미(김민지),동양북스,20260824,가정/육아
9788901299938,S000220094271,너무 빨리 배우는 아이들,"18,800","16,920",10%,5%,940,천근아,웅진지식하우스,20260605,가정/육아
9791199340053,S000219075118,불안의 시간을 건너는 너를 지키는 말,"17,800","16,020",10%,5%,890,스즈키 하야토,퍼스트페이지,20260209,가정/육아
9788964360002,S000214866398,김수연의 아기발달백과,"28,000","25,200",10%,5%,"1,400",김수연,삼인,20241125,가정/육아
9791164133055,S000001825877,엄마 나는 자라고 있어요,"22,000","19,800",10%,5%,"1,100",헤티 판 더 레이트 외,북폴리오,20191115,가정/육아
9791176821773,S000221281892,"초등 입학, 마음 근육이 먼저입니다","19,500","17,550",10%,5%,970,박미리,미다스북스,20260928,가정/육아
9791197672125,S000001987855,똑게육아,"22,200","19,980",10%,5%,"1,110",로리(김준희),북로스트,20220224,가정/육아
9791165260859,S000001835405,베이비 몬테소리 육아대백과,"17,000","15,300",10%,5%,850,시모네 데이비스 외,키출판사,20210709,가정/육아
9788934986652,S000000597842,어떻게 말해줘야 할까,"19,800","17,820",10%,5%,990,오은영,김영사,20201025,가정/육아
9791186494431,S000001886110,세상에서 제일 재밌는 종이접기,"14,000","12,600",10%,5%,700,네모아저씨 이원표,슬로래빗,20180824,가정/육아
9791168226289,S000221280359,다섯 살 사회 정서,"18,500","16,650",10%,5%,920,박밝음,서사원,20260921,가정/육아
9791188915804,S000220922882,ADHD 아이 학교에서 살아남기,"21,000","18,900",10%,5%,"1,050",박정은,소울하우스,20260820,가정/육아
9791168273214,S000217455084,엄마의 말 공부,"20,000","18,000",10%,5%,"1,000",이임숙,카시오페아,20250903,가정/육아
9791185402628,S000061451106,세줄쓰기,"12,000","10,800",10%,5%,600,이은경,상상아카데미,20220720,가정/육아
9791186117002,S000001879640,하루 5분 아빠 목소리,"19,500","17,550",10%,5%,970,정홍,위즈덤하우스,20141120,가정/육아
9788947503228,S000221354833,SKY와 의대는 이런 학생을 선발합니다,"22,000","19,800",10%,5%,"1,100",하지원,한국경제신문,20260921,가정/육아
9791130682686,S000220929779,아이 마음 멍들지 않게,"19,000","17,100",10%,5%,950,이근후,다산북스,20260820,가정/육아
9791193639818,S000219488505,중3을 위한 고등학교 사용 설명서,"20,000","18,000",10%,5%,"1,000",이승우,좋은습관연구소,20260401,가정/육아
9791197672170,S000216719361,똑게육아 올인원,"20,500","18,450",10%,5%,"1,020",로리(김준희),북로스트,20250528,가정/육아
9791172101084,S000216374928,세상에서 가장 친절한 종이접기: 인기편,"16,800","15,120",10%,5%,840,종이쌤,동양북스,20250502,가정/육아
9791168342682,S000215820951,그릿,"18,800","16,920",10%,5%,940,김주환,인플루엔셜,20250226,가정/육아
9791193379455,S000215112483,주제 요약하기 기본,"12,000","10,800",10%,5%,600,이은경,상상아카데미,20250110,가정/육아
9791193506981,S000214934818,아이의 뇌,"17,800","16,020",10%,5%,890,김붕년,포레스트북스,20241211,가정/육아
9791165269562,S000214822606,영유아 몬테소리 육아대백과,"17,000","15,300",10%,5%,850,시모네 데이비스,키출판사,20241122,가정/육아
9788925551425,S000000477862,잠수네 아이들의 소문난 영어공부법: 통합로드맵,"28,000","25,200",10%,5%,"1,400",이신애,알에이치코리아,20131101,가정/육아
9788931483956,S000221190092,공부 머리 만들어 주는 기적의 스트레칭,"18,000","16,200",10%,5%,900,방글,영진닷컴,20260918,가정/육아
9791190488730,S000221109093,초등일타국어 학습가이드,"17,000","15,300",10%,5%,850,최지아,코리아닷컴,20260910,가정/육아
9791193154656,S000221102585,불안 없는 아이,"22,000","19,800",10%,5%,"1,100",메러디스 엘킨스,교양인,20260907,가정/육아
9791175790889,S000221031456,"AI 시대, 부모로 살아가기","19,800","17,820",10%,5%,990,김덕진 외,한빛미디어,20260901,가정/육아
9791142357763,S000220438589,아이의 친구관계를 다루다,"20,000","18,000",10%,5%,"1,000",정유진,니들북,20260716,가정/육아
9791193842775,S000220466287,노력이 무기가 될 때,"19,000","17,100",10%,5%,950,김현주,청림라이프,20260708,가정/육아
9791168104419,S000220094309,청소년 정신 건강에 관한 모든 질문,"18,500","16,650",10%,5%,920,홍현주,주니어태학,20260605,가정/육아
9791190488679,S000220037116,굿 인사이드,"21,000","18,900",10%,5%,"1,050",베키 케네디,코리아닷컴,20260520,가정/육아
9791193407523,S000219795605,수학 잘하는 아이는 이렇게 공부합니다,"19,800","17,820",10%,5%,990,류승재,블루무스,20260420,가정/육아
9791168274181,S000219386401,한 권으로 끝내는 합격 생기부 탐구력,"24,000","21,600",10%,5%,"1,200",이로울쌤(이미연),카시오페아,20260320,가정/육아
9791168274297,S000219340703,아이의 친구 관계,"20,000","18,000",10%,5%,"1,000",김붕년,카시오페아,20260311,가정/육아
9791173324888,S000219080618,"너는 꽃이야, 별이야, 바람이야","23,000","20,700",10%,5%,"1,150",오은영,김영사,20260128,가정/육아
9788927881445,S000218900948,내 생애 첫 임신 출산 육아책(2026~2027),"25,000","22,500",10%,5%,"1,250",중앙북스 편집부,중앙북스,20260105,가정/육아
9791199340022,S000218277201,아이의 뇌는 부모의 태도를 기억한다,"17,700","15,930",10%,5%,880,도모다 아케미,퍼스트페이지,20251110,가정/육아
9791173575259,S000218184215,산만한 아이를 위한 본질육아,"22,000","19,800",10%,5%,"1,100",지나영,21세기북스,20251022,가정/육아
9791191937589,S000217140753,하루 한 장 임신 출산 데일리북,"30,000","27,000",10%,5%,"1,500",김문영 외,이덴슬리벨,20250811,가정/육아
9791164052356,S000211987833,조선미의 초등생활 상담소,"18,500","16,650",10%,5%,920,조선미,북하우스,20240123,가정/육아
9791140703166,S000201039832,말문이 터지는 언어놀이,"18,000","16,200",10%,5%,900,김지호,길벗,20230215,가정/육아
9791190776820,S000001943656,4~7세보다 중요한 시기는 없습니다(15만 부 기념 에디션),"19,000","17,100",10%,5%,950,이임숙,카시오페아,20210802,가정/육아
9791190630962,S000001942286,하루 5분 뇌태교 동화,"18,000","16,200",10%,5%,900,정홍,위즈덤하우스,20200427,가정/육아
9791188007134,S000001908907,엄마의 말하기 연습,"14,800","13,320",10%,5%,740,박재연,한빛라이프,20180226,가정/육아
9791186117798,S000001879682,하루 5분 탈무드 태교 동화,"17,000","15,300",10%,5%,850,정홍,위즈덤하우스,20170605,가정/육아
9788965744528,S000001025888,회복탄력성,"18,000","16,200",10%,5%,900,최성애,해냄출판사,20140728,가정/육아
9791193842843,S000221191732,오늘부터 나를 사랑하는 엄마가 되기로 했다,"18,000","16,200",10%,5%,900,케다맘,청림라이프,20260923,가정/육아
9791194423034,S000221268509,이럴 때 이런 그림책,"26,500","23,850",10%,5%,"1,320",엄혜숙 외,세로북스,20260915,가정/육아
9791167601407,S000220952928,부부 사이를 풀어 주는 관계 회복법,"18,000","16,200",10%,5%,900,김미혜,북스고,20260831,가정/육아
9791166572388,S000220950401,초등 저학년 문학 필독서 30,"17,900","16,110",10%,5%,890,안지원,센시오,20260831,가정/육아
9791199359383,S000220716117,입시는 중학교에서 끝난다,"22,000","19,800",10%,5%,"1,100",오대교,타인의취향,20260805,가정/육아
9791193865286,S000220648737,똑똑한 아들로 키우는 문해력 처방전,"19,000","17,100",10%,5%,950,김선호,노르웨이숲,20260805,가정/육아
9791124137529,S000220512395,SKY 합격 생기부 공식,"22,000","19,800",10%,5%,"1,100",윤윤구 외,빅피시,20260729,가정/육아
9788901300276,S000220500021,천종현의 초등수학 공부의 정석,"19,000","17,100",10%,5%,950,천종현,웅진지식하우스,20260725,가정/육아
9791124318041,S000220500797,예민한 아이 육아백과,"19,800","17,820",10%,5%,990,서지예,빈티지하우스,20260723,가정/육아
9791163865964,S000220342822,영어 유치원,"18,000","16,200",10%,5%,900,김동주,예문아카이브,20260715,가정/육아
9791124629109,S000220465882,엄마도 아이도 꼼꼼하게 성장 중입니다,"19,000","17,100",10%,5%,950,석예희,포르체,20260708,가정/육아
9791199663657,S000220226501,태교의 과학,"20,000","18,000",10%,5%,"1,000",이승주 외,나이스에듀,20260620,가정/육아
9791168225961,S000220177104,3~6세 영어가 모국어처럼 스며드는 시간,"19,800","17,820",10%,5%,990,이설희,서사원,20260618,가정/육아
9791124026410,S000220052099,영재는 다르게 작동한다,"19,800","17,820",10%,5%,990,정해민,두드림미디어,20260529,가정/육아
9791168225916,S000219752203,중하위권 공부법 바이블,"20,000","18,000",10%,5%,"1,000",김경모(HUMA 아카데미 대표),서사원,20260427,가정/육아
9791191937763,S000219670088,경주 대추밭 백한의원의 임신 동의보감,"17,800","16,020",10%,5%,890,백진호,이덴슬리벨,20260422,가정/육아
9791193842690,S000219615874,친구들과 잘 지내는 아이들의 비밀,"18,000","16,200",10%,5%,900,김선호,청림라이프,20260422,가정/육아
9791199337428,S000219609323,평범한 아이들은 어떻게 최상위권이 되었을까,"19,500","17,550",10%,5%,970,이창준,스틸당(STEALDANG),20260410,가정/육아
9791157848683,S000219519484,AI 시대 엄마가 먼저 알아야 할 최상위 공부법,"22,000","19,800",10%,5%,"1,100",오주연 외,한빛비즈,20260330,가정/육아
9788947502559,S000219552070,퍼지 키즈,"19,000","17,100",10%,5%,950,한지우,한경매거진앤북,20260330,가정/육아
9791141615574,S000219513861,사회정서 키우는 그림책 수업,"24,000","21,600",10%,5%,"1,200",좋아서하는어린이책연구회 외,문학동네,20260325,가정/육아
9791130674933,S000219301600,초등 읽기 독립의 힘,"19,000","17,100",10%,5%,950,이명주,다산북스,20260223,가정/육아
9791187809623,S000219189916,내 아이 기질을 알면 성장 방향이 보인다,"18,500","16,650",10%,5%,920,조미상,더메이커,20260220,가정/육아
9791193904701,S000219083555,일곱 살 아이를 다시 키운다면,"18,000","16,200",10%,5%,900,이은경,서삼독,20260211,가정/육아
9791191509625,S000219139455,"까다롭고 예민한 우리 아이, 왜 이렇게 힘들까요?","24,000","21,600",10%,5%,"1,200",송희재,북드림,20260210,가정/육아
9791199281325,S000219004631,"다시, 공부머리 독서법: 초등 고학년, 청소년 편","21,000","18,900",10%,5%,"1,050",최승필,책구루,20260207,가정/육아
9791168273986,S000219133621,최소한의 훈육,"21,000","18,900",10%,5%,"1,050",이임숙,카시오페아,20260130,가정/육아
9791193842607,S000218980006,챗GPT로 시작하는 초등 영어 글쓰기,"19,000","17,100",10%,5%,950,방지현,청림라이프,20260128,가정/육아
9791198825070,S000218977738,엄마의 감정 공부,"17,000","15,300",10%,5%,850,박별보라,더테라스(THE TERRACE),20260115,가정/육아
9791190888417,S000218741536,느린 아이 행복 수업,"17,700","15,930",10%,5%,880,이혜영,마음책방,20260110,가정/육아
9791138850865,S000218881190,인공지능 시대 자녀를 성공으로 이끄는 최고의 부모,"17,000","15,300",10%,5%,850,김영락,좋은땅,20251225,가정/육아
9791199505544,S000218786840,ADHD 교사엄마가 ADHD 아이에게 전하는 학교생활백서,"23,000","20,700",10%,5%,"1,150",채나영,에듀니티교육연구소,20251220,가정/육아
9791194627173,S000218681298,초등 상위 1%는 이렇게 책을 읽습니다,"19,000","17,100",10%,5%,950,최지아,웨일북(whalebooks),20251205,가정/육아
9791192357201,S000218603748,하루의 말이 평생의 아이를 바꾼다,"22,000","19,800",10%,5%,"1,100",원민우,비단숲,20251201,가정/육아
9791171011964,S000218365225,엄마라는 바다를 위하여,"20,000","18,000",10%,5%,"1,000",오수영,사람in,20251106,가정/육아
9791194534440,S000218306240,아이의 성장 스위치를 켜라: 스스로 배우고 성장하고 싶게 만든다,"20,000","18,000",10%,5%,"1,000",최윤희 외,클라우드나인,20251027,가정/육아
9791199326811,S000217347058,"우리 아이 마음 지도, TCI로 읽다","16,000","14,400",10%,5%,800,이안백,북마크,20250820,가정/육아
9791159435058,S000217113933,톡톡! 우리 아이 발달 센터,"22,000","22,000",0%,3%,660,임신영,아침사과,20250804,가정/육아
9791199340008,S000217112120,부모의 말투는 아이의 감정이 된다,"17,500","15,750",10%,5%,870,우치다 겐지,퍼스트페이지,20250721,가정/육아
9791194033936,S000216879386,내 아이의 사회성,"18,800","16,920",10%,5%,940,지니 킴,빅피시,20250625,가정/육아
9791168273320,S000216612764,부모의 감정 어휘력,"21,000","18,900",10%,5%,"1,050",김종원,카시오페아,20250619,가정/육아
9791198319463,S000216668021,감정폭발,"15,000","13,500",10%,5%,750,앨리슨 에드워즈,갈락시아스,20250526,가정/육아
9791165263171,S000216515568,어린이 몬테소리 육아대백과,"18,000","16,200",10%,5%,900,시모네 데이비스 외,키출판사,20250519,가정/육아
9791197897849,S000216467002,처음 가르치는 ABA: 실전편,"16,800","15,120",10%,5%,840,밥 첸,캥거루북스,20250509,가정/육아
9791168623538,S000216255069,발달장애 내 아이를 위한 말하기 대하기 수업,"18,000","16,200",10%,5%,900,고지마 유키,시그마북스,20250502,가정/육아
9791169851305,S000216063646,부모의 내면이 아이의 세상이 된다,"19,800","17,820",10%,5%,990,대니얼 J. 시겔 외,페이지2북스,20250401,가정/육아
9791196316860,S000215820354,"다시, 공부머리 독서법: 영유아, 초등 저학년 편","19,000","17,100",10%,5%,950,최승필,책구루,20250331,가정/육아
9791193296844,S000216065481,에르디아 비경쟁토론 수업을 디자인하다,"22,000","19,800",10%,5%,"1,100",에르디아 대화학교,초록비책공방,20250330,가정/육아
9791140712847,S000216110427,나만 알고 싶은 국어 1등급의 비밀,"22,000","19,800",10%,5%,"1,100",엄태욱,길벗,20250328,가정/육아
9791140712694,S000215839100,그때 아이에게 들려줘야 할 말,"17,800","16,020",10%,5%,890,윤여진,길벗,20250228,가정/육아
9791168272774,S000215878098,민주쌤의 육아 코칭 백과,"20,000","18,000",10%,5%,"1,000",이민주,카시오페아,20250227,가정/육아
9791194033523,S000215653350,아이의 행동이 저절로 바뀌는 훈육의 정석,"18,800","16,920",10%,5%,940,김보경,빅피시,20250212,가정/육아
9791192097954,S000215528054,"아이에게 딱 하나만 가르친다면, 자기 조절","19,000","17,100",10%,5%,950,김효원,웨일북(whalebooks),20250120,가정/육아
9791167141033,S000215028038,행복한 커플은 어떻게 싸우는가,"22,000","19,800",10%,5%,"1,100",존 가트맨 외,해냄출판사,20241220,가정/육아
9791198521729,S000214916538,컬러풀 브레인 프렌즈(Colorful Brain Friends),"20,000","18,000",10%,5%,"1,000",차예진,우주스토리,20241202,가정/육아
9791191013801,S000214882870,사교육 없이 명문대 가는 집공부 전략,"18,000","16,200",10%,5%,900,노을커피(신은정),북라이프,20241128,가정/육아
9791168223233,S000214645739,다섯 살 공부 정서,"17,000","15,300",10%,5%,850,박밝음,서사원,20241105,가정/육아
9791130658452,S000214512007,성적을 부탁해 티처스,"22,000","19,800",10%,5%,"1,100",정승제 외,다산에듀,20241029,가정/육아
9791191975246,S000214465906,내 아이 언어 발달의 모든 것,"19,800","17,820",10%,5%,990,원민우,시월,20241020,가정/육아
9788968334771,S000214204200,"툭하면 떼쓰는 아이, 감정 폭발하는 부모","17,000","15,300",10%,5%,850,아육톡(유동현·유지희·지은희),물주는아이,20240910,가정/육아
9791193379349,S000213902350,전래동화 바꿔쓰기,"12,000","10,800",10%,5%,600,이은경,상상아카데미,20240725,가정/육아
9791198843005,S000213834650,초등학교 입학준비 Q&A,"18,000","18,000",0%,3%,540,김선경 외,에이스북,20240720,가정/육아
9791198442482,S000213859283,아동양육시설 실무자를 위한 양육가이드북 세트,"42,000","37,800",10%,5%,"2,100",정은진 외,리얼러닝,20240701,가정/육아
9788927748021,S000213636501,도란의 40주 임신 출산 다이어리,"19,000","17,100",10%,5%,950,도란,다락원,20240620,가정/육아
9791168271999,S000213513428,부모의 어휘력,"19,000","17,100",10%,5%,950,김종원,카시오페아,20240617,가정/육아
9791169092418,S000213396429,모든 아이는 예민하다,"18,000","16,200",10%,5%,900,김효원,글항아리,20240603,가정/육아
9791171253395,S000213288850,감정조절 아기훈육법,"22,000","19,800",10%,5%,"1,100",김수연,시공사,20240510,가정/육아
9791198741301,S000212999799,자폐 영유아와 함께 놀이하며 성장하기,"19,200","17,280",10%,5%,960,남보람,새로온봄,20240505,가정/육아
9791193407219,S000213056662,4~7세 보고 만지는 수학은 이렇게 가르칩니다,"25,000","22,500",10%,5%,"1,250",최경희,블루무스,20240430,가정/육아
9791172100339,S000213024685,세상에서 가장 친절한 종이접기: 실력편,"14,000","12,600",10%,5%,700,종이쌤(이번찬),동양북스,20240422,가정/육아
9791198561640,S000212864254,엄마를 사랑해서 태어났어,"11,000","9,900",10%,5%,550,이케가와 아키라,시월의책,20240401,가정/육아
9791193842010,S000212676353,내 아이를 위한 사교육은 없다,"18,000","16,200",10%,5%,900,김현주,청림라이프,20240320,가정/육아
9788934965404,S000212675550,국어 잘하는 아이가 이깁니다,"17,500","15,750",10%,5%,870,나민애,김영사,20240315,가정/육아
9791172100124,S000212657107,"미적분, 초등도 풀 만큼 쉽게 가르쳐주마","18,000","16,200",10%,5%,900,조안호,동양북스,20240310,가정/육아
9791165348748,S000211822974,엄마는 아무 말도 하지 않을 거야,"17,500","15,750",10%,5%,870,최은아,쌤앤파커스,20240122,가정/육아
9791186202753,S000211880065,첫 1년 움직임의 비밀,"18,000","16,200",10%,5%,900,마리안 헤름센-판 완로이,푸른씨앗,20240115,가정/육아
9788967998059,S000211686291,어린이 플레이코노미,"19,000","17,100",10%,5%,950,지수희,북오션,20240104,가정/육아
9791198268785,S000211752733,그림책은 힘이 세다,"17,000","15,300",10%,5%,850,박미숙,책이라는신화,20231225,가정/육아
9791193506202,S000212053843,아이는 무엇으로 자라는가,"17,500","15,750",10%,5%,870,버지니아 사티어,포레스트북스,20231218,가정/육아
9788968334566,S000211624329,퐁당퐁당 단계별 놀이 육아,"19,500","17,550",10%,5%,970,장민정,물주는아이,20231212,가정/육아
9791191309485,S000209212332,송재환 쌤의 초3 국어교과서 따라쓰기 공부법,"14,800","13,320",10%,5%,740,송재환,글담출판,20231013,가정/육아
9788999726941,S000208589876,ADHD 아동을 위한 1000가지 베스트팁,"16,000","14,400",10%,5%,800,Susan Ashley,학지사,20230825,가정/육아
9791193080061,S000203273910,불안이 많은 아이,"18,000","16,200",10%,5%,900,이다랑,한빛라이프,20230801,가정/육아
9791192097565,S000203272940,엄마표 수학 큐레이션,"16,800","15,120",10%,5%,840,오안쌤,웨일북(whalebooks),20230725,가정/육아
9791187113614,S000202744795,ADHD·자폐 아이를 성장시키는 말 걸기,"17,000","15,300",10%,5%,850,혼다 히데오,이아소,20230710,가정/육아
9791196355722,S000202856021,우리 아이와 함께 하는 엄마표 ABA,"20,000","18,000",10%,5%,"1,000",메리 바베라,ABA부모회,20230707,가정/육아
9791192769332,S000202854846,프랑스 아이처럼,"17,500","15,750",10%,5%,870,파멜라 드러커맨,북하이브,20230630,가정/육아
9791168271241,S000202740500,토닥토닥맘 놀이 육아 바이블,"21,000","18,900",10%,5%,"1,050",토닥토닥맘(장서연),카시오페아,20230628,가정/육아
9791166571060,S000202597513,초등 인문학 필독서 45,"19,800","17,820",10%,5%,990,김철홍,센시오,20230615,가정/육아
9791191825978,S000202399555,회복탄력성의 힘,"17,800","16,020",10%,5%,890,지니 킴,빅피시,20230615,가정/육아
9791192730554,S000202653741,수학 공부의 정석,"18,000","16,200",10%,5%,900,정근창,포르체,20230612,가정/육아
9791191462197,S000201237519,부모 심리 수업,"17,000","15,300",10%,5%,850,권경인,라이프앤페이지,20230403,가정/육아
9791168125865,S000201062628,초등 메타인지 공부력,"18,000","16,200",10%,5%,900,김금선,위즈덤하우스,20230303,가정/육아
9791188613304,S000200906046,지안이는 1학년,"16,800","15,120",10%,5%,840,전영신,스토리닷,20230219,가정/육아
9791165346805,S000200639915,자발적 방관육아,"16,800","15,120",10%,5%,840,최은아,쌤앤파커스,20230131,가정/육아
9791198129109,S000200608044,베싸육아,"22,000","20,000",9%,5%,"1,100",박정은,래디시,20230118,가정/육아
9791168221277,S000200411926,우리 아이 기질 맞춤 양육 매뉴얼,"19,000","17,100",10%,5%,950,정가은,서사원,20230105,가정/육아
9791185402673,S000200408758,표현글쓰기,"12,000","10,800",10%,5%,600,이은경,상상아카데미,20221215,가정/육아
9791185402680,S000200408755,이은경쌤의 초등 글쓰기 완성 시리즈: 교과서 논술 기본,"12,000","10,800",10%,5%,600,이은경,상상아카데미,20221215,가정/육아
9791192625300,S000200046971,이은경쌤의 초등어휘일력 365,"18,800","16,920",10%,5%,940,이은경,포레스트북스,20221028,가정/육아
9791190888219,S000061863920,0~5세 성장 발달에 맞추는 놀이 육아,"22,200","19,980",10%,5%,"1,110",김원철 외,마음책방,20221005,가정/육아
9788901264639,S000061896130,ADHD 우리 아이 어떻게 키워야 할까,"18,000","16,200",10%,5%,900,신윤미,웅진지식하우스,20220922,가정/육아
9791167600332,S000061695421,품격 있는 아내들의 남편 다루는 법,"17,000","15,300",10%,5%,850,김민수,북스고,20220830,가정/육아
9791191343557,S000061585863,새벽달 엄마표 영어 20년 보고서,"16,800","15,120",10%,5%,840,새벽달(남수진),롱테일북스,20220809,가정/육아
9791191621112,S000061354006,긍정적으로 아이 키우기,"15,000","13,500",10%,5%,750,조안 듀랜트,민들레,20220607,가정/육아
9791190457194,S000061353724,깨어있는 부모,"17,800","16,020",10%,5%,890,셰팔리 차바리,나무의마음,20220525,가정/육아
9791168220447,S000001852402,느리고 서툰 아이 몸놀이가 정답이다,"16,800","15,120",10%,5%,840,김승언,서사원,20220225,가정/육아
9791191239560,S000001949536,대치동 초등 로드맵,"15,000","13,500",10%,5%,750,손아름,타임북스,20220225,가정/육아
9791197628580,S000001987633,"101권의 그림책, 제대로 재밌게 읽자! 1","24,000","21,600",10%,5%,"1,200",이차숙,초록서재,20220217,가정/육아
9791197628597,S000001987634,"101권의 그림책, 제대로 재밌게 읽자! 2","24,000","21,600",10%,5%,"1,200",이차숙,초록서재,20220217,가정/육아
9791197419034,S000061586155,탁트임 엄마표 언어치료,"28,000","25,200",10%,5%,"1,400",김다은,탁트임출판사,20220207,가정/육아
9791191714067,S000001952756,질문이랑 놀이랑,"16,000","14,400",10%,5%,800,김선미 외,산지,20220204,가정/육아
9788974799588,S000001165628,어린이를 위한 마음챙김 워크북,"16,000","14,400",10%,5%,800,한나 셔먼,불광출판사,20211206,가정/육아
9791191714043,S000001952754,하브루타야 부탁해,"15,000","13,500",10%,5%,750,권문정,산지,20211201,가정/육아
9791190538404,S000001941417,신의진의 아이심리백과(30만 부 기념 최신 증보판),"26,800","24,120",10%,5%,"1,340",신의진,메이븐,20211108,가정/육아
9791191347456,S000001950605,아들의 뇌,"15,000","13,500",10%,5%,750,곽윤정,포레스트북스,20211012,가정/육아
9791191724035,S000001952819,그림책 성교육,"18,000","16,200",10%,5%,900,김경란 외,교육과실천,20211007,가정/육아
9791191183078,S000001948704,우리 아이 영어책 지도,"24,000","21,600",10%,5%,"1,200",아이걸음,혜다,20210825,가정/육아
9791165216412,S000001834665,어휘력 10배 올리는 하루 10분 대화놀이,"14,800","13,320",10%,5%,740,김지호,길벗,20210820,가정/육아
9788930259064,S000000543090,골든타임 책육아,"16,000","14,400",10%,5%,800,남미영,스마트베어,20210601,가정/육아
9791190488198,S000001941015,10대 놀라운 뇌 불안한 뇌 아픈 뇌,"15,800","14,220",10%,5%,790,김붕년,코리아닷컴,20210410,가정/육아
9791197100420,S000001983782,우리 아이는 왜 불안할까,"16,000","14,400",10%,5%,800,앨리슨 에드워즈,갈락시아스,20210322,가정/육아
9791188915415,S000001920391,감각통합놀이,"19,000","17,100",10%,5%,950,석경아 외,소울하우스,20210222,가정/육아
9791197139666,S000001984254,초등 노트 필기의 기술,"16,800","15,120",10%,5%,840,서휘경 외,멀리깊이,20201028,가정/육아
9791130631998,S000001687013,아이를 위한 돈의 감각,"16,000","14,400",10%,5%,800,베스 코블리너,다산에듀,20201020,가정/육아
9788952242433,S000000722470,나는 오늘도 너에게 화를 냈다,"17,000","15,300",10%,5%,850,최민준,살림,20201019,가정/육아
9791188806157,S000001918726,놀자 놀자 해랑 놀자,"17,000","15,300",10%,5%,850,강윤자 외,목수책방,20200831,가정/육아
9791196254063,S000001973969,부모는 관객이다,"15,500","13,950",10%,5%,770,박혜윤,책소유,20200730,가정/육아
9791190538077,S000001941404,신의진의 아이심리백과 3~4세 편(30만 부 기념 최신 증보판),"15,000","13,500",10%,5%,750,신의진,메이븐,20200608,가정/육아
9788925569222,S000000479163,아직도 내 아이를 모른다,"18,000","16,200",10%,5%,900,대니얼 J. 시겔 외,알에이치코리아,20200413,가정/육아
9791196874803,S000001981581,아기는 놀이에서 배운다,"14,000","12,600",10%,5%,700,안케 친저 외,한국인지학출판사,20191215,가정/육아
9791196362423,S000001975339,아이는 경험으로 자란다,"13,000","11,700",10%,5%,650,윤신애 외,컨텐츠조우,20190916,가정/육아
9791196630706,S000001978808,아이의 떼 거부 고집을 다루다,"15,800","14,220",10%,5%,790,정유진,미스터제이,20190319,가정/육아
9791163860167,S000001823276,ABA 치료 프로그램 세트,"32,000","28,800",10%,5%,"1,600",이노우에 마사히코 외,예문아카이브,20190215,가정/육아
9788925565545,S000000478946,"잠수네 초등 1, 2학년 공부법","28,000","25,200",10%,5%,"1,400",이신애,알에이치코리아,20190122,가정/육아
9791160022001,S000001787359,"버럭엄마, 우아하게 아이 키우기","15,000","13,500",10%,5%,750,임영주,메이트북스,20190117,가정/육아
9791186578520,S000001888183,외대부고 공신들의 진짜 1등 공부법,"15,000","13,500",10%,5%,750,박인호,글로세움,20181015,가정/육아
9791159200830,S000001776308,흡수하는 정신,"19,800","17,820",10%,5%,990,마리아 몬테소리,부글북스,20180420,가정/육아
9791162202906,S000001808640,부모라면 지금 꼭 해야 하는 미래 교육,"13,000","11,700",10%,5%,650,박미자,위즈덤하우스,20180305,가정/육아
9788969521958,S000001063122,하브루타 질문 놀이터,"13,500","12,150",10%,5%,670,권문정 외,경향BP,20170913,가정/육아
9791195795512,S000001967751,삐뽀삐뽀 119 우리 아가 모유 먹이기,"12,900","11,610",10%,5%,640,정유미 외,유니책방,20170501,가정/육아
9788970129396,S000001068876,행복한 결혼을 위한 7원칙,"15,000","13,500",10%,5%,750,존 가트맨 외,문학사상,20170322,가정/육아
9788993734904,S000001533443,엄마의 말습관,"13,000","11,700",10%,5%,650,이정원,프롬북스,20161014,가정/육아
9788901213477,S000000407266,"열 살 전에, 더불어 사는 법을 가르쳐라","14,000","12,600",10%,5%,700,이기동 외,걷는나무,20160925,가정/육아
9788956056289,S000000814490,천천히 키워야 크게 자란다,"13,800","12,420",10%,5%,690,김영숙,북하우스,20160902,가정/육아
9788925558455,S000000478453,"잠수네 초등 3, 4학년 공부법","28,000","25,200",10%,5%,"1,400",이신애,알에이치코리아,20160204,가정/육아
9788969520357,S000001062997,아빠의 자존감이 아이의 자존감을 높인다,"11,800","10,620",10%,5%,590,이수연,경향BP,20140904,가정/육아
9788925552651,S000000477983,잠수네 프리스쿨 영어공부법,"28,000","25,200",10%,5%,"1,400",이신애,알에이치코리아,20140421,가정/육아
9788932472256,S000000576419,부부 감정치유,"15,000","13,500",10%,5%,750,존 가트맨 외,을유문화사,20140210,가정/육아
9788958761648,S000000881465,뇌가 즐거운 아기 놀이 120,"17,000","15,300",10%,5%,850,뇌발달영아놀이연구팀,꽃숨,20130725,가정/육아
9788959122523,S000000887081,가족대화법,"16,000","16,000",0%,5%,800,최규련,도서출판 신정,20120910,가정/육아
9788965743453,S000001025807,청소년 감정코칭,"20,000","18,000",10%,5%,"1,000",최성애 외,해냄출판사,20120717,가정/육아
9788991714250,S000001482390,초딩맘 다이어리,"12,500","11,250",10%,5%,620,김영국,비씨스쿨,20110530,가정/육아
9788994981123,S000001560134,아들과 클래식을 듣다,"15,000","13,500",10%,5%,750,임후남 외,생각을담는집,20110501,가정/육아
9788957266076,S000000845683,태내기억: 버스 트라우마의 비밀,"12,000","10,800",10%,5%,600,시치다 마코토 외,한국문화사,20081120,가정/육아
9791199883925,S000221075621,GATHER,"30,000","27,000",10%,5%,"1,500",윤지영,북스레브쿠헨,20261001,요리
9791195795529,S000001967752,삐뽀삐뽀 119 이유식,"18,900","17,010",10%,5%,940,하정훈,유니책방,20171201,요리
9791168222724,S000212576919,뿐이 토핑 이유식,"29,800","26,820",10%,5%,"1,490",정주희,서사원,20240226,요리
9791194087700,S000216903860,류수영의 평생 레시피,"25,000","22,500",10%,5%,"1,250",류수영,세미콜론,20250625,요리
9791140720217,S000221107087,김진순의 인생 레시피 1,"24,000","21,600",10%,5%,"1,200",김진순,길벗,20260909,요리
9791194374954,S000220994672,우런니 샌드위치,"22,000","19,800",10%,5%,"1,100",박혜진(Cream Park),클,20260909,요리
9788931481709,S000220451473,스타듀 밸리 공식 레시피북,"32,000","28,800",10%,5%,"1,600",컨선드에이프 외,영진닷컴,20260630,요리
9791192385488,S000221248268,"말차를, 시작합니다","20,000","18,000",10%,5%,"1,000",김용재,오픈하우스,20260917,요리
9791136043986,S000221283209,2027 에듀윌 제과·제빵기능사 필기 한권끝장+무료특강,"20,000","18,000",10%,5%,"1,000",오명석 외,에듀윌,20260914,요리
9791193282793,S000220563761,걍레오: 그냥 레오의 오늘 요리,"26,000","23,400",10%,5%,"1,300",강레오,하이스트,20260723,요리
9791140719068,S000220362859,무염·저염 하나로 끝내는 베이스 유아식,"24,000","21,600",10%,5%,"1,200",애플랜(김애정),길벗,20260707,요리
9791136039255,S000218082079,2026 에듀윌 제과·제빵기능사 필기 한권끝장,"20,000","18,000",10%,5%,"1,000",오명석 외,에듀윌,20251002,요리
9791192066141,S000200252593,커피 아틀라스,"35,000","31,500",10%,5%,"1,750",제임스 호프만,디자인이음,20221121,요리
9791195616169,S000001965106,아이주도 이유식 유아식 매뉴얼 세트,"23,500","21,150",10%,5%,"1,170",BLW 연구소,아퍼블리싱,20210831,요리
9791175911345,S000221381437,박준면의 낯가리는 레시피,"29,800","26,820",10%,5%,"1,490",박준면,위즈덤하우스,20260930,요리
9791191994513,S000220340036,추추의 집밥 클래스,"22,200","19,980",10%,5%,"1,110",추재현,용감한 까치,20260624,요리
9791198553386,S000219981779,내 몸을 바꾸는 집밥테라피,"24,000","21,600",10%,5%,"1,200",박용우 외,루미너스,20260605,요리
9791192366685,S000220004356,수연이네 사남매 이유식,"29,800","26,820",10%,5%,"1,490",유수연,레시피팩토리,20260520,요리
9791193406168,S000220774297,간결한 식탁 레시피,"26,000","23,400",10%,5%,"1,300",간결한 식탁(이해나),래디시,20260817,요리
9791142352614,S000220177891,지브리의 식탁 마녀 배달부 키키,"16,000","14,400",10%,5%,800,이선희,대원키즈,20260617,요리
9791192366647,S000219145734,아이주도 고형식 완전 가이드: 이유식 & 유아식,"33,000","29,700",10%,5%,"1,650",조승연,레시피팩토리,20260203,요리
9791192512419,S000208431435,최강록의 요리 노트,"16,800","15,120",10%,5%,840,최강록,클,20230814,요리
9788971908365,S000061584213,제프리 해멀먼의 브레드 증보개정판,"57,000","51,300",10%,5%,"2,850",제프리 해멀먼,그린쿡,20220810,요리
9791196533007,S000001977607,튼이 이유식,"22,000","19,800",10%,5%,"1,100",정주희,서사원,20190103,요리
9791196001889,S000001970441,풍미사전,"45,000","40,500",10%,5%,"2,250",니키 세그니트,한스미디어,20180821,요리
9788971905883,S000001108712,밀가루 물 소금 이스트,"34,000","30,600",10%,5%,"1,700",Ken Forkish,그린쿡,20170510,요리
9791175774155,S000221175376,세상에서 가장 만들기 쉬운 홈베이킹,"17,500","15,750",10%,5%,870,스즈키 아쓰코,오팬하우스,20260907,요리
9791124336557,S000220293529,집밥력,"32,500","29,250",10%,5%,"1,620",홀썸모먼트,세미콜론,20260623,요리
9791140719013,S000220215201,어른도 아이도 다 잘 먹는 집밥 레시피,"22,000","19,800",10%,5%,"1,100",권예은,길벗,20260617,요리
9791194687528,S000219488774,브런치 하다앳홈,"22,000","19,800",10%,5%,"1,100",박정아,시원북스,20260323,요리
9791194328377,S000218262585,2026 기분파 제과제빵기능사 필기,"20,000","18,000",10%,5%,"1,000",에듀웨이 R&D 연구소,에듀웨이,20260228,요리
9791173850967,S000219438635,카페  바리스타(커피 입문자를 위한),"27,000","27,000",0%,3%,810,박영배,백산출판사,20260210,요리
9791143402134,S000218330680,2026 시대에듀 한식조리기능사 필기 총정리 기출문제집,"20,000","18,000",10%,5%,"1,000",SD상시시험연구소,시대고시기획,20260105,요리
9791191994452,S000218329883,냉동 집밥 대백과,"22,800","20,520",10%,5%,"1,140",요오리,용감한 까치,20251105,요리
9791174910097,S000217444902,2026 제과제빵 기능사&산업기사 필기,"25,000","22,500",10%,5%,"1,250",김연진,종이향기,20250910,요리
9788969526281,S000217096672,김대석 셰프의 집밥 레시피 3,"18,000","16,200",10%,5%,900,김대석,경향BP,20250806,요리
9791198553379,S000216446945,스위치온 다이어트 레시피북,"23,000","20,700",10%,5%,"1,150",박용우 외,루미너스,20250525,요리
9791141939373,S000217586931,두유제조기 이유식 레시피북,"20,900","18,810",10%,5%,"1,040",채인영,부크크(Bookk),20250421,요리
9791190118798,S000215898422,장,"30,000","27,000",10%,5%,"1,500",강민구 외,북커스,20250310,요리
9791142303722,S000214965187,지브리의 식탁 이웃집 토토로,"16,000","14,400",10%,5%,800,스튜디오 지브리,대원키즈,20241217,요리
9791197623356,S000213668591,단이네 순한맛 유아식,"21,500","19,350",10%,5%,"1,070",정신혜(단맘),아퍼블리싱,20240715,요리
9788934965862,S000201627971,"이원복 교수의 와인의 세계, 세계의 와인 세트","29,800","26,820",10%,5%,"1,490",이원복,김영사,20230427,요리
9788969524478,S000001063301,유아식 레시피북,"18,800","16,920",10%,5%,940,BLW연구소,경향BP,20210303,요리
9791196261108,S000001974052,다반사,"25,000","22,500",10%,5%,"1,250",원행,하루헌,20171222,요리
9791195650149,S000001965618,음식과 요리,"88,000","79,200",10%,5%,"4,400",해럴드 맥기,이데아,20170302,요리
9791143418081,S000220616382,2027 시대에듀 제과제빵기능사 필기 총정리 기출문제집,"20,000","18,000",10%,5%,"1,000",권영회,시대고시기획,20270105,요리
9791186573846,S000221383866,위쳐 공식 요리책,"39,000","35,100",10%,5%,"1,950",애니타 사르나 외,비엘북스,20260929,요리
9788969526670,S000221281525,김대석 셰프의 계절 밥상 1,"20,000","18,000",10%,5%,"1,000",김대석,경향BP,20260923,요리
9791124272886,S000221328210,김밥 책,"25,000","22,500",10%,5%,"1,250",우정욱,한스미디어,20260922,요리
9791187938224,S000220947217,Molino Project(몰리노 프로젝트),"30,000","27,000",10%,5%,"1,500",진우범,그레파이트온핑크,20260910,요리
9791130682945,S000221161693,유안맘마의 원물 간식 레시피,"25,000","22,500",10%,5%,"1,250",임혜나,다산북스,20260903,요리
9791143419552,S000221108766,COFFEE BAEDEKER,"20,000","18,000",10%,5%,"1,000",황호림,시대인,20260828,요리
9791124112083,S000220783518,장이 편한 치유 음식,"28,000","25,200",10%,5%,"1,400",이정란,비앤씨월드,20260820,요리
9791168625198,S000220716151,매일 맛있는 고기 요리 레시피 55,"18,000","16,200",10%,5%,900,후카자와 아야,시그마북스,20260820,요리
9791192366715,S000220853673,아리미의 베스트셀러 샌드위치,"25,000","22,500",10%,5%,"1,250",신아림,레시피팩토리,20260813,요리
9791156163350,S000220589471,혈당 스파이크 잡는 건강 밥상,"20,000","18,000",10%,5%,"1,000",박현진,리스컴,20260803,요리
9791140719617,S000220631694,진지인 다이어트 밀프렙 레시피,"22,000","19,800",10%,5%,"1,100",김지인(진지인),길벗,20260727,요리
9791174911483,S000220694636,말차 레시피,"28,000","25,200",10%,5%,"1,400",료코 브누아,오름너머,20260720,요리
9791176610490,S000220562143,우리동네 어린이병원 이유식 백과,"28,000","25,200",10%,5%,"1,400",손수예 외,21세기북스,20260715,요리
9791192366708,S000220466314,"유연한 채식, 페스카테리언의 식탁","25,000","22,500",10%,5%,"1,250",지은경,레시피팩토리,20260707,요리
9791194880936,S000220221497,공양간의 셰프들,"23,800","21,420",10%,5%,"1,190",계호 외,생각의힘,20260701,요리
9788927462392,S000220297957,바리스타&카페매니지먼트,"22,000","19,800",10%,5%,"1,100",신지해,예문사,20260620,요리
9791190118071,S000219976364,참 쉬운 스콘북,"16,800","15,120",10%,5%,840,스와 미키코,북커스,20260520,요리
9791198559371,S000219646647,"오늘, 제철 유아식","22,000","19,800",10%,5%,"1,100",이소플레이트,북스레브쿠헨,20260507,요리
9788971909300,S000219713104,생선 숙성의 기술,"30,000","27,000",10%,5%,"1,500",김상돈,그린쿡,20260420,요리
9791173851872,S000219786450,베이직 초콜릿 테크닉,"17,000","17,000",0%,3%,510,오동환 외,백산출판사,20260420,요리
9791161341286,S000219669046,베이킹은 과학이다,"26,000","23,400",10%,5%,"1,300",카지하라 요시하루 외,터닝포인트,20260415,요리
9791192366678,S000219682241,다이어트와 건강 루틴 잡는 요니의 밀프렙 샐러드 습관,"26,000","23,400",10%,5%,"1,300",이미연,레시피팩토리,20260414,요리
9791124112045,S000219602471,매일을 위한 빵,"30,000","27,000",10%,5%,"1,500",김정은 외,비앤씨월드,20260410,요리
9791140717989,S000219334696,첫째아들의 집밥이 맛있어지는 요리 비법,"25,000","22,500",10%,5%,"1,250",이승훈,길벗,20260331,요리
9791140717798,S000219411341,와인 상식사전,"22,000","19,800",10%,5%,"1,100",이기태,길벗,20260325,요리
9791199539297,S000219333519,김치 책,"33,000","29,700",10%,5%,"1,650",고은정,몽스북,20260303,요리
9791155818954,S000219243924,정관스님 나의 음식(백양사 고불매 리커버 양장 에디션),"27,800","25,020",10%,5%,"1,390",정관스님,윌북,20260303,요리
9791160322675,S000219336016,초간단 원팬 레시피,"22,000","19,800",10%,5%,"1,100",다솔쿠,싸이프레스,20260226,요리
9791192366654,S000219311437,퍼펙트 크림&디저트,"30,000","27,000",10%,5%,"1,500",박예나,레시피팩토리,20260224,요리
9791194274353,S000219342119,맛의 기술 Remastered,"40,000","36,000",10%,5%,"2,000",권혁만,제이알매니지먼트,20260223,요리
9788931479515,S000219083479,2026 이기적 한식조리기능사 필기+실기 올인원,"25,000","22,500",10%,5%,"1,250",최경선,영진닷컴,20260213,요리
9791199327849,S000219135780,뱃살이 너무 빠져 고민! 닥터셰프 레시피,"19,800","17,820",10%,5%,990,임상진,책과삶,20260206,요리
9791168624535,S000219059459,팡 데 필로조프의 식사빵,"28,500","25,650",10%,5%,"1,420",에노모토 아키라,시그마북스,20260205,요리
9791161341293,S000218942060,프렌치 셰프의 친절한 프랑스 요리 교과서,"160,000","144,000",10%,1%,"1,600",미쉘 맹상 모렐,터닝포인트,20260120,요리
9791175191730,S000217567480,2026 박문각 제과제빵기능사 필기 8개년 기출문제집+무료특강,"15,000","13,500",10%,5%,750,하혜란 외,박문각,20260120,요리
9791190118989,S000218935529,회뜨기 바이블,"25,000","22,500",10%,5%,"1,250",시바타쇼텐,북커스,20260115,요리
9791194560593,S000219020118,"2026 경록 떡제조기능사 필기, 실기","22,000","19,800",10%,5%,"1,100",임인숙 외,경록,20260115,요리
9791189801762,S000219071396,조선셰프 서유구의 죽 이야기,"30,000","27,000",10%,5%,"1,500",풍석문화재단음식연구소 외,자연경실,20260113,요리
9791166336034,S000218964538,2026 EBS 제과제빵산업기사 필기 단기합격,"22,000","19,800",10%,5%,"1,100",김경진 외,신지원,20260110,요리
9791155785157,S000218964534,선미자의 맛,"28,000","25,200",10%,5%,"1,400",선미자,조선뉴스프레스,20260108,요리
9791193516010,S000218974257,칵테일 크래프팅 1: 기본과 고전,"37,000","33,300",10%,5%,"1,850",매태민,프랙티컬프레스,20251229,요리
9791136040077,S000218918504,에듀윌 한식조리기능사 실기 한권끝장+과제 무료강의,"20,000","18,000",10%,5%,"1,000",김선희 외,에듀윌,20251229,요리
9791167826091,S000218729805,사계절 김치 레시피,"23,000","20,700",10%,5%,"1,150",배명자,상상출판,20251210,요리
9791140716524,S000218629636,365일 집밥 레시피,"25,000","22,500",10%,5%,"1,250",황보경,길벗,20251126,요리
9791191994469,S000218666672,나폴리 맛피아 시크릿 레시피,"26,000","23,400",10%,5%,"1,300",권성준,용감한 까치,20251125,요리
9791193388242,S000218360394,초간단 삼플식당 레시피북,"22,000","19,800",10%,5%,"1,100",샘플리,서스테인,20251103,요리
9791198516282,S000218203398,"영양사 다른맘의 오늘, 아이 첫 끼","19,800","17,820",10%,5%,990,정은주,온포인트,20251027,요리
9788987931777,S000218229364,김치명인 이하연의 별별김치,"38,000","34,200",10%,5%,"1,900",이하연,한국외식정보,20251021,요리
9788931479829,S000217421997,이기적 바리스타 2급 필기 기본서,"17,000","15,300",10%,5%,850,임형준,영진닷컴,20250922,요리
9791174910103,S000217556218,2026 제과제빵기능사 CBT 기출문제집,"20,000","18,000",10%,5%,"1,000",김연진,종이향기,20250910,요리
9791156163039,S000217462922,한복선의 한식 대백과,"25,000","22,500",10%,5%,"1,250",한복선,리스컴,20250902,요리
9791173850394,S000217066348,조리교육의 이해,"21,000","21,000",0%,3%,630,나태균,백산출판사,20250826,요리
9788971909126,S000217295682,생선 마스터 클래스,"29,000","26,100",10%,5%,"1,450",시마즈 오사무,그린쿡,20250814,요리
9791194777328,S000217151254,식탁의 장면들,"25,000","22,500",10%,5%,"1,250",이민경,한스미디어,20250731,요리
9791168224506,S000217036475,전선생의 갱년기 다이어트,"23,800","21,420",10%,5%,"1,190",전미란(전선생),서사원,20250730,요리
9791190405508,S000216978042,한살림 추천 밥요리,"18,000","16,200",10%,5%,900,한살림연합,한살림,20250703,요리
9791140713523,S000216748354,유지만 다이어트 레시피,"22,000","19,800",10%,5%,"1,100",유지만,길벗,20250610,요리
9791198859983,S000216646635,유방암 환우를 위한 요리닥터,"19,000","17,100",10%,5%,950,최정희 외,투비스토리,20250526,요리
9791193842324,S000216124219,10분 후딱 김밥 레시피 100,"18,500","16,650",10%,5%,920,후딱 레시피,청림라이프,20250410,요리
9791185141336,S000216037854,저탄 김밥,"19,000","17,100",10%,5%,950,임은진,세상풍경,20250326,요리
9791198972729,S000215664944,두부 원정대(Dubu Expedition),"14,000","12,600",10%,1%,140,삼성웰스토리 외,엠큐브파트너스,20250131,요리
9791198559302,S000215100501,히데코의 일본 요리,"36,000","32,400",10%,5%,"1,800",나카가와 히데코,북스레브쿠헨,20250120,요리
9791192366470,S000215528995,쿡언니네 채소 항염식,"23,000","20,700",10%,5%,"1,150",이재연,레시피팩토리,20250115,요리
9791193712658,S000214929852,풍미사전 2,"55,000","49,500",10%,5%,"2,750",니키 세그니트,한스미디어,20241210,요리
9791172109004,S000214921392,부오니시모! 나의 미뇨끼 레시피북,"24,500","22,050",10%,5%,"1,220",미뇨끼,동양북스,20241210,요리
9791192366456,S000214911832,베이글 홀릭,"21,000","18,900",10%,5%,"1,050",최재희,레시피팩토리,20241204,요리
9791186627259,S000214736527,바리스타 1급 자격시험 예상문제집,"17,000","17,000",0%,5%,850,(사)한국커피협회,커피투데이,20241115,요리
9791165675820,S000213489823,쉽게 배우는 한국의 발효음식,"26,000","26,000",0%,3%,780,최은희,백산출판사,20241020,요리
9788969525963,S000214347306,기적의 항암 식단,"18,000","16,200",10%,5%,900,김훈하 외,경향BP,20240919,요리
9791192366401,S000214015254,아기 성장 맞춤 이유식,"32,000","28,800",10%,5%,"1,600",석은선,레시피팩토리,20240819,요리
9788969525888,S000213640873,김대석 셰프의 집밥 레시피 2,"18,000","16,200",10%,5%,900,김대석,경향BP,20240703,요리
9791164459322,S000213671054,맛있는 스누피 쿠킹,"16,800","15,120",10%,5%,840,찰스 M. 슐츠,더모던,20240530,요리
9791164459339,S000213671034,달콤한 스누피 베이킹,"16,800","15,120",10%,5%,840,찰스 M. 슐츠,더모던,20240530,요리
9791192855097,S000213221948,나만의 디저트 레시피를 구상하는 방법 + 디저트 페어링 북 세트,"59,000","53,100",10%,5%,"2,950",김동석,더테이블,20240517,요리
9791193049372,S000213086864,구움과자 홈베이킹,"18,000","16,200",10%,5%,900,김자은(자도르),책밥,20240430,요리
9788969930453,S000212778633,맨날 사먹을 순 없잖아,"20,000","18,000",10%,5%,"1,000",홍여림,수작걸다,20240415,요리
9791192512761,S000212777810,이태리 할머니 파스타,"38,000","34,200",10%,5%,"1,900",비키 베니슨,클,20240410,요리
9791193049310,S000212157294,면역력 강화를 위한 건강식단 113,"18,000","16,200",10%,5%,900,권영희,책밥,20240205,요리
9788959408351,S000211972830,치즈 마이 라이프,"20,000","18,000",10%,5%,"1,000",조장현,시대의창,20240122,요리
9788971908747,S000211753240,제로부터 배운다! 위스키 & 싱글몰트,"20,000","18,000",10%,5%,"1,000",구리바야시 고키치,그린쿡,20231220,요리
9791192855035,S000211345491,오늘의 소금빵: 쿄 베이커리’s SALTED BREAD,"22,000","19,800",10%,5%,"1,100",부인환,더테이블,20231127,요리
9791165677077,S000208958456,푸드스타일링 실무,"23,000","23,000",0%,3%,690,김진숙 외,백산출판사,20230905,요리
9791186993118,S000208958758,식탁 위의 동의보감 2,"28,000","25,200",10%,5%,"1,400",김상보 외,와이즈북,20230820,요리
9791190900737,S000208258353,공격수셰프의 킥(kick),"28,000","25,200",10%,5%,"1,400",박민혁,아이엔지북스,20230801,요리
9791192366258,S000203097385,당뇨와 고혈압 잡는 저탄수 균형식 다이어트,"21,000","18,900",10%,5%,"1,050",윤지아,레시피팩토리,20230713,요리
9791157689149,S000201941772,작업실 301 쿠키 베이킹북,"30,000","27,000",10%,5%,"1,500",권향미,동양북스,20230515,요리
9788969525390,S000201507097,김대석 셰프의 집밥 레시피 1,"18,000","16,200",10%,5%,900,김대석,경향BP,20230426,요리
9788968334276,S000201644175,나를 위한 가벼운 집밥책,"16,800","15,120",10%,5%,840,서정아,허밍버드,20230426,요리
9791197516825,S000201461752,차의 언어,"40,000","36,000",10%,5%,"2,000",정혜주,셀렉트핀,20230425,요리
9791198129130,S000201245159,안밥모 베스트 유아식,"22,200","19,980",10%,5%,"1,110",이샘 외,래디시,20230324,요리
9791136024039,S000200777897,에듀윌 중식 조리기능사 실기,"20,000","18,000",10%,5%,"1,000",문혜자,에듀윌,20230130,요리
9791140702251,S000200394092,365일 반찬 걱정 없는 책,"27,000","24,300",10%,5%,"1,350",송혜영(욜로리아),길벗,20221209,요리
9788971908426,S000200363979,진짜 다 알려주는 오므라이스 책,"15,000","13,500",10%,5%,750,오므라이스 프로,그린쿡,20221205,요리
9791167640253,S000200033967,시니맘의 오늘도 완밥 유아식,"19,500","17,550",10%,5%,970,시니맘(박지혜),혜지원,20221018,요리
9791161341217,S000061695095,베이킹은 과학이다: 제빵편,"26,000","23,400",10%,5%,"1,300",카지하라 요시하루 외,터닝포인트,20220926,요리
9791197914355,S000061696332,올 어바웃 콤부차,"17,000","15,300",10%,5%,850,서형주,청림라이프,20220914,요리
9791192385013,S000060628920,차를 시작합니다,"18,000","16,200",10%,5%,900,김용재,오픈하우스,20220531,요리
9788927812913,S000000527062,하루 한 끼 다이어트 밀프렙,"18,000","16,200",10%,5%,900,김수지,중앙북스,20220405,요리
9791167820617,S000001851625,뚝딱 초간단 요리,"15,000","13,500",10%,5%,750,이미경,상상출판,20220225,요리
9791186519493,S000001886639,나의 첫 번째 프랑스 요리,"22,000","19,800",10%,1%,220,김모아,비앤씨월드,20220215,요리
9791160077704,S000001788354,차의 계절,"20,000","18,000",10%,5%,"1,000",정다형,한스미디어,20220113,요리
9791160077612,S000001788347,와인 바이블,"45,000","40,500",10%,5%,"2,250",케빈 즈랠리,한스미디어,20211222,요리
9791130679051,S000001687378,김밀란 파스타,"18,000","16,200",10%,5%,900,김밀란,다산라이프,20211217,요리
9791190555715,S000001941618,칼의 기본,"34,000","30,600",10%,5%,"1,700",주부의벗사,클,20211110,요리
9791165796310,S000001840639,"맛있어서, 하루 비건","18,000","16,200",10%,5%,900,박정원,미호,20210820,요리
9791160075670,S000001788281,더 믹솔로지,"32,000","28,800",10%,5%,"1,600",나구모 슈조,한스미디어,20210217,요리
9791190555340,S000001941595,돈가스의 기술,"22,000","19,800",10%,5%,"1,100",시바타쇼텐,클,20201210,요리
9791186519394,S000001886632,천연발효 베이킹,"25,000","22,500",10%,1%,250,홍상기,비앤씨월드,20201201,요리
9788969524393,S000001063295,아이가 좋아하는 엄마표 요리 100,"14,800","13,320",10%,5%,740,이동미,경향BP,20201118,요리
9788954675581,S000000780777,미자언니네 집밥,"23,000","20,700",10%,5%,"1,150",선미자,테이스트북스,20201105,요리
9791185676630,S000001871959,구움과자,"13,000","11,700",10%,5%,650,마오 슈엔훼이,윌스타일(WILLSTYLE),20201105,요리
9791188601387,S000001916557,오늘은 아무래도 덮밥,"4,300","3,870",10%,5%,210,이마이 료,참돌,20200612,요리
9788969930323,S000001063930,카페 Milk Tea(밀크티) 메뉴 101,"18,000","16,200",10%,5%,900,이상민,수작걸다,20200525,요리
9791196978747,S000001982428,모두의 솥밥,"19,800","17,820",10%,5%,990,김희종,맛있는책방,20200520,요리
9791190179232,S000001936947,이정현의 집밥레스토랑,"22,000","19,800",10%,5%,"1,100",이정현,서사원,20200429,요리
9791197022005,S000001982914,진주의 해피 키토 키친,"26,500","23,850",10%,5%,"1,320",진주,북드림,20200427,요리
9788931461794,S000000555409,와인 폴리(매그넘 에디션),"30,000","27,000",10%,5%,"1,500",Madeline Puckette 외,영진닷컴,20200106,요리
9791160074468,S000001788192,노마 발효 가이드(The Noma Guide to Fermentation),"45,000","40,500",10%,5%,"2,250",르네 레드제피 외,한스미디어,20191209,요리
9791125465294,S000001655558,사계절 밀크티 시간,"14,000","12,600",10%,5%,700,이주현,시대인,20191205,요리
9791188053735,S000001909716,정혜영의 식탁: TABLE,"26,800","24,120",10%,5%,"1,340",정혜영,이덴슬리벨,20191025,요리
9791188726370,S000001917963,HOW TO BREW 하우 투 브루,"38,000","34,200",10%,5%,"1,900",존 J. 파머,라의눈,20190812,요리
9791186993088,S000001895664,식탁 위의 동의보감 1,"28,000","25,200",10%,5%,"1,400",김상보 외,와이즈북,20190515,요리
9788931587012,S000000562047,수미네 반찬,"17,000","15,300",10%,1%,170,김수미 외,성안당,20181030,요리
9791188311330,S000001912900,재료의 산책 세트,"28,000","25,200",10%,5%,"1,400",요나,어라운드,20181026,요리
9788997613151,S000001619829,반주: 우리술 주안상 차림,"18,000","16,200",10%,5%,900,이한숙 외,디자인소리,20180320,요리
9791186560631,S000001887759,심영순의 사계절 우리밥상,"21,800","19,620",10%,5%,"1,090",심영순,인플루엔셜,20180220,요리
9791161340098,S000001800610,베이킹은 과학이다,"23,000","20,700",10%,5%,"1,150",나카야마 히로노리 외,터닝포인트,20171110,요리
9791188053124,S000001909658,샘킴의 맛있는 아이밥,"19,800","17,820",10%,5%,990,샘 킴,이덴슬리벨,20171103,요리
9788932318219,S000000574865,음식 고전,"45,000","40,500",10%,1%,450,한복려 외,현암사,20161017,요리
9791159550867,S000001780259,한식조리사 실기(2017),"20,000","20,000",0%,3%,600,이혜선 외,군자출판사,20160831,요리
9788971905678,S000001108691,소스의 기술,"30,000","27,000",10%,5%,"1,500",Masaru Kamikakimoto,그린쿡,20160810,요리
9791185330273,S000001865864,콩 두부,"16,800","15,120",10%,5%,840,김외순,도도,20151005,요리
9788927413981,S000000521477,간식을 부탁해,"9,800","8,820",10%,5%,490,보쿠,예문사,20150605,요리
9788997157952,S000001610110,쿡앤쿡 6: 닭고기로 만드는 반찬&요리,"2,500","2,250",10%,5%,120,지원출판 편집부,지원,20150520,요리
9788997157921,S000001610107,쿡앤쿡 3: 오징어로 만드는 반찬&요리,"2,500","2,250",10%,5%,120,지원출판 편집부,지원,20150520,요리
9788961830898,S000000956551,"한국의 맥, 전통음식","30,000","30,000",0%,3%,900,신미혜 외,백산출판사,20140820,요리
9791185473017,S000001868621,진짜 기본 베이킹책,"18,800","16,920",10%,5%,940,월간 수퍼레시피,레시피팩토리,20140325,요리
9788970937106,S000001091192,다구치 마모루 커피대전,"32,000","32,000",0%,5%,"1,600",다구치 마모루,광문각,20130206,요리
9788988274859,S000001395170,마스터 베이킹,"20,000","18,000",10%,5%,"1,000",홍상기,비앤씨월드,20121126,요리
9788996851608,S000001604698,프로페셔널 셰프(The Professional Chef) 세트(한글판),"120,000","108,000",10%,5%,"6,000",The Culinary Institute of America,학술편수관,20120315,요리
9788936908027,S000000617382,김매순의 솜씨와 멋,"16,000","14,400",10%,5%,800,김매순 외,대원사,20100910,요리
9788936310639,S000000608957,한국의 전통음식,"30,000","30,000",0%,3%,900,황혜성 외,교문사,20100825,요리
9791176881326,S000221338082,혈당의 배신,"19,800","17,820",10%,5%,990,박지인,모티브,20260923,건강
9791122022803,S000221367583,난치에서 완치로,"22,000","19,800",10%,5%,"1,100",문형철 외,건생병사북스,20260909,건강
9791197437311,S000001986541,백년허리 2: 치료편,"18,500","16,650",10%,5%,920,정선근,언탱글링,20210513,건강
9791176214537,S000221034296,건강한 세포는 말한다,"19,000","17,100",10%,5%,950,정완식,바른북스,20260827,건강
9791194368830,S000218731172,포에버 스트롱,"23,000","20,700",10%,5%,"1,150",가브리엘 라이언,상상스퀘어,20251217,건강
9791197437304,S000001986540,백년허리 1: 진단편,"18,500","16,650",10%,5%,920,정선근,언탱글링,20210415,건강
9788901299778,S000219791067,착한 염증 나쁜 염증,"21,000","18,900",10%,5%,"1,050",이승훈,웅진지식하우스,20260424,건강
9791198463807,S000220997024,잘잘잘 건강,"20,000","18,000",10%,5%,"1,000",무영 외,사람책,20260830,건강
9791124649480,S000220465455,나는 알코올중독 의사였습니다,"19,800","17,820",10%,5%,990,이준서,모티브,20260710,건강
9791173573699,S000216957024,뇌가 멈추기 전에,"19,900","17,910",10%,5%,990,이승훈,21세기북스,20250702,건강
9791197437373,S000213659856,백년목 1,"22,000","19,800",10%,5%,"1,100",정선근,언탱글링,20240625,건강
9791199962989,S000221257471,교양 식품과 건강,"22,000","19,800",10%,5%,"1,100",조유란,도서출판등,20260909,건강
9791167601322,S000220292977,우아한 노화,"18,800","16,920",10%,5%,940,김수연,북스고,20260626,건강
9791158464639,S000220100721,내 몸 오래 쓰는 백년 스트레칭,"19,000","17,100",10%,5%,950,김범수,비타북스,20260529,건강
9791190488662,S000219407452,감각의 뇌과학,"22,000","19,800",10%,5%,"1,100",문제일,코리아닷컴,20260315,건강
9791194755197,S000216423055,"암에 지는 사람, 암을 이기는 사람(무병장수 에디션)","19,000","17,100",10%,5%,950,김의신,쌤앤파커스,20250508,건강
9791197437380,S000213842023,백년목 2,"22,000","19,800",10%,5%,"1,100",정선근,언탱글링,20240718,건강
9791172102548,S000221250706,내 몸을 아는 힘,"18,500","16,650",10%,5%,920,박은지,동양북스,20260921,건강
9791159435423,S000218960888,비만록: 나는 마운자로를 맞는 의사다,"18,000","16,200",10%,5%,900,장형우,아침사과,20260120,건강
9791198648013,S000214976463,만성질환 자연치료 식이요법 갭스(GAPS diet),"33,000","29,700",10%,5%,"1,650",Natasha Campbell-McBride,겸엑스,20241216,건강
9788901285146,S000213667191,해독 혁명,"18,500","16,650",10%,5%,920,닥터 라이블리(최지영),웅진지식하우스,20240630,건강
9791189809621,S000211029600,병에 걸려도 잘 사는 법,"21,000","18,900",10%,5%,"1,050",김영길,서울셀렉션,20231106,건강
9791191378238,S000061757976,나영무 박사의 암 치유 기적의 운동,"17,000","15,300",10%,5%,850,나영무,체인지업,20220913,건강
9791168226180,S000220923757,식탁 위의 염증,"20,000","18,000",10%,5%,"1,000",김슬기,서사원,20260910,건강
9788965968580,S000221193501,치매인 줄 알았는데 우울증,"19,000","17,100",10%,5%,950,와다 히데키,흐름출판,20260908,건강
9791187330394,S000220211130,자가 수리점,"18,000","16,200",10%,5%,900,헨리 비일러,사이몬북스,20260701,건강
8809565330452,S000219862588,시니어 힐링 필사 노트: 마음글벗 - 성경 필사(큰글자도서)(노출제본),"16,000","11,200",30%,0%,0,베이직콘텐츠랩,베이직북스,20260511,건강
9788936481278,S000219795854,가짜 환자,"18,000","16,200",10%,5%,900,김현아,창비,20260424,건강
9791192376288,S000208575001,뇌전증 이야기,"19,800","17,820",10%,5%,990,김흥동,페이퍼로드,20230821,건강
9791196834005,S000001981146,백년운동,"19,500","17,550",10%,5%,970,정선근,아티잔,20191031,건강
9788967441791,S000001047356,환자 혁명,"15,000","13,500",10%,5%,750,조한경,에디터,20171111,건강
9788996035510,S000001587680,아사나 쁘라나야마 무드라 반다(한국어판),"31,000","27,900",10%,1%,310,한국요가출판사 편집부,한국요가출판사,20060101,건강
9791191443523,S000221194281,조은날하루의 항암 생존 레시피,"18,000","16,200",10%,5%,900,조은날하루,북핀,20260930,건강
9791124401385,S000221248771,당신의 마지막 피부과,"20,000","18,000",10%,5%,"1,000",박상영 외,나비의활주로,20260923,건강
9791163722724,S000221367748,백년양치질,"20,000","18,000",10%,5%,"1,000",허석모,소리내,20260920,건강
8809565330483,S000220616175,큰 글자 매일 필사: 명언,"12,000","8,400",30%,0%,0,다숲,은빛서재,20260914,건강
9791192806303,S000221162702,마스터,"16,800","15,120",10%,5%,840,케이(넥스트레벨힐러),케이미라클모닝,20260908,건강
9791124336182,S000221173636,이명은 어떻게 사라지는가,"25,000","22,500",10%,5%,"1,250",김영호,사이언스북스,20260831,건강
9791176611022,S000220923028,원시인 수면법,"24,000","21,600",10%,5%,"1,200",메레인 판더라르,21세기북스,20260826,건강
9791158464677,S000220931144,"그 통증, 사실은 턱관절이 문제입니다","18,500","16,650",10%,5%,920,박보라,비타북스,20260826,건강
9791124073353,S000220573910,자도 자도 피곤한 당신을 위한 수면 처방,"20,000","18,000",10%,5%,"1,000",이준용,미래의창,20260803,건강
9791124272589,S000220699641,한 번 배우면 평생 쓰는 해부학,"24,000","21,600",10%,5%,"1,200",하시모토 히사시,한스미디어,20260731,건강
8809565330476,S000220339984,큰 글자 매일 필사: 속담,"12,000","8,400",30%,0%,0,다숲,은빛서재,20260720,건강
9791199691445,S000220221512,콩팥 대회복,"17,800","16,020",10%,5%,890,고즈키 마사히로,북웨이브,20260709,건강
9791190227681,S000219931328,제시언니의 갱년기 수업,"19,800","17,820",10%,5%,990,제시언니,힘찬북스,20260518,건강
9791192156514,S000219930850,매일 두뇌 건강 트로트 필사,"17,800","16,020",10%,5%,890,HRS 학습센터,가위바위보,20260515,건강
8809416542270,S000220120863,어르신들을 위한 시니어 가로세로 낱말퍼즐,"13,500","9,450",30%,0%,0,정희경,달곰미디어,20260515,건강
9791159435508,S000219595938,남스어프로치,"29,000","26,100",10%,5%,"1,450",남준록 외,아침사과,20260406,건강
9791160322699,S000219544248,김명섭의 아나토미 헬스 교실,"24,800","22,320",10%,5%,"1,240",김명섭,싸이프레스,20260325,건강
8809565330407,S000219311357,시니어 힐링 필사 노트: 마음글벗 - 세계 명언 필사(큰글자도서)(노출제본),"16,000","11,200",30%,0%,0,베이직콘텐츠연구소,베이직북스,20260223,건강
8809416542249,S000219135434,어르신들을 위한 시니어 숨은그림찾기,"13,500","9,450",30%,0%,0,서석근,달곰미디어,20260115,건강
9791163144069,S000216290118,건강지속력,"18,000","16,200",10%,5%,900,조셉킴,보리출판사,20250415,건강
9791197987694,S000215523027,요가 아나토미,"32,000","28,800",10%,5%,"1,600",레슬리 카미노프 외,푸른솔,20250108,건강
9791194087014,S000215065685,스트레칭의 과학,"25,000","22,500",10%,5%,"1,250",리다 말렉,사이언스북스,20241231,건강
9791186745762,S000214846596,기적의 편식,"16,800","15,120",10%,5%,840,김주영,정말중요한,20241130,건강
9791158464271,S000214604344,"만병의 근원, 담적증후군","22,000","19,800",10%,5%,"1,100",최서형,헬스조선,20241030,건강
9791189809720,S000214846346,나를 살리는 생명 리셋,"24,800","22,320",10%,5%,"1,240",전홍준,서울셀렉션,20241021,건강
9791191136272,S000214197890,이명과 난청 리셋법,"17,700","15,930",10%,5%,880,기무라 시노부,청홍,20241010,건강
9791198055378,S000202652616,주디스의 회복 요가,"24,000","21,600",10%,5%,"1,200",주디스 핸슨 라세터,침묵의향기,20230614,건강
9791156162957,S000201055874,콩팥병을 이기는 매일 밥상,"18,000","16,200",10%,5%,900,어메이징푸드,리스컴,20230302,건강
9788967442491,S000200135471,"말기 암 진단 10년, 건강하게 잘 살고 있습니다","18,000","16,200",10%,5%,900,주마니아,에디터,20221107,건강
9791159433405,S000061442604,글루코스 혁명,"18,000","18,000",0%,3%,540,제시 인차우스페,아침사과,20220712,건강
9791159555824,S000001780564,췌장암 안내서,"30,000","30,000",0%,3%,900,김송철 외,군자출판사,20200731,건강
9788994950273,S000001559612,윤홍식의 용호비결 강의,"20,000","18,000",10%,5%,"1,000",윤홍식,봉황동래,20190111,건강
9791158462390,S000001767370,닥터키친의 맛있는 당뇨 밥상,"16,800","15,120",10%,5%,840,닥터키친 식이연구소,비타북스,20180601,건강
9788995797020,S000001581498,요가 디피카,"28,000","26,600",5%,5%,"1,400",B.K.S. 아헹가,선요가,20141215,건강
9791185020600,S000001861031,당뇨약 끊기 3개월 프로그램,"14,000","12,600",10%,5%,700,신동진,비타북스,20141125,건강
9791193842836,S000221354804,어떻게 나이 들지 배웁니다,"19,000","17,100",10%,5%,950,김광일,청림라이프,20261006,건강
9791170685296,S000221367536,통증의 착각 1,"21,000","21,000",0%,3%,630,조성형 외,군자출판사,20260921,건강
9791170685302,S000221368599,통증의 착각 2,"21,000","21,000",0%,3%,630,조성형 외,군자출판사,20260921,건강
9791199855588,S000221194201,집에서 치매 부모 돌보는 법,"24,000","21,600",10%,5%,"1,200",박창훈,디멘시아북스(DementiaBooks),20260915,건강
9791193659083,S000220957052,미소력,"19,000","17,100",10%,5%,950,김태형,헤세의서재,20260915,건강
9791194124245,S000221151674,내 마음에 꽃이 피었습니다: 꽃편,"14,000","12,600",10%,5%,700,건강 100세 연구원,비타민북,20260915,건강
9788925569321,S000221062108,김병곤의 평생 건강,"20,000","18,000",10%,5%,"1,000",김병곤,알에이치코리아,20260907,건강
9791198742179,S000221143299,홍정기의 장수근육 혁명,"19,800","17,820",10%,5%,990,홍정기,깸,20260915,건강
9788901300610,S000220991146,대사 리셋,"22,000","19,800",10%,5%,"1,100",벤 아자디,웅진지식하우스,20260825,건강
9791199524101,S000220723186,세계최초 생리학적 체중감량,"18,000","16,200",10%,5%,900,OX경제연구소,OX경제연구소,20260824,건강
9791124848005,S000220663382,술 패러독스,"22,000","19,800",10%,5%,"1,100",박상철,서울셀렉션,20260805,건강
9791124665015,S000220662625,척추 측만증 바르게 이해하기,"22,000","19,800",10%,5%,"1,100",김용정,서울의학서적,20260801,건강
9791186745984,S000220616117,미네랄은 어떻게 내 몸을 고치는가,"25,000","22,500",10%,5%,"1,250",제임스 디니콜란토니오 외,정말중요한,20260731,건강
9791199978195,S000220582802,실전교도소 건달운동법,"48,000","43,200",10%,5%,"2,400",시라소니한샘,시라소니컴퍼니(SIRASONY COMPANY),20260724,건강
9791199024670,S000220516435,아픈 사람의 99%는 장누수다,"20,000","18,000",10%,5%,"1,000",강신용,내몸사랑연구소,20260724,건강
9791187847236,S000220510264,"전립선암, 제대로 알고 제대로 치료하자","25,000","22,500",10%,5%,"1,250",변석수,와우라이프,20260720,건강
9791194124221,S000220293062,나는 쓴다 윤동주(큰글씨),"17,800","16,020",10%,5%,890,윤동주,비타민북,20260710,건강
9788997347285,S000220466727,혈관 해독: 10분 루틴,"25,000","22,500",10%,5%,"1,250",밸류어블라이프,THE나래,20260705,건강
9788976048196,S000220276012,완전 해독으로 내 몸 리셋,"19,800","17,820",10%,5%,990,박찬우,문예춘추사,20260630,건강
9791173326998,S000220296840,우리는 어떻게 다시 젊어지는가,"19,800","17,820",10%,5%,990,안강,김영사,20260630,건강
9788901300207,S000220356371,마흔부터 생존 감량,"19,500","17,550",10%,5%,970,김경곤,웅진지식하우스,20260629,건강
9791197606816,S000220218656,누구나 비만 탈출하기,"18,000","16,200",10%,5%,900,OX경제연구소,글로벌,20260626,건강
9791168624849,S000220240846,헝거코드,"22,000","19,800",10%,5%,"1,100",제이슨 펑,시그마북스,20260619,건강
9791124370698,S000220042233,체질혁명,"22,000","19,800",10%,5%,"1,100",체질닥터(박철진),모티브,20260529,건강
9791176560061,S000220054179,역노화 솔루션,"22,000","19,800",10%,5%,"1,100",장일영,페스트북,20260522,건강
9791170684619,S000220053930,풋살 부상 가이드,"20,000","18,000",10%,5%,"1,000",권병조 외,군자출판사,20260522,건강
9788927813637,S000219925858,살 빠지는 몸의 비밀,"19,000","17,100",10%,5%,950,아네테 삼스,중앙북스,20260507,건강
9791199269583,S000219918666,하루 10분 걷듯이 달렸을 뿐인데,"18,000","16,200",10%,5%,900,다나카 히로아키,향기책방,20260507,건강
9791186745960,S000219785819,안 아픈 아이 잘 낫는 아이 이렇게 키워라,"22,000","19,800",10%,5%,"1,100",엘리사 송,정말중요한,20260430,건강
9791193939512,S000219725308,첫 끼의 기적,"18,800","16,920",10%,5%,940,조승우,라곰,20260422,건강
9791194627265,S000219680920,100년 쓰는 몸을 만드는 걷기와 달리기,"20,000","18,000",10%,5%,"1,000",김병곤,웨일북(whalebooks),20260420,건강
9791175780194,S000219713029,하버드 식사 혁명,"17,800","16,020",10%,5%,890,하마야 리쿠타,부키,20260417,건강
9791157787500,S000219665365,"새로운, 걸으면 산다 2(큰글자도서)","15,000","13,500",10%,5%,750,김영길,맑은샘,20260407,건강
9791156374855,S000219570469,우리 산야에서 만나는 풀·나무 야생 약초 도감,"33,000","29,700",10%,5%,"1,650",약산,푸른행복,20260406,건강
8809565330438,S000219513854,시니어 힐링 필사 노트: 마음글벗 - 세계 명시 필사(큰글자도서)(노출제본),"16,000","11,200",30%,0%,0,베이직콘텐츠랩,베이직북스,20260403,건강
9791170684466,S000219616261,익숙함에 가려진 몸의 지혜,"25,000","22,500",10%,5%,"1,250",Moshe Feldenkrais,군자출판사,20260331,건강
9788927813590,S000219411961,젊음의 과학,"18,500","16,650",10%,5%,920,라라 헤메릭 외,중앙북스,20260330,건강
8809565330414,S000219311382,시니어 힐링 컬러링북: 풍경에 물들다,"17,000","11,900",30%,0%,0,김현경,베이직북스,20260317,건강
9788901299532,S000219386230,살찌지 않는 몸,"19,800","17,820",10%,5%,990,우창윤,웅진지식하우스,20260313,건강
9791194835226,S000219303009,사람을 살리는 음식 사람을 죽이는 음식,"22,000","19,800",10%,5%,"1,100",최철한,라의눈,20260303,건강
8809416542256,S000219377606,어르신들을 위한 시니어 틀린그림찾기,"13,500","9,450",30%,0%,0,달곰미디어 콘텐츠 연구소,달곰미디어,20260215,건강
9791199043640,S000218961115,"스콜리오엑스, 척추측만증의 모든 것","34,900","31,410",10%,5%,"1,740",오세일,비엠북스,20260110,건강
9791157787272,S000218790429,"새로운, 걸으면 산다 1(큰글자도서)","15,000","13,500",10%,5%,750,김영길,맑은샘,20251219,건강
9791191443462,S000218668076,100세 100문 언어 강화 두뇌 훈련,"12,000","10,800",10%,5%,600,WG Contents Group,북핀,20251210,건강
9791194368724,S000218576470,최박사의 운동 혁명,"25,000","22,500",10%,5%,"1,250",최문기,상상스퀘어,20251203,건강
9791194777755,S000218470316,하루 15분 호르몬 혁명,"20,000","18,000",10%,5%,"1,000",안철우,한스미디어,20251125,건강
9788968509216,S000218631284,췌장암 완치의 길로 가는 희망의 안내서,"17,000","17,000",0%,3%,510,박정엽 외,연세대학교출판문화원,20251120,건강
8809416542232,S000218615506,"어르신들을 위한 시니어 필사노트: 윤동주, 하늘과 바람과 별과 시","13,500","12,150",10%,5%,610,윤동주,달곰미디어,20251120,건강
9791199539204,S000218358580,명의가 필요한 순간,"18,800","16,920",10%,5%,940,양희,몽스북,20251107,건강
9788996336754,S000218315374,대학병원에서 못다 한 치주염과 임플란트 이야기,"18,000","16,200",10%,5%,900,김태일 외,XMLinkPress,20251031,건강
8809499070967,S000218235697,매일 10분 두뇌 훈련 8가지 인지능력 종합편,"19,800","13,860",30%,0%,0,한국치매교육협회 외,시원북스,20251028,건강
9791159435287,S000217586212,노화 치료의 시대,"25,000","22,500",10%,5%,"1,250",이영진,아침사과,20251001,건강
9791198742131,S000217394196,평생 현역으로 건강하게 사는 법,"19,800","17,820",10%,5%,990,이시형 외,깸,20250825,건강
9788964947562,S000217250692,뇌졸중 발 다리 재활 교과서,"18,900","17,010",10%,5%,940,가와히라 가즈미,보누스,20250812,건강
9791199388802,S000217249882,물의 요가 오다카,"18,000","16,200",10%,5%,900,프란체스카 카시아 외,흐르는삶,20250728,건강
9791186745908,S000217058126,식물성 기름의 배신,"25,000","22,500",10%,5%,"1,250",캐서린 섀너핸,정말중요한,20250725,건강
9791199165458,S000217058877,염증 정복,"18,800","16,920",10%,5%,940,송정숙,북아지트,20250721,건강
9791193200278,S000217120393,응꼬형과 함께 하는 변비 탈출 10계명,"22,000","19,800",10%,5%,"1,100",윤상민 외,어깨 위 망원경,20250716,건강
9791191443387,S000216880156,사계절 예쁜 꽃 시니어 컬러링북,"10,000","9,000",10%,5%,500,WG Contents Group,북핀,20250710,건강
9791194793069,S000216841738,"아토피, 당신 탓이 아닙니다","18,000","16,200",10%,5%,900,오츠카 아츠시,현익출판,20250623,건강
9791129715289,S000216668100,감량 혁명,"20,000","18,000",10%,5%,"1,000",김희준,메가스터디북스,20250604,건강
9788947501545,S000216297866,굿 에너지,"25,000","22,500",10%,5%,"1,250",케이시 민스 외,한국경제신문,20250418,건강
9788959408634,S000216255179,지방의 역설,"28,000","25,200",10%,5%,"1,400",니나 타이숄스,시대의창,20250417,건강
9791194321095,S000216226915,뫔,"18,000","16,200",10%,5%,900,이재형,아미북스,20250402,건강
9791169093668,S000215979495,성과학 마스터 클래스,"30,000","27,000",10%,5%,"1,500",에밀리 나고스키,글항아리,20250314,건강
9788927813330,S000215928020,세상에서 가장 알기 쉬운 근육연결도감 셀프케어편,"17,500","15,750",10%,5%,870,키마타 료,중앙북스,20250311,건강
9791192151960,S000215688759,3가지 체액이 내 몸을 살린다,"16,000","14,400",10%,5%,800,가타히라 에츠코,라의눈,20250203,건강
9791158464349,S000215579126,습관 하나로 평생 가벼워졌다,"19,000","17,100",10%,5%,950,닥터스윗비(이단비),비타북스,20250131,건강
9791170266945,S000215579136,"마흔부터, 인생은 근력입니다","18,000","16,200",10%,5%,900,최윤미,그로우웨일,20250125,건강
9791198804464,S000216885078,에스트로제닉 세대,"19,000","17,100",10%,5%,950,안소니 G. 제이,엠케이출판,20250114,건강
9791194087007,S000215065682,필라테스의 과학,"25,000","22,500",10%,5%,"1,250",트레이시 워드,사이언스북스,20241231,건강
9791197924231,S000214874818,건선 때문에 죽을 순 없잖아,"19,000","17,100",10%,5%,950,어니 코치(조언하),고위드북스,20241230,건강
9791171257768,S000214938081,불멸의 호르몬,"33,000","29,700",10%,5%,"1,650",안철우,시공사,20241212,건강
9791158773854,S000214648042,육식 혁명 카니보어,"20,000","18,000",10%,5%,"1,000",이소미 외,바이북스,20241205,건강
9791156374794,S000214645500,동의보감 건강약초 약차·약술,"39,800","35,820",10%,5%,"1,990",박종철,푸른행복,20241115,건강
9791168622944,S000214623286,치과의사가 알려주는 어른의 양치질,"17,000","15,300",10%,5%,850,이토 사이유,시그마북스,20241111,건강
9791193828083,S000214647046,"단지, 소고기","18,000","16,200",10%,5%,900,홍지수,MID(엠아이디),20241031,건강
9791198171733,S000214578957,건강 수명 100세 습관,"19,800","17,820",10%,5%,990,이가세 미치야,지식서가,20241025,건강
9791157063741,S000214597877,식단 혁명,"32,000","28,800",10%,5%,"1,600",조지아 에데,메디치미디어,20241022,건강
9791198096203,S000201404322,유전자를 바꾸는 식단,"19,500","17,550",10%,5%,970,캐서린 섀너핸 외,세이버스,20241021,건강
9791198902108,S000214627643,아토피 건선 2달이면 낫습니다,"15,000","13,500",10%,5%,750,김수남,도서출판 HK,20241005,건강
9791194223160,S000214403246,이번 생에 정신과는 처음이라,"19,800","17,820",10%,5%,990,닥터 온실,두드림미디어,20240927,건강
9791193555033,S000214308427,슬기로운 위와 장 건강생활,"17,000","15,300",10%,5%,850,송정숙,리더북스,20240919,건강
9791172100667,S000214094201,인지건강 증진을 위한 두뇌 훈련: 가을편 2,"14,500","13,050",10%,5%,720,탑클래스 두뇌발전소 외,동양북스,20240823,건강
9791172100650,S000214094207,인지건강 증진을 위한 두뇌 훈련: 가을편 1,"14,500","13,050",10%,5%,720,탑클래스 두뇌발전소 외,동양북스,20240823,건강
9791172100674,S000214094189,인지건강 증진을 위한 두뇌 훈련: 가을편 3,"14,500","13,050",10%,5%,720,탑클래스 두뇌발전소 외,동양북스,20240823,건강
9791189809690,S000214037713,보디 리셋,"22,000","19,800",10%,5%,"1,100",전홍준,서울셀렉션,20240819,건강
9791198858900,S000214262847,"최강의 다이어트, 카니보어 코드","22,000","19,800",10%,5%,"1,100",폴 살라디노,그라피,20240815,건강
9788964091487,S000214377660,황금 시니어 꽃 컬러링북,"12,000","10,800",10%,5%,600,방정희,윤미디어,20240815,건강
9791168091337,S000213990817,움직임의 법칙,"20,000","18,000",10%,5%,"1,000",운동하는 데이브(최충식),가나출판사,20240809,건강
9791198772916,S000213728553,캔서 위너,"19,000","17,100",10%,5%,950,김훈하 외,큐라엘,20240712,건강
9788946075191,S000213474377,정신역학의 기초,"36,000","32,400",10%,1%,360,정선재,한울아카데미,20240610,건강
8809565330292,S000213086235,시니어 힐링 컬러링북: 추억에 물들다,"17,000","11,900",30%,0%,0,김현경,베이직북스,20240518,건강
9791171175222,S000213019896,혈당 잡고 비만 잡고 노화 잡는 토탈 리셋,"19,800","17,820",10%,5%,990,이진복,21세기북스,20240417,건강
9788927880325,S000212806544,세상에서 가장 알기 쉬운 근육연결도감,"17,500","15,750",10%,5%,870,키마타 료,중앙북스,20240327,건강
9791171711697,S000212737877,약 없이 건강해지는 식습관 상담소,"19,500","17,550",10%,5%,970,박현아,위즈덤하우스,20240320,건강
9788964091470,S000212738752,장수 시니어 민화 컬러링북,"14,800","13,320",10%,5%,740,양명진,윤미디어,20240318,건강
9791130651415,S000212713969,완전 소화,"20,000","18,000",10%,5%,"1,000",류은경,다산라이프,20240314,건강
9791193677971,S000212221687,꿈의 진료실,"17,500","15,750",10%,5%,870,황윤권,타임교육C&P,20240205,건강
9791191136234,S000211915397,플로차트 정형외과 한약,"24,000","21,600",10%,1%,240,니미 마사노리 외,청홍,20240130,건강
9788964946718,S000211810438,치매를 낫게 하는 돌봄 교과서,"15,800","14,220",10%,5%,790,요시다 가쓰아키,보누스,20240115,건강
8809565330285,S000211775796,시니어 힐링 컬러링북: 꽃에 물들다,"17,000","11,900",30%,0%,0,김현경,베이직북스,20240112,건강
9791169837767,S000211496714,굿 바이 불면증,"18,000","16,200",10%,5%,900,정윤주,라라,20231124,건강
9791186552797,S000209650489,운동화 신은 뇌,"16,000","14,400",10%,5%,800,존 레이티 외,녹색지팡이,20231001,건강
9791191136173,S000209508756,공복 최고의 약,"16,900","15,210",10%,5%,840,아오키 아츠시,청홍,20230920,건강
9788978496926,S000208504316,New 근육운동가이드,"32,000","28,800",10%,5%,"1,600",프레데릭 데라비에,삼호미디어,20230831,건강
9788972245551,S000208469958,리포머 필라테스 파트2,"35,000","35,000",0%,0%,0,Reiner Grootenhuis,영문출판사,20230731,건강
9791191059434,S000203281789,진료실에서 못다 한 췌장암 이야기,"30,000","27,000",10%,5%,"1,500",김용태 외,영진미디어,20230727,건강
9791138821247,S000208431614,"파킨슨 씨, 우리 함께 걸어요","22,000","19,800",10%,5%,"1,100",김지선,좋은땅,20230724,건강
9791189657406,S000202632246,암을 굶기는 치료법,"23,000","23,000",0%,3%,690,Jane McLelland,한솔의학서적,20230610,건강
9791160079265,S000202209974,70세의 정답,"16,800","15,120",10%,5%,840,와다 히데키,한스미디어,20230523,건강
9788972245513,S000202182347,리포머 필라테스 파트1,"35,000","35,000",0%,0%,0,Reiner Grootenhuis,영문출판사,20230519,건강
9791189922429,S000201598704,어르신을 위한 화투 색칠하기,"14,000","12,600",10%,5%,700,미토스기획,오렌지연필,20230427,건강
9791189799915,S000201621679,내 장은 왜 우울할까,"22,000","19,800",10%,5%,"1,100",윌리엄 데이비스,북트리거,20230425,건강
9788925576732,S000201575515,치매라고 두려워 마라,"16,800","15,120",10%,5%,840,야부키 토모유키,알에이치코리아,20230420,건강
9791198160805,S000201464172,총알개미 4(큰글자도서),"20,000","18,000",10%,5%,"1,000",김영길,아마도,20230414,건강
9791185370590,S000201336431,셀프 마사지,"14,000","12,600",10%,5%,700,사키타 미나,잇북(it book),20230324,건강
9791191553536,S000201361015,"퇴근 후, 스트레칭","15,800","14,220",10%,5%,790,정민교,리얼북스,20230323,건강
9791158463939,S000201083549,최고의 콩팥병 식사 가이드,"16,800","15,120",10%,5%,840,해운대백병원 외,비타북스,20230301,건강
9791196717797,S000200686977,총알개미 3(큰글자도서),"20,000","18,000",10%,5%,"1,000",김영길,아마도,20230110,건강
9791188544929,S000200319598,해부생리학에 기초한 스트레칭 마스터,"25,000","22,500",10%,5%,"1,250",우에하라 다케시,전나무숲,20221209,건강
9791192223858,S000200152041,실버 케어 가이드북,"20,000","18,000",10%,5%,"1,000",김희상 외,한국교육평가인증서비스,20221208,건강
9788975471292,S000200195512,어르신 매일매일 즐거운 색칠하기,"12,800","11,520",10%,5%,640,치매예방교육회,이가출판사,20221123,건강
9788964945841,S000200038167,질병 구조 교과서,"19,500","17,550",10%,5%,970,윤경희,보누스,20221014,건강
9791197944857,S000061758098,쉬운당뇨(당뇨식사법),"26,000","23,400",10%,5%,"1,300",닥터다이어리,닥터다이어리,20220907,건강
9791197052972,S000061586130,어르신들의 색칠공부: 꽃,"14,000","12,600",10%,5%,700,퍼즐북 편집부,퍼즐북,20220730,건강
9791197052989,S000061671967,어르신들의 색칠공부: 우리의 추억,"14,000","12,600",10%,5%,700,퍼즐북 편집부,퍼즐북,20220730,건강
9788972245377,S000061351313,척추측만 비대칭을 위한 재활 필라테스,"35,000","35,000",0%,0%,0,Suzanne Martin,영문출판사,20220720,건강
9791197714313,S000061354437,시니어 색칠공부 첫걸음: 우리풍경 편,"15,000","13,500",10%,5%,750,스마일시니어 편집부,스마일시니어,20220602,건강
9791159558832,S000060625110,상한금궤 처방 강의록,"40,000","40,000",0%,3%,"1,200",황황,군자출판사,20220527,건강
9791170521365,S000061353421,처음 만나는 알렉산더 테크닉,"21,000","18,900",10%,5%,"1,050",김수연,판미동,20220504,건강
9791196717780,S000060629104,총알개미 2(큰글자도서),"20,000","18,000",10%,5%,"1,000",김영길,아마도,20220420,건강
9791168411098,S000001852731,병을 무서워하지 않습니다,"18,000","16,200",10%,5%,900,이승훈,북폴리오,20220320,건강
9791158463687,S000001767448,발과 발목에 문제가 생겼습니다,"17,000","15,300",10%,5%,850,서상교,비타북스,20211220,건강
9791197052958,S000001983233,어르신들의 틀린그림찾기: 우리의 24절기(두뇌 트레이닝을 위한)(치매예방을 위한 두뇌트레이닝 시리즈 1),"14,000","12,600",10%,5%,700,퍼즐북 편집부,퍼즐북,20211220,건강
9791190616485,S000001942141,열방약국 유방암 상담소,"16,000","14,400",10%,5%,800,김훈하,리더북스,20211115,건강
9791158463618,S000001767444,면역 습관,"15,000","13,500",10%,5%,750,이병욱,비타북스,20210910,건강
9788956593975,S000000827811,심플 키토 라이프 + 다이어리 세트(한정판),"13,500","12,150",10%,5%,670,황연수,예문,20210802,건강
9791191187496,S000001948747,강경원의 백 투 베이직,"19,500","17,550",10%,5%,970,강경원,세미콜론,20210722,건강
9791188700844,S000001917671,최강의 식물식,"18,000","16,200",10%,5%,900,윌 벌서위츠,청림라이프,20210714,건강
9791187512516,S000001902954,천재의 식단,"19,500","17,550",10%,5%,970,맥스 루가비어 외,앵글북스,20210430,건강
9791188364237,S000001913675,하루 3분 바라만 보면 눈이 좋아지는 책,"9,000","8,100",10%,5%,450,히비노 사와코 외,유나,20210220,건강
9788973277001,S000001134351,몸의 혁명(큰글자책),"30,000","27,000",10%,1%,300,김철,백산서당,20210131,건강
9791191192070,S000001948830,허리디스크 절대로 수술하지 마라,"15,800","14,220",10%,5%,790,이동엽,가쎄,20210128,건강
9788970934471,S000001090970,통증 자연치유 요가(Mindfullness Self 힐링요가),"20,000","20,000",0%,3%,600,이경희,광문각,20210125,건강
9788961412643,S000000947449,우리가 몰랐던 백신의 놀라운 비밀,"15,000","13,500",10%,5%,750,후나세 순스케,중앙생활사,20210125,건강
9788992985789,S000001515880,무엇을 먹을 것인가,"22,000","19,800",10%,5%,"1,100",콜린 캠벨 외,열린과학,20201231,건강
9788972244899,S000001116073,필라테스 교과서 캐딜락 파트 2,"35,000","35,000",0%,0%,0,Reiner Grootenhuis,영문출판사,20201222,건강
9788995987056,S000001586469,슈퍼 당근 암을 죽였다,"17,600","15,840",10%,5%,880,앤 카메론,루홀,20200601,건강
9788964944141,S000001013215,혈관 내장 구조 교과서,"17,800","16,020",10%,5%,890,노가미 하루오 외,보누스,20200220,건강
9788964944127,S000001013213,뇌 신경 구조 교과서,"17,800","16,020",10%,5%,890,노가미 하루오,보누스,20200107,건강
9788986767490,S000001368056,이왕재 교수의 비타민C 이야기,"16,000","14,400",10%,5%,800,이왕재,라온누리,20191112,건강
9788992162852,S000001494842,365 브레인 피트니스 8,"12,000","10,800",10%,5%,600,박흥석 외,허원북스,20191031,건강
9791156027317,S000001732974,리스토러티브 요가,"25,000","22,500",10%,5%,"1,250",최다희,행복에너지,20190801,건강
9791196362225,S000001975320,"유방암, 굿바이","22,000","19,800",10%,5%,"1,100",박경희 외,봄이다프로젝트,20190624,건강
9791155429747,S000001725065,몸이 되살아나는 장 습관,"15,000","13,500",10%,5%,750,김남규,매일경제신문사,20190615,건강
9788992162838,S000001494840,365 브레인 피트니스 7,"12,000","10,800",10%,5%,600,박흥석 외,허원북스,20190525,건강
9788957751954,S000000857754,어깨 펴면 통증 없이 100세까지 살 수 있다,"27,000","24,300",10%,5%,"1,350",박희준,아마존북스,20190305,건강
9788997436903,S000001616575,스타팅 스트렝스,"32,000","32,000",0%,3%,960,마크 리피토,대성의학사,20190213,건강
9791187512394,S000001902949,짠맛의 힘,"17,500","15,750",10%,5%,870,김은숙 외,앵글북스,20190130,건강
9788972244448,S000001116028,요가 시퀀싱,"35,000","35,000",0%,3%,"1,050",Mark Stephens,영문출판사,20181228,건강
9788992162814,S000001494838,365 브레인 피트니스 6,"12,000","10,800",10%,5%,600,박흥석 외,허원북스,20181130,건강
9791162228531,S000001809920,남창규 박사가 쓴 인체파동원리(치료편),"19,500","17,550",10%,5%,970,남창규,좋은땅,20181124,건강
9788996686620,S000001601655,허리통증 허리디스크 척추관협착증 완치법,"18,000","16,200",10%,1%,180,장형석,건강한책,20181109,건강
9788992162791,S000001494836,365 브레인 피트니스 5,"12,000","10,800",10%,5%,600,박흥석 외,허원북스,20180831,건강
9788992162784,S000001494835,365 브레인 피트니스 4,"12,000","10,800",10%,5%,600,박흥석 외,허원북스,20180731,건강
9791188544097,S000218781870,프로바이오틱스,"5,000","4,500",10%,5%,250,전나무숲,전나무숲,20180521,건강
9788925563275,S000000478809,늙지 않는 비밀,"25,000","22,500",10%,5%,"1,250",엘리자베스 블랙번 외,알에이치코리아,20180226,건강
9791195407897,S000001961786,체질침의 새로운 처방 ZBPset,"23,000","20,700",10%,1%,230,임상8체질연구회 ,행림서원,20171230,건강
9791186039755,S000001878311,발이 건강하면 병의 90%는 낫는다,"15,000","13,500",10%,5%,750,이재욱,라의눈,20170403,건강
9788972243984,S000001115983,요가 기능해부학,"35,000","35,000",0%,3%,"1,050",데이비드 카일,영문출판사,20170330,건강
9788991310230,S000001471108,기적의 3분 시력운동 달력,"12,500","11,250",10%,5%,620,히비노 사와코,이덴슬리벨,20170112,건강
9791185459578,S000001868279,병의 90%는 걷기만 해도 낫는다,"13,500","12,150",10%,5%,670,나가오 가즈히로,북라이프,20160926,건강
9788972243847,S000001115970,정석 필라테스,"30,000","30,000",0%,3%,900,Rael Isacowitz,영문출판사,20160530,건강
9788997125951,S000001609329,건강검진 사용 설명서,"13,000","11,700",10%,5%,650,KMI한국의학연구소 외,싸이프레스,20160510,건강
9791157761760,S000001759326,나는 대한민국 물리치료사다,"13,000","11,700",10%,5%,650,이문환,책과나무,20160401,건강
9788973275045,S000001134287,몸 펴면 살고 굽으면 죽는다 2,"20,000","18,000",10%,5%,"1,000",이범,백산서당,20151027,건강
9788973275038,S000001134286,몸 펴면 살고 굽으면 죽는다 1,"20,000","18,000",10%,5%,"1,000",이범,백산서당,20151027,건강
9788995797082,S000001581503,요가 수트라,"28,000","25,200",10%,1%,280,B.K.S. 아헹가,선요가,20150212,건강
9788994950037,S000001559602,단학,"16,000","14,400",10%,5%,800,윤홍식,봉황동래,20150111,건강
9788996035527,S000001587681,꾼달리니 딴뜨라,"31,000","27,900",10%,1%,310,스와미 싸띠아난다 사라스와띠,한국요가출판사,20140501,건강
9788934966371,S000000596853,새로 만든 내몸 사용설명서,"18,500","16,650",10%,5%,920,마이클 로이젠 외,김영사,20140214,건강
9788984057395,S000001301614,의사에게 살해당하지 않는 47가지 방법,"16,800","15,120",10%,5%,840,곤도 마코토,더난출판사,20131202,건강
9788967440190,S000001047323,비우고 낮추면 반드시 낫는다,"15,000","13,500",10%,5%,750,전홍준,에디터,20131111,건강
9788960179110,S000000920070,놓아버림,"19,000","17,100",10%,5%,950,데이비드 호킨스,판미동,20131010,건강
9788974255992,S000001152802,천연식초를 알면 암은 없다,"12,000","10,800",10%,5%,600,구관모,국일미디어,20130506,건강
9788997125234,S000001609271,맨즈헬스 빅북 2: 15분 운동법,"27,800","25,020",10%,5%,"1,390",셀렌 예거 외,싸이프레스,20121219,건강
9788997436330,S000001616531,교정운동 솔루션,"50,000","50,000",0%,3%,"1,500",에반 오사르,대성의학사,20120810,건강
9788994310039,S000001546543,아침밥 절대로 먹지마라,"12,000","10,800",10%,5%,600,마쓰이 지로,펜하우스,20120630,건강
9788992037969,S000001491479,내 몸이 최고의 의사다,"13,000","11,700",10%,5%,650,임동규,에디터,20120323,건강
9788994139036,S000001542690,어싱,"17,000","17,000",0%,3%,510,클린턴 오버 외,히어나우시스템,20110915,건강
9788993357608,S000001524053,최고의 당뇨병 식사 가이드,"19,500","17,550",10%,5%,970,차봉수 외,비타북스,20110820,건강
9788956991221,S000000838964,뇌호흡,"20,000","18,000",10%,5%,"1,000",이승헌,한문화,20110810,건강
9788955966169,S000000812765,Stop Smoking(스탑 스모킹),"24,000","21,600",10%,1%,240,알렌 카,한언,20110131,건강
9788991596283,S000001479548,칼 융과 차크라,"15,000","13,500",10%,5%,750,아놀드 비틀링어,슈리크리슈나다스아쉬람,20100625,건강
9788959382248,S000000896570,임상 아로마테라피,"18,000","18,000",0%,3%,540,오홍근,아카데미아,20100301,건강
9788978494113,S000001217553,암 치료에 꼭 필요한 암 식단 가이드,"15,000","13,500",10%,5%,750,연세암센터 외,삼호미디어,20091130,건강
9788919203286,S000000455794,통속한의학 원론,"18,000","16,200",10%,5%,900,조헌영,학원사,20070301,건강
9788988794739,S000001406780,갑상선 클리닉,"15,000","15,000",0%,3%,450,안세영,성보사,20040507,건강
9788985541787,S000001342078,누우면 죽고 걸으면 산다 1,"14,000","12,600",10%,5%,700,김영길,사람과사람,20040105,건강
9791176821803,S000221337190,스포츠 AX 대전환,"18,500","16,650",10%,5%,920,홍원표,미다스북스,20260930,취미/실용/스포츠
9788927813644,S000220272478,머도쿠,"23,000","20,700",10%,5%,"1,150",마누엘 가란드,중앙북스,20260618,취미/실용/스포츠
9788927812975,S000061350533,당신은 사건 현장에 있습니다,"28,000","25,200",10%,5%,"1,400",모데스토 가르시아,중앙북스,20220530,취미/실용/스포츠
9791155719701,S000221143185,더 챔피언(The Champion)(2026-2027),"32,000","28,800",10%,5%,"1,600",송영주 외,맥스미디어,20260922,취미/실용/스포츠
9791124272855,S000221354453,털실타래 Vol.17 (2026년 가을호),"24,000","21,600",10%,5%,"1,200",일본 보그사,한스미디어,20260930,취미/실용/스포츠
9791172102418,S000221031482,가장 쉬운 독학 타로카드 첫걸음,"29,800","26,820",10%,5%,"1,490",타로 알려주는 남자(김지훈),동양북스,20260810,취미/실용/스포츠
9788927813361,S000216453428,당신은 사건 현장에 있습니다 시즌 3,"28,000","25,200",10%,5%,"1,400",모데스토 가르시아,중앙북스,20250513,취미/실용/스포츠
9788927879718,S000201419276,당신은 사건 현장에 있습니다 시즌 2,"28,000","25,200",10%,5%,"1,400",모데스토 가르시아,중앙북스,20230403,취미/실용/스포츠
9791196535032,S000001977636,스도쿠 1(초급/중급),"7,000","6,300",10%,5%,350,수피아편집기획팀,수피아(supia),20190518,취미/실용/스포츠
9791124656099,S000221161711,암호 추리 퍼즐 144,"17,000","15,300",10%,5%,850,룸메이커 백종원 외,한빛라이프,20260907,취미/실용/스포츠
9791190818445,S000218729682,스프링북 가로세로 낱말퍼즐,"11,900","10,710",10%,5%,590,김형배,시간과공간사,20260120,취미/실용/스포츠
9791169780940,S000221075120,20262027 아틀레티코 마드리드 가이드북,"20,000","18,000",10%,5%,"1,000",한준,브레인스토어,20260928,취미/실용/스포츠
9791167184351,S000221327758,네모네모 로직 PLUS 고급편 7,"13,000","11,700",10%,5%,650,제우미디어 편집부,제우미디어,20260917,취미/실용/스포츠
9791188554980,S000221151021,처음 시작하는 모눈뜨기,"16,800","15,120",10%,5%,840,애플민트,지금이책,20260915,취미/실용/스포츠
9791169780797,S000219252659,2026 프로야구 가이드북,"29,000","26,100",10%,5%,"1,450",나유리 외,브레인스토어,20260403,취미/실용/스포츠
9788925572765,S000219378277,F1 더 포뮬러,"22,000","19,800",10%,5%,"1,100",조슈아 로빈슨 외,알에이치코리아,20260320,취미/실용/스포츠
9791194456254,S000219545701,ACSM's 운동검사 운동처방 지침,"30,000","30,000",0%,3%,900,ACSM,한미의학,20260225,취미/실용/스포츠
9791142342110,S000219145493,소워니놀이터 숲속마을 스퀴시북,"20,000","18,000",10%,5%,"1,000",조윤성(소워니놀이터),대원앤북,20260205,취미/실용/스포츠
9788947501613,S000216646874,벤 호건 골프의 기본,"22,000","19,800",10%,5%,"1,100",벤 호건 외,한국경제신문,20250530,취미/실용/스포츠
9788936629038,S000216124579,당구에 미치다,"32,000","28,800",10%,5%,"1,600",신용인 외,일신서적출판사,20250410,취미/실용/스포츠
9791172100773,S000214625981,knits pour moi 나를 위한 뜨개,"31,500","28,350",10%,5%,"1,570",김수민,동양북스,20241028,취미/실용/스포츠
9791188150649,S000210428433,체육측정평가,"25,000","22,500",10%,5%,"1,250",조정환 외,위북스,20230831,취미/실용/스포츠
9788927879947,S000208710089,크라임 퍼즐,"19,500","17,550",10%,5%,970,G.T.Karber,중앙북스,20230811,취미/실용/스포츠
9791188546275,S000001915945,마기카로기아: 기본룰북,"32,000","32,000",0%,3%,960,카와시마 토이치로 외,티알피지클럽(TRPG CLUB),20200731,취미/실용/스포츠
9791160074352,S000001788184,가장 친절한 타로,"22,000","19,800",10%,5%,"1,100",LUA,한스미디어,20191119,취미/실용/스포츠
9788971429914,S000001100374,스프링북 스도쿠 1(초급 중급),"7,500","6,750",10%,5%,370,스도쿠 존 연구소 외,시간과공간사,20180108,취미/실용/스포츠
9788971429921,S000001100375,스프링북 스도쿠 2(고급 고수),"7,500","6,750",10%,5%,370,스도쿠 존 연구소 외,시간과공간사,20180108,취미/실용/스포츠
9791199242722,S000221250698,두뇌 트레이닝 스도쿠 : 초급.중급,"11,000","9,900",10%,5%,550,브레인 로직,수피아(supia),20260930,취미/실용/스포츠
8809499071070,S000221268822,뿌미맘 가계부 (2027),"17,000","11,900",30%,0%,0,상큼한 뿌미맘 차지선,시원북스,20260916,취미/실용/스포츠
9791158952051,S000221281269,자르지 않고 한 장으로 접는 곤충 종이접기,"18,000","16,200",10%,5%,900,후지모토 무네지,봄봄스쿨,20260914,취미/실용/스포츠
9788979294958,S000221161798,캔디 컬러 코바늘 뜨개,"16,800","15,120",10%,5%,840,코로루루,온밤,20260910,취미/실용/스포츠
9788964948071,S000220996814,슈퍼 가쿠로 초급 중급,"8,800","7,920",10%,5%,440,퍼즐러 미디어 리미티드,보누스,20260910,취미/실용/스포츠
8800319848346,S000221242509,"하루 한 장, 100일의 두뇌 훈련 스도쿠 챌린지: Easy","7,800","3,900",50%,0%,0,참돌 편집부,참돌,20260908,취미/실용/스포츠
9791136043740,S000221048964,2027 에듀윌 스포츠지도사 필기 한권끝장(빈출이론+기출문제+모의고사+무료특강),"32,000","28,800",10%,5%,"1,600",정수봉 외,에듀윌,20260902,취미/실용/스포츠
9791155362495,S000220735625,독학으로 시작하는 재봉틀,"25,000","22,500",10%,5%,"1,250",제리,즐거운상상,20260811,취미/실용/스포츠
9791159434921,S000220120519,운동제어와 학습의 역동성,"38,000","38,000",0%,3%,"1,140",류영욱,범문에듀케이션,20260701,취미/실용/스포츠
9791188554959,S000220165865,모티브 연결 패턴과 베리에이션,"17,500","15,750",10%,5%,870,사카이 하나,지금이책,20260620,취미/실용/스포츠
9791124370674,S000220110931,골프 스윙의 정석,"22,000","19,800",10%,5%,"1,100",김민준,모티브,20260607,취미/실용/스포츠
9791185676883,S000220104067,츠무기 공방의 대바늘 뜨개 인형,"18,000","16,200",10%,5%,900,츠무기 공방,윌스타일(WILLSTYLE),20260526,취미/실용/스포츠
9791124392003,S000219550425,SUDOKU 스도쿠,"8,500","7,650",10%,5%,420,다온북스 편집부,다온북스,20260327,취미/실용/스포츠
9791194687450,S000219607553,미꽃체 마스터북,"18,800","16,920",10%,5%,940,미꽃 최현미,시원북스,20260310,취미/실용/스포츠
9791191834505,S000219252364,2026 장승규의 스포츠경영관리사 실기 키포인트,"28,000","25,200",10%,5%,"1,400",장승규,지식닷컴,20260201,취미/실용/스포츠
9791193810088,S000218268813,겨울정원,"28,000","25,200",10%,5%,"1,400",김장훈,가지,20251115,취미/실용/스포츠
9791138847742,S000218083366,반셀프 인테리어 교과서,"22,000","19,800",10%,5%,"1,100",미대오빠(이제희),좋은땅,20250917,취미/실용/스포츠
9791188554881,S000217394934,대바늘 손뜨개의 시작코 & 코막음 핸드북,"18,000","16,200",10%,5%,900,니시무라 도모코,지금이책,20250830,취미/실용/스포츠
9788920053535,S000217135131,DK 개 백과사전,"44,000","39,600",10%,5%,"2,200",DK 백과사전 편집위원회,지식의날개,20250818,취미/실용/스포츠
9791191895407,S000217222617,The 모두의 스도쿠 No1,"4,900","4,410",10%,5%,240,스도쿠 크리에이터,랜딩북스,20250808,취미/실용/스포츠
9788927813392,S000217164418,당신은 사건 현장에 있습니다 1 2 3 Special Edition,"84,000","75,600",10%,5%,"4,200",모데스토 가르시아,중앙북스,20250728,취미/실용/스포츠
9791185676814,S000216667864,M·L·XL 사이즈로 뜨는 남자 니트 셀렉션,"18,000","16,200",10%,5%,900,일본 보그사,윌스타일(WILLSTYLE),20250523,취미/실용/스포츠
9791192179193,S000216683290,데코폴리 스티커 컬러링 북: 꽃과 소녀,"24,000","21,600",10%,5%,"1,200",DNA디자인 편집부,DNA디자인,20250520,취미/실용/스포츠
9791194383154,S000216256002,"그랑프리, 그림으로 보는 F1 역사","36,000","36,000",0%,5%,"1,800",윌 벅스턴,골든래빗(주),20250401,취미/실용/스포츠
9791197831782,S000216063724,포에버 도그 라이프,"28,500","25,650",10%,5%,"1,420",로드니 하비브 외,코쿤북스,20250323,취미/실용/스포츠
9788956545745,S000215816924,체육수업모형,"34,000","30,600",10%,5%,"1,700",Michael Meltzer 외,대한미디어,20250301,취미/실용/스포츠
9791193712610,S000214883112,대바늘 뜨개 대백과,"75,000","67,500",10%,5%,"3,750",보그 니팅 매거진 편집부,한스미디어,20241129,취미/실용/스포츠
9791167184764,S000214598998,나의 첫 손뜨개: 3일 안에 만드는 모자와 목도리,"19,800","17,820",10%,1%,190,미카 외,제우미디어,20241024,취미/실용/스포츠
9791193712566,S000214597692,대바늘 니트 사이즈 조정 핸드북,"18,500","16,650",10%,5%,920,일본 보그사,한스미디어,20241023,취미/실용/스포츠
9788978497084,S000214081184,현대 축구 전술 바이블,"20,000","18,000",10%,5%,"1,000",토비아스 에셔,삼호미디어,20240830,취미/실용/스포츠
9791197776991,S000213900306,두뇌가 좋아하는 스도쿠 3(고급/고수),"11,000","9,900",10%,5%,550,수피아 편집기획팀,수피아,20240731,취미/실용/스포츠
9791188554799,S000212675564,아무히비 니트 북,"16,800","15,120",10%,5%,840,우메모토 미키코,지금이책,20240330,취미/실용/스포츠
9788993245509,S000212650166,파크골프 표준교재(2024),"14,000","12,600",10%,5%,700,대한파크골프협회,대한파크골프협회,20240222,취미/실용/스포츠
9788901276526,S000210964535,김대리의 데일리 뜨개,"21,000","18,900",10%,5%,"1,050",바늘이야기 김대리,웅진리빙하우스,20231108,취미/실용/스포츠
9791161507200,S000202801381,New 미꽃체 손글씨 노트,"16,700","15,030",10%,5%,830,최현미(미꽃),시원북스,20230627,취미/실용/스포츠
9791160078992,S000201081405,손뜨개꽃길의 사계절 코바늘 플라워,"22,000","19,800",10%,5%,"1,100",박경조,한스미디어,20230228,취미/실용/스포츠
9791197225833,S000201425204,유니버셜 웨이트 타로카드 북세트(한글판),"32,000","28,800",10%,5%,"1,600",유에스게임즈 외,운트,20230225,취미/실용/스포츠
9788959529605,S000000900002,네모네모 로직 Plus: 고급편 1,"12,000","10,800",10%,1%,120,제우미디어,제우미디어,20200918,취미/실용/스포츠
9788959528967,S000000899988,네모네모 로직 Plus 1,"12,000","10,800",10%,5%,600,제우미디어,제우미디어,20200520,취미/실용/스포츠
9791196535049,S000001977637,스도쿠 2(중급/고급),"7,000","6,300",10%,5%,350,수피아편집기획팀,수피아(supia),20190527,취미/실용/스포츠
9788964898796,S000001012633,홀덤의 정석: 입문편,"22,000","19,800",10%,5%,"1,100",J. K. H.,생각나눔,20180814,취미/실용/스포츠
9788964943236,S000001013139,멘사 스도쿠 프리미어 500,"8,800","7,920",10%,5%,440,피터 고든 외,보누스,20180115,취미/실용/스포츠
9788964942789,S000001013103,슈퍼 스도쿠 인피니티,"7,000","6,300",10%,5%,350,마인드 게임,보누스,20170224,취미/실용/스포츠
9788988060391,S000001391156,크툴루의 부름: 수호자 룰북,"38,000","34,200",10%,5%,"1,900",샌디 피터슨 외,초여명,20161130,취미/실용/스포츠
9788988060261,S000001391143,피아스코,"16,000","14,400",10%,5%,800,제이슨 모닝스타,초여명,20150228,취미/실용/스포츠
9791143419354,S000221162183,2027 시대에듀 건강운동관리사 필기+실기 한권으로 끝내기,"35,000","31,500",10%,5%,"1,750",강명성 외,시대고시기획,20261008,취미/실용/스포츠
9791143419361,S000221162191,2027 시대에듀 건강운동관리사 필기 7개년 기출문제집 한권으로 끝내기,"30,000","27,000",10%,5%,"1,500",김현규 외,시대고시기획,20261008,취미/실용/스포츠
9788979294972,S000221373599,털몽치의 매일 들고 싶은 코바늘 가방,"16,800","15,120",10%,5%,840,털몽치(장예윤),온밤,20261001,취미/실용/스포츠
9791169780926,S000221063661,20262027 아스널 가이드북,"18,000","16,200",10%,5%,900,이완우,브레인스토어,20260928,취미/실용/스포츠
9788964980958,S000221364445,스포츠 근손상과 근골격계 초음파,"95,000","85,500",10%,5%,"4,750",정효준 외,신흥메드싸이언스,20260918,취미/실용/스포츠
9791174578365,S000221354800,K코치와 함께 시작하는 인생 첫 러닝,"20,000","18,000",10%,5%,"1,000",케이만석,이담북스,20260918,취미/실용/스포츠
9791122041408,S000221164722,쇼와인테리어스타일,"28,500","25,650",10%,5%,"1,420",그래픽샤 편집부,청담출판사,20260915,취미/실용/스포츠
8809479180228,S000221358513,2027 맘마미아 가계부,"12,000","10,800",10%,5%,540,맘마미아,진서원,20260915,취미/실용/스포츠
9791198547330,S000219569744,KKF 독 피트니스 1,"35,000","31,500",10%,5%,"1,750",신덕호 외 11명,한국애견연맹,20260911,취미/실용/스포츠
9791169780919,S000220871056,20262027 리버풀 가이드북,"18,000","16,200",10%,5%,900,남윤성,브레인스토어,20260911,취미/실용/스포츠
9788962065992,S000221109437,스포츠심리학의 정석,"27,000","24,300",10%,5%,"1,350",김병준,레인보우북스,20260901,취미/실용/스포츠
9791167376732,S000220870305,러브 클로젯 연구실,"22,000","19,800",10%,5%,"1,100",맥시,은행나무,20260831,취미/실용/스포츠
9791167376725,S000220870312,루시드 드림 연구실,"22,000","19,800",10%,5%,"1,100",맹수상점,은행나무,20260831,취미/실용/스포츠
9791124272732,S000221048343,크로셰 훅 아웃!,"33,000","29,700",10%,5%,"1,650",몰라 밀스,한스미디어,20260828,취미/실용/스포츠
9791169021258,S000221162963,매출 1위 트레이너의 초단기 성장 노하우 47가지,"18,000","16,200",10%,5%,900,김영수,이새의나무,20260828,취미/실용/스포츠
9791124392119,S000221144936,스도쿠(SUDOKU) 3,"8,500","7,650",10%,5%,420,다온북스 편집부,다온북스,20260828,취미/실용/스포츠
8809883770206,S000221031943,"2027 CALENDAR  적정, 고요를 마주하다(탁상용)(달력)","15,000","13,500",10%,5%,680,유동영,불광출판사,20260825,취미/실용/스포츠
9791174577108,S000220859625,나무 의자,"33,000","29,700",10%,5%,"1,650",이경찬,크루,20260814,취미/실용/스포츠
9791199485310,S000220844639,6개월 만에 싱글,"13,000","11,700",10%,5%,650,김동민,미디어쉼,20260814,취미/실용/스포츠
9791199701748,S000220701270,가장쉽게 파크골프,"20,000","18,000",10%,5%,"1,000",천은실,시리쌤,20260811,취미/실용/스포츠
9791191895506,S000220694419,The 스도쿠 퍼즐(고급),"4,900","4,410",10%,5%,240,스도쿠 크리에이터,랜딩북스,20260807,취미/실용/스포츠
9791199358775,S000220499922,축구 연습 메뉴 200,"20,000","18,000",10%,5%,"1,000",스에모토 료타,삼호북스,20260710,취미/실용/스포츠
9791124147023,S000220447987,강아지가 하는 말,"17,000","15,300",10%,5%,850,릴리 친,책공장더불어,20260707,취미/실용/스포츠
9791199290020,S000220454031,일본 게임의 역사: 비디오 게임 연대기 1972-2026,"16,800","15,120",10%,5%,840,이와사키 히로마사,문예사학,20260701,취미/실용/스포츠
9791168226067,S000220307639,더포스 현이쌤의 알짜 수영 레슨,"22,000","19,800",10%,5%,"1,100",이현이,서사원,20260630,취미/실용/스포츠
9791167695284,S000220307609,지금 바로 쓸 수 있는 마작 테크닉 136,"16,000","14,400",10%,5%,800,센바 쿠로노,길찾기,20260630,취미/실용/스포츠
9791194793700,S000220049294,스포츠의학으로 읽는 목과 어깨,"26,000","23,400",10%,5%,"1,300",이동진,현익출판,20260622,취미/실용/스포츠
9791192366692,S000220281327,진짜 기본 홈가드닝책,"28,000","25,200",10%,5%,"1,400",신선아,레시피팩토리,20260618,취미/실용/스포츠
9791167184344,S000220273383,네모네모 로직 PLUS 13,"12,000","10,800",10%,5%,600,제우미디어 편집부,제우미디어,20260618,취미/실용/스포츠
9791176430272,S000220216659,희로애락이 담긴 축구의 도파민,"22,000","19,800",10%,5%,"1,100",허지훈,생각나눔,20260615,취미/실용/스포츠
9791143412287,S000219570200,시대에듀 답만 외우는 동력수상레저기구 일반조종면허 1·2급(필기+실기) 문제은행 700제,"21,000","18,900",10%,5%,"1,050",동력수상레저기구연구소,시대고시기획,20260610,취미/실용/스포츠
9788947502771,S000220101451,머드리 X 김교수 테니스 마스터 클래스,"22,000","19,800",10%,5%,"1,100",이형택 외,한국경제신문,20260528,취미/실용/스포츠
9791194793632,S000219796842,스포츠의학이 쉬워지는 근육 구조 대백과,"25,000","22,500",10%,5%,"1,250",사카이 타쓰오,현익출판,20260520,취미/실용/스포츠
9791124537008,S000220568874,버디 서스펜스 TRPG 둘이서 수사 기본 룰북,"38,000","38,000",0%,3%,"1,140",히라노 루이지 외,티알피지클럽(TRPG CLUB),20260501,취미/실용/스포츠
9791194793595,S000219562813,가챠 도감,"20,000","18,000",10%,5%,"1,000",와타나베 카오리,모두의도감,20260415,취미/실용/스포츠
9791190976398,S000219616033,틈만나면 곁에두고 풀어보는 낱말퍼즐: 역사편,"6,500","5,850",10%,5%,320,큰그림 편집부,큰그림,20260413,취미/실용/스포츠
9791124392034,S000219550509,SUDOKU 스도쿠 2,"8,500","7,650",10%,5%,420,다온북스 편집부,다온북스,20260320,취미/실용/스포츠
9791194110132,S000219509875,2026 프로야구 퍼펙트 가이드,"28,000","25,200",10%,5%,"1,400",이종진 외,책보람,20260319,취미/실용/스포츠
9791169780773,S000219195896,2026 K리그 스카우팅리포트,"27,000","24,300",10%,5%,"1,350",윤진만 외,브레인스토어,20260313,취미/실용/스포츠
9791188806805,S000219407725,풀의 정원,"30,000","27,000",10%,5%,"1,500",김장훈,목수책방,20260309,취미/실용/스포츠
9791164461424,S000219240402,포지션으로 읽는 리그오브레전드,"24,000","21,600",10%,5%,"1,200",홍승표,가나북스,20260305,취미/실용/스포츠
9791188731985,S000219337090,운동기능해부학,"43,000","43,000",0%,3%,"1,290",R. T. Floyd,사이플러스,20260302,취미/실용/스포츠
9791167694812,S000219468950,마작 1년차 교과서,"14,000","12,600",10%,5%,700,센바 쿠로노,길찾기,20260228,취미/실용/스포츠
9788967443047,S000219302528,당신도 러너다,"19,000","17,100",10%,5%,950,러너임바(유문진),에디터,20260227,취미/실용/스포츠
9791191895452,S000219244093,The 한권의 스도쿠,"7,900","7,110",10%,5%,390,스도쿠 크리에이터,랜딩북스,20260220,취미/실용/스포츠
9791194278177,S000219199995,향수 수집가의 향조 노트,"22,000","19,800",10%,5%,"1,100",ISP,파이퍼프레스,20260216,취미/실용/스포츠
9791143407054,S000219010774,방구석 가드너를 위한 실내 가드닝 & 플랜테리어,"21,000","18,900",10%,5%,"1,050",그린어스(백일홍),시대인,20260130,취미/실용/스포츠
9788969656797,S000219026769,2026 해커스 스포츠지도사 수영 초단기 7일 합격 실기+구술,"20,000","18,000",10%,5%,"1,000",이현이,해커스자격증,20260127,취미/실용/스포츠
9791185429298,S000219114959,오늘도 K-Dance 로그인 중입니다,"20,000","18,000",10%,5%,"1,000",이용희,나비꿈,20260125,취미/실용/스포츠
9791139230406,S000219054062,머리로 배운 테니스,"12,000","10,800",10%,5%,600,안준범 외,지식과감성,20260116,취미/실용/스포츠
9788956491899,S000217276592,손뜨개 인형옷 만들기,"22,000","19,800",10%,5%,"1,100",송윤주,예신북스,20260115,취미/실용/스포츠
9788962065879,S000219662368,스포츠와 신체활동의 이해: 역사와 철학의 탐구,"25,000","22,500",10%,5%,"1,250",R. Scott Kretchmar 외,레인보우북스,20260102,취미/실용/스포츠
9791174910585,S000218789247,미니카 합체로봇 2 종이접기 델타 VS 데몬 뉴에디션,"20,000","18,000",10%,5%,"1,000",이지은 외,지식오름,20260102,취미/실용/스포츠
9791172101541,S000218821403,시처럼 아름다운 가사 필사집,"22,000","19,800",10%,5%,"1,100",콜렉트,동양북스,20251224,취미/실용/스포츠
9791194725312,S000218907064,방탈출 퍼즐북: 정탐정과 미스터리 실종 사건,"19,000","17,100",10%,5%,950,정주영,한빛라이프,20251223,취미/실용/스포츠
9788964947784,S000218778531,슈퍼 스도쿠 트레이닝 500문제 중급,"9,500","8,550",10%,5%,470,이민석,보누스,20251222,취미/실용/스포츠
9791185676852,S000218685566,뜨개 지혜 주머니,"23,000","20,700",10%,5%,"1,150",패티 라이언스,윌스타일(WILLSTYLE),20251220,취미/실용/스포츠
9791167186133,S000218822709,네모네모 로직 Plus 12,"12,000","10,800",10%,1%,120,제우미디어 기획팀,제우미디어,20251218,취미/실용/스포츠
9791199528512,S000218790556,인형엄마의 인형만들기,"16,000","14,400",10%,5%,800,엄정애,상상창작소봄,20251215,취미/실용/스포츠
9791158464530,S000218639149,현진's 사각사각 손글씨,"19,800","17,820",10%,5%,990,박현진,비타북스,20251201,취미/실용/스포츠
9791138849845,S000218731246,빛을 알면 조명 인테리어가 쉬워진다,"20,000","18,000",10%,5%,"1,000",김태두,좋은땅,20251128,취미/실용/스포츠
9791158251857,S000218673649,노노그램 네모로직 100,"12,000","10,800",10%,5%,600,함께하는 놀이교실,브라운힐,20251126,취미/실용/스포츠
9788962065817,S000218438486,스포츠윤리학 Sport Ethics,"24,000","21,600",10%,5%,"1,200",김정효,레인보우북스,20251110,취미/실용/스포츠
9788969656759,S000218331837,2026 해커스 스포츠지도사 2급 필기 한권합격 이론+최신기출+핵심노트,"33,000","29,700",10%,5%,"1,650",안승기 외,해커스자격증,20251107,취미/실용/스포츠
9791167185778,S000218204212,대바늘로 한 번에 뜨는 탑다운 니트,"18,800","16,920",10%,1%,180,부티크사 편집부,제우미디어,20251022,취미/실용/스포츠
9791194777533,S000218083854,코바늘로 뜨는 우아한 손뜨개 꽃,"16,800","15,120",10%,5%,840,애플민트,한스미디어,20251013,취미/실용/스포츠
9791191895421,S000217486175,The 모두의 스도쿠 No3,"4,900","4,410",10%,5%,240,스도쿠 크리에이터,랜딩북스,20250925,취미/실용/스포츠
9791191895414,S000217486173,The 모두의 스도쿠 No2,"4,900","4,410",10%,5%,240,스도쿠 크리에이터,랜딩북스,20250912,취미/실용/스포츠
9791194777489,S000217503343,Mouche & friends 대바늘 동물 친구들,"28,000","25,200",10%,5%,"1,400",신시아 발레,한스미디어,20250911,취미/실용/스포츠
9791167852793,S000217403770,나는 반려견 훈련사입니다,"16,800","15,120",10%,5%,840,신동석,설렘(SEOLREM),20250901,취미/실용/스포츠
9791191853506,S000217326316,점잇기: 세계의 랜드마크 편,"9,900","8,910",10%,5%,490,한백,단한권의책,20250831,취미/실용/스포츠
9791190818391,S000216968115,탑스프링 스도쿠 초급·중급,"8,800","7,920",10%,5%,440,브레이니 퍼즐 랩,시간과공간사,20250808,취미/실용/스포츠
9791194456131,S000217187103,최신 운동영양학,"28,000","28,000",0%,3%,840,한국운동영양학회,한미의학,20250801,취미/실용/스포츠
9791194755333,S000217111039,이나피스퀘어 스티커북,"32,000","28,800",10%,5%,"1,600",이나피스퀘어,비에이블,20250730,취미/실용/스포츠
9791189895167,S000217164460,테니스를 읽는 시간,"15,000","13,500",10%,5%,750,김기범,소우주,20250730,취미/실용/스포츠
9791155362372,S000217142137,귀엽고 사랑스러운 가방과 파우치 33,"21,000","18,900",10%,5%,"1,050",주부 재봉씨,즐거운상상,20250724,취미/실용/스포츠
9788993784879,S000216950996,러너의 세계,"25,000","22,500",10%,5%,"1,250",론니 플래닛,인간희극,20250722,취미/실용/스포츠
9791161505336,S000217097617,니팅쌤 코바늘 키링 야채 편,"19,800","17,820",10%,5%,990,니팅쌤 신은영,시원북스,20250722,취미/실용/스포츠
9791198645944,S000216968503,플라워 니팅,"24,000","21,600",10%,5%,"1,200",이부키 히로코,오롯한날,20250701,취미/실용/스포츠
9791194777151,S000216858572,털실타래 Vol.12(2025년 여름호),"24,000","21,600",10%,5%,"1,200",일본 보그사,한스미디어,20250627,취미/실용/스포츠
9791194777267,S000216841866,코바늘로 뜬 여름의 모양,"22,000","19,800",10%,5%,"1,100",몬순,한스미디어,20250620,취미/실용/스포츠
9791188546640,S000217339121,시노비가미 유파북 사립 오토기 학원,"20,000","20,000",0%,3%,600,카와시마 토이치로,티알피지클럽(TRPG CLUB),20250616,취미/실용/스포츠
9791166475634,S000216805089,피클볼 완전정복,"19,800","19,800",0%,3%,590,곽정희 외,한올출판사,20250615,취미/실용/스포츠
9791155362341,S000216646677,매일 입고 싶은 잠옷,"21,000","18,900",10%,5%,"1,050",코다 아오이,즐거운상상,20250605,취미/실용/스포츠
9791194591184,S000216421859,부케북: Happy Day,"19,800","17,820",10%,5%,990,몰리 해치,더모던,20250530,취미/실용/스포츠
9791194591214,S000216421915,부케북: Thinking of You,"19,800","17,820",10%,5%,990,몰리 해치,더모던,20250530,취미/실용/스포츠
9791198140746,S000216548905,코치를 위한 티칭 가이드,"25,000","22,500",10%,5%,"1,250",더그 레모브,코치라운드,20250520,취미/실용/스포츠
9788964947470,S000216370438,멘사 아이큐 테스트 프리미엄,"13,000","11,700",10%,5%,650,해럴드 게일 외,보누스,20250507,취미/실용/스포츠
9791170488699,S000216362994,"야생야사의 흥함, 땀방울이 담긴 열매","17,000","15,300",10%,5%,850,허지훈,생각나눔,20250425,취미/실용/스포츠
9791172109196,S000216249275,블루밍니트의 코바늘 플라워&키링,"24,000","21,600",10%,5%,"1,200",블루밍니트,동양북스,20250418,취미/실용/스포츠
9791142313622,S000216250032,에브리 샷 카운트,"25,000","22,500",10%,5%,"1,250",마크 브로디,하빌리스,20250415,취미/실용/스포츠
9791188806614,S000216170263,오가닉 가든 만들기 안내서,"20,000","18,000",10%,5%,"1,000",히키치 가든 서비스 외,목수책방,20250331,취미/실용/스포츠
9791194219583,S000215970251,반려동물을 위한 허브-아로마테라피,"30,000","30,000",0%,3%,900,유미나 외 외,학지사메디컬,20250310,취미/실용/스포츠
9791188554850,S000215753593,michiyo의 4사이즈 니팅,"16,800","15,120",10%,5%,840,michiyo,지금이책,20250220,취미/실용/스포츠
9791191443325,S000214937228,작고 예쁜 크로셰 레이스 모티브 100,"18,000","16,200",10%,5%,900,일본 보그사,북핀,20250120,취미/실용/스포츠
9791170266907,S000215067627,케이블루의 러블리 헝겊 인형,"22,000","19,800",10%,5%,"1,100",김소영,팜파스,20241230,취미/실용/스포츠
9791190021531,S000215028638,스포츠와 ESG 지속 가능한 가치와 미래,"25,000","22,500",10%,5%,"1,250",정인욱 외,DH미디어(양원석),20241227,취미/실용/스포츠
9791141149017,S000214985335,설기 일러스튜디오: Cute Girl’s Closet,"23,000","20,700",10%,5%,"1,150",설기,학산문화사,20241225,취미/실용/스포츠
9791141149024,S000214985334,박냠 일러스튜디오: Weekly Boys,"23,000","20,700",10%,5%,"1,150",박냠,학산문화사,20241225,취미/실용/스포츠
9791172889456,S000214870143,오싹오싹 공포 괴담 스퀴시북,"20,000","18,000",10%,5%,"1,000",소워니놀이터,대원키즈,20241127,취미/실용/스포츠
9791189375072,S000214644867,"꽃잎 하나, 마음 하나","22,000","19,800",10%,5%,"1,100",전유리,아트인북,20241108,취미/실용/스포츠
9791193926536,S000214597896,사계절을 담은 이케바나,"19,800","17,820",10%,5%,990,홍세희,제이펍,20241105,취미/실용/스포츠
9791130657974,S000214681584,마루는 강쥐 언제나 언니 옆에 있을게! 마루 애착 스티커북,"16,800","15,120",10%,5%,840,모죠,다산북스,20241105,취미/실용/스포츠
9788927813231,S000214761868,명탐정 코난 스티커북,"22,000","19,800",10%,5%,"1,100",아오야마 고쇼,중앙북스,20241028,취미/실용/스포츠
9791190818292,S000214515202,브레인 온! 초급·중급,"12,200","10,980",10%,5%,610,브레이니 퍼즐 랩,시간과공간사,20241025,취미/실용/스포츠
9791190818308,S000214515205,브레인 온! 고급·특급,"12,200","10,980",10%,5%,610,브레이니 퍼즐 랩,시간과공간사,20241025,취미/실용/스포츠
9791192151908,S000214506071,하농 리카(HANON Licca),"22,000","19,800",10%,5%,"1,100",사토미 후지이,라의눈,20241010,취미/실용/스포츠
9791188949670,S000214124132,만년필 탐심,"22,000","19,800",10%,5%,"1,100",박종진,틈새책방,20240831,취미/실용/스포츠
9791188546510,S000214094305,청춘 밴드 TRPG 스트라토 샤우트,"18,000","18,000",0%,3%,540,후루마치 미유키,티알피지클럽(TRPG CLUB),20240830,취미/실용/스포츠
9791192366395,S000213800092,진짜 기본 청소책,"21,000","18,900",10%,5%,"1,050",두룸 정두미,레시피팩토리,20240718,취미/실용/스포츠
9791166474606,S000213659816,스포츠 진로 찾기,"23,800","21,420",10%,1%,230,임성철 외,한올출판사,20240710,취미/실용/스포츠
9791198762900,S000213544722,발레 바 워크 핸드북,"22,000","19,800",10%,5%,"1,100",시마다 사토시,북피움,20240708,취미/실용/스포츠
9788960306318,S000213416254,4주 완성 골프 가이드,"20,000","18,000",10%,5%,"1,000",김정락,황금부엉이,20240619,취미/실용/스포츠
9791190631853,S000213107026,발레의 용어와 기술,"30,000","27,000",10%,1%,300,서수민,우물이있는집,20240515,취미/실용/스포츠
9791188554805,S000213246830,프랑스 자수로 만드는 식물도감,"16,800","15,120",10%,5%,840,샤를렌 푸리아스,지금이책,20240515,취미/실용/스포츠
9791193712252,S000212999806,쉽게 배우는 뜨개 도안의 기초,"20,000","18,000",10%,5%,"1,000",일본 보그사,한스미디어,20240418,취미/실용/스포츠
9788962065510,S000212670852,개념 중심 스포츠사회학,"25,000","22,500",10%,5%,"1,250",이혁기 외,레인보우북스,20240304,취미/실용/스포츠
9791193712160,S000212607405,아무히비(amuhibi)의 가장 좋아하는 니트,"16,800","15,120",10%,5%,840,우메모토 미키코,한스미디어,20240304,취미/실용/스포츠
9791130318882,S000212604023,스포츠 마케팅,"22,000","22,000",0%,3%,660,문개성,박영사,20240301,취미/실용/스포츠
9791190868402,S000212390424,힘 훈련 해부학,"23,000","23,000",0%,3%,690,제롬 마일로,대성의학사,20240220,취미/실용/스포츠
9791190868419,S000212390425,힘 훈련 해부학,"23,000","23,000",0%,3%,690,제롬 마일로,대성의학사,20240220,취미/실용/스포츠
9788931466980,S000212377035,모모부띠끄의 사계절 강아지 옷 만들기,"22,000","19,800",10%,5%,"1,100",서성림,영진닷컴,20240219,취미/실용/스포츠
9791155362099,S000211923331,하루가 즐거워지는 앞치마,"17,500","15,750",10%,5%,870,부티크사 편집부,즐거운상상,20240111,취미/실용/스포츠
9791167183644,S000211709585,네모네모 로직 PLUS 8,"12,000","10,800",10%,1%,120,제우미디어,제우미디어,20231220,취미/실용/스포츠
9791155506073,S000211648725,"보여주는 몸, 느끼는 몸","20,000","20,000",0%,3%,600,김경희,성균관대학교출판부,20231130,취미/실용/스포츠
9791191653106,S000211309727,타로 속으로 떠나는 명상 여행,"18,000","16,200",10%,5%,900,폴 포스터 케이스,마름돌,20231115,취미/실용/스포츠
9791190855426,S000212055392,생태농법으로 텃밭 가꾸기,"18,000","16,200",10%,5%,900,미우라 노부아키,돌배나무,20231115,취미/실용/스포츠
9791127466978,S000211233713,중세 기사의 전투기술,"29,000","26,100",10%,5%,"1,450",제이 에릭 노이즈 외,에이케이커뮤니케이션즈,20231110,취미/실용/스포츠
9791188554744,S000210139017,도카이 에리카의 컬러 워크,"16,800","15,120",10%,5%,840,도카이 에리카,지금이책,20231020,취미/실용/스포츠
9791156163077,S000209069734,공간 디자인의 기술,"16,800","15,120",10%,5%,840,가와카미 유키,리스컴,20230920,취미/실용/스포츠
9791161507668,S000209186036,이토록 멋진 영어 필기체 손글씨 (사철제본),"16,700","15,030",10%,5%,830,고민지(잉크잉크),시원북스,20230918,취미/실용/스포츠
9791165194499,S000208987966,동물보건복지 및 법규,"25,000","25,000",0%,3%,750,오희경 외,박영스토리,20230901,취미/실용/스포츠
8809592740118,S000208767943,어른을 위한 두뇌 놀이 책 스도쿠: 고급편,"10,000","9,000",10%,5%,450,퍼즐 스튜디오 와사비,한빛라이프,20230825,취미/실용/스포츠
9791192179094,S000208855103,데코폴리 스티커 컬러링 북: 전설의 동물,"24,000","21,600",10%,5%,"1,200",DNA디자인스튜디오,DNA디자인,20230820,취미/실용/스포츠
9788956545608,S000208507574,운동과 스포츠 생리학,"42,000","37,800",10%,5%,"2,100",W. Larry Kenney 외,대한미디어,20230815,취미/실용/스포츠
9788990247858,S000202622244,개와 산책하는 방법,"17,000","15,300",10%,5%,850,마크 베코프,동녘사이언스,20230615,취미/실용/스포츠
9791197916663,S000202673776,왼손은 거들 뿐,"17,000","15,300",10%,5%,850,박치영 외,훈훈,20230603,취미/실용/스포츠
9791163861973,S000202399701,사계절 코바늘 가방,"16,000","14,400",10%,5%,800,박강혜,예문아카이브,20230530,취미/실용/스포츠
9791160079241,S000202180962,52주의 숄,"33,000","29,700",10%,5%,"1,650",레인(Laine),한스미디어,20230523,취미/실용/스포츠
9791190406185,S000201797945,체스의 시작,"20,000","18,000",10%,5%,"1,000",호세 라울 카파블랑카,필요한책,20230503,취미/실용/스포츠
9791165383435,S000201630450,베팬알백 1: 1982~1986,"22,000","19,800",10%,5%,"1,100",이재국 외,휴먼큐브,20230425,취미/실용/스포츠
9791127460778,S000201448090,수성 도료 붓도색의 교과서,"31,000","27,900",10%,5%,"1,550",하비재팬 편집부,에이케이커뮤니케이션즈,20230415,취미/실용/스포츠
9791168415270,S000201458938,비자르 플랜츠 B.plants,"22,000","19,800",10%,5%,"1,100",고바야시 히로시,북폴리오,20230412,취미/실용/스포츠
9791190717793,S000201435743,정원에서 식물키우기,"20,000","18,000",10%,5%,"1,000",류병열,플로라,20230410,취미/실용/스포츠
9791191443158,S000201306312,레이스 손뜨개 아름다운 꽃 도일리,"17,000","15,300",10%,5%,850,일본 보그사,북핀,20230405,취미/실용/스포츠
9788996162858,S000214297258,그래비트랙스: The Book,"20,000","18,000",10%,5%,"1,000",마라 슈미트,코리아보드게임즈,20230403,취미/실용/스포츠
9791189586614,S000201246231,핸드백디자이너의 뜨개가방,"18,000","16,200",10%,5%,900,공재희 외,크레파스북,20230313,취미/실용/스포츠
9788969525338,S000201203716,탑다운 스웨터 & 카디건,"22,000","19,800",10%,5%,"1,100",슬로우플로우,경향BP,20230309,취미/실용/스포츠
9788961544214,S000201096277,스포츠 스타와 만나는 운동생리학,"35,000","35,000",0%,3%,"1,050",김태욱,라이프사이언스,20230301,취미/실용/스포츠
9791197410369,S000200936315,내 타로는 내가 본다,"20,000","18,000",10%,5%,"1,000",정회도,소울소사이어티,20230213,취미/실용/스포츠
9791198140715,S000200735469,인간은 어떻게 움직임을 배우는가,"22,000","19,800",10%,5%,"1,100",롭 그레이,코치라운드,20230120,취미/실용/스포츠
9791190322485,S000200716187,NASM 퍼스널 피트니스 트레이닝,"50,000","50,000",0%,3%,"1,500",Brian G. Sutton,한미의학,20230117,취미/실용/스포츠
9791160078831,S000200639938,나는 즐라탄이다,"20,000","18,000",10%,5%,"1,000",즐라탄 이브라히모비치 외,한스미디어,20230112,취미/실용/스포츠
9788964946015,S000200535191,슈퍼 스도쿠 초고난도 200문제,"11,500","10,350",10%,5%,570,크리스티나 스미스 외,보누스,20230105,취미/실용/스포츠
9788992533713,S000001504486,장미 패턴 손뜨개 소품,"12,000","10,800",10%,5%,600,applemints,황금시간,20230101,취미/실용/스포츠
9791160078688,S000200546330,대바늘 손뜨개 패턴집 260,"20,000","18,000",10%,5%,"1,000",시다 히토미,한스미디어,20221226,취미/실용/스포츠
9791168019812,S000200455515,펫로스 사랑한다 사랑한다 사랑한다,"20,000","18,000",10%,5%,"1,000",심용희,크루,20221223,취미/실용/스포츠
9791155505625,S000200338246,"생각하는 몸, 발레하는 몸","20,000","20,000",0%,3%,600,김경희,성균관대학교출판부,20221111,취미/실용/스포츠
9791130695112,S000200241537,골프 천재가 된 홍 대리2,"17,000","15,300",10%,5%,850,김헌,다산라이프,20221109,취미/실용/스포츠
9791130695105,S000200241535,골프 천재가 된 홍 대리1,"17,000","15,300",10%,5%,850,김헌,다산라이프,20221109,취미/실용/스포츠
9791188949083,S000200070341,바르사,"25,000","22,500",10%,5%,"1,250",사이먼 쿠퍼,틈새책방,20221107,취미/실용/스포츠
9791160076301,S000200087637,새로운 대바늘 손뜨개의 기초,"18,000","16,200",10%,5%,900,일본 보그사,한스미디어,20221024,취미/실용/스포츠
8809894540232,S000200087100,마이멜로디 Q&A 마이 다이어리,"15,000","13,500",10%,5%,680,대원앤북 편집부,대원앤북,20221020,취미/실용/스포츠
9791189895099,S000061898264,테니스 이너 게임,"15,000","13,500",10%,5%,750,티머시 갤웨이,소우주,20220926,취미/실용/스포츠
9788971106266,S000061896657,AI 분석 이창호 타이틀 명국집(국내대회편),"30,000","27,000",10%,5%,"1,500",이창호,다산출판사,20220920,취미/실용/스포츠
9788969525147,S000061532501,친환경 삼베 수세미,"15,000","13,500",10%,5%,750,아델코바늘 외,경향BP,20220803,취미/실용/스포츠
9791191573091,S000061353992,작고 아름다운 캐릭터 자수,"13,000","11,700",10%,5%,650,가와바타 안나,세개의소원,20220630,취미/실용/스포츠
9788966030033,S000061351224,구옥 리모델링,"37,000","33,300",10%,5%,"1,850",전원속의 내집 ,주택문화사,20220627,취미/실용/스포츠
9791191659085,S000061442766,태권도 교본 세트(영문),"120,000","108,000",10%,5%,"6,000",국기원,명진씨앤피,20220624,취미/실용/스포츠
9791160078022,S000061352213,히구치 유미코의 연결 자수,"16,800","15,120",10%,5%,840,히구치 유미코,한스미디어,20220512,취미/실용/스포츠
9791197853371,S000001988407,물리의 쁠리에,"15,000","13,500",10%,5%,750,배진수,플로어웍스,20220422,취미/실용/스포츠
9788964945414,S000001013299,텃밭농사 흙 만들기 비료 사용법 교과서,"16,800","15,120",10%,5%,840,이에노히카리협회,보누스,20220405,취미/실용/스포츠
9791196710415,S000001979647,팔루다리움과 아쿠아테라리움,"19,500","17,550",10%,5%,970,아쿠아미디어 편집부,아쿠아미디어,20220318,취미/실용/스포츠
9788973368471,S000001136005,3쿠션 바이블 2,"26,000","23,400",10%,5%,"1,300",김원상,오성출판사,20220205,취미/실용/스포츠
9788973368464,S000001136004,3쿠션 바이블 1,"26,000","23,400",10%,5%,"1,300",김원상,오성출판사,20220205,취미/실용/스포츠
9788901254678,S000000408167,김대리의 쉽게 뜨는 요즘 니트,"19,800","17,820",10%,5%,990,바늘이야기 김대리,웅진리빙하우스,20211223,취미/실용/스포츠
9791165797553,S000001840697,형태의 니트,"14,000","12,600",10%,5%,700,하마다 아스카,미호,20211202,취미/실용/스포츠
9791160321388,S000001789819,보떼봉떼 데일리 플라워,"22,000","19,800",10%,5%,"1,100",정주희,싸이프레스,20211129,취미/실용/스포츠
9791160077445,S000001788340,대바늘 아란무늬 패턴집 110,"20,000","18,000",10%,5%,"1,000",일본 보그사,한스미디어,20211028,취미/실용/스포츠
9788961543712,S000000950154,Williams 건강 스포츠영양학,"40,000","40,000",0%,3%,"1,200",Melvin H. Williams,라이프사이언스,20210830,취미/실용/스포츠
9791164261819,S000001826845,라플로르 플라워 웨딩 부케,"27,000","24,300",10%,5%,"1,350",임샛별,더테이블,20210830,취미/실용/스포츠
9791190846103,S000001944788,어른을 위한 두뇌 놀이 책,"9,900","8,910",10%,5%,490,개러스 무어,한빛라이프,20210820,취미/실용/스포츠
9791155504772,S000001726106,마음으로 하는 발레 공부,"20,000","20,000",0%,3%,600,김경희,성균관대학교출판부,20210716,취미/실용/스포츠
9791197169878,S000001984524,데코폴리 스티커 컬러링 북: 우주,"22,000","19,800",10%,5%,"1,100",DNA디자인스튜디오,DNA디자인,20210701,취미/실용/스포츠
9788950981303,S000000710629,마음까지 심플하게 무인양품 정리법,"16,000","14,400",10%,5%,800,가지가야 요코,21세기북스,20210507,취미/실용/스포츠
9791160075892,S000001788297,방 배치 도감,"18,000","16,200",10%,5%,900,콜라보하우스 1급 건축사 사무소,한스미디어,20210420,취미/실용/스포츠
9791170264002,S000001858372,케이블루의 두 번째 동화 같은 자수 이야기,"18,000","16,200",10%,5%,900,김소영,팜파스,20210415,취미/실용/스포츠
9791189485146,S000001927280,감 매거진(GARM Magazine) 16: 건축 하드웨어,"21,000","18,900",10%,5%,"1,050",감씨(garmSSI) 편집부,감씨(garmSSI),20210322,취미/실용/스포츠
9791156162117,S000001735571,실내식물 죽이지 않고 잘 키우는 방법,"16,000","14,400",10%,5%,800,베로니카 피어리스,리스컴,20210315,취미/실용/스포츠
9791160075816,S000001788290,케이라플레르 플라워 코스,"32,000","28,800",10%,5%,"1,600",김애진,한스미디어,20210305,취미/실용/스포츠
9791191393002,S000001950943,반려동물과 이별한 사람을 위한 책,"16,000","14,400",10%,5%,800,이학범,포르체,20210210,취미/실용/스포츠
9791163381143,S000001819796,우리 집 수납 정리의 기술,"23,000","20,700",10%,5%,"1,150",김희연,더로드,20201121,취미/실용/스포츠
9791197209918,S000001984959,타로 이야기 카드 세트,"46,000","41,400",10%,5%,"2,300",연주,넷마루,20201120,취미/실용/스포츠
9791188062355,S000001909880,소잉 하루에 Vol 25: 편안하고 특별한 핸드메이드 여성복,"18,000","16,200",10%,5%,900,심미희 외,핸디스(HANDIS),20201117,취미/실용/스포츠
9791196525101,S000001977537,스티커 컬러링 북: 고양이,"22,000","19,800",10%,5%,"1,100",DNA디자인스튜디오,DNA디자인,20201101,취미/실용/스포츠
9791197169816,S000001984520,데코폴리 스티커 컬러링 북: 제주풍경,"26,000","23,400",10%,5%,"1,300",DNA디자인스튜디오,DNA디자인,20201008,취미/실용/스포츠
9791190818032,S000001944179,스도쿠x로직아트(초급/중급),"8,800","7,920",10%,5%,440,브레이니 퍼즐 랩,시간과공간사,20200710,취미/실용/스포츠
9791188726493,S000001917974,20인의 스타플레이어에게 배우는 슈퍼스타 축구 기술,"18,800","16,920",10%,5%,940,에이든 레드넷지,라의눈,20200501,취미/실용/스포츠
9791189807283,S000001931487,트레이너가 알아야 할 모든것,"20,000","18,000",10%,5%,"1,000",백형진,예방의학사,20200420,취미/실용/스포츠
9788971907016,S000001108818,분재의 기술,"23,000","20,700",10%,5%,"1,150",Tokizaki atsushi,그린홈,20200410,취미/실용/스포츠
9788998866228,S000001637162,타로카드의 해석: 메이저 아르카나,"33,000","29,700",10%,5%,"1,650",임상훈,서로빛나는숲,20200330,취미/실용/스포츠
9791170263265,S000001858343,전통자수,"20,000","18,000",10%,5%,"1,000",조희화,팜파스,20200325,취미/실용/스포츠
9788962064667,S000000961529,체육교수론,"25,000","22,500",10%,5%,"1,250",Judith E. Rink,레인보우북스,20200323,취미/실용/스포츠
9788978496131,S000001217741,PC엔진&PC-FX 퍼펙트 카탈로그,"20,000","18,000",10%,5%,"1,000",마에다 히로유키,삼호미디어,20200224,취미/실용/스포츠
9791196756840,S000001980215,"동물법, 변호사가 알려드립니다","15,000","13,500",10%,5%,750,동물권연구변호사단체 PNR,리리,20200120,취미/실용/스포츠
9788964944264,S000001013226,슈퍼 스도쿠 500문제 중급,"8,500","7,650",10%,5%,420,오정환,보누스,20200110,취미/실용/스포츠
9788988060568,S000001391173,펄프 크툴루,"29,000","26,100",10%,5%,"1,450",마이크 메이슨 외,초여명,20191231,취미/실용/스포츠
8809254942645,S000000347040,고양이 낸시 다이어리,"18,000","16,200",10%,5%,810,엘렌 심,북폴리오,20191220,취미/실용/스포츠
9791190052115,S000001934740,강원랜드 완전정복,"17,000","15,300",10%,5%,850,이영준,펌프킨,20190930,취미/실용/스포츠
9788971860618,S000001106145,박보장기,"15,000","13,500",10%,5%,750,김동학,서림문화사,20190925,취미/실용/스포츠
9791196525125,S000001977539,스티커 컬러링 북: 동물,"26,000","23,400",10%,5%,"1,300",DNA디자인스튜디오,DNA디자인,20190901,취미/실용/스포츠
9791160320640,S000001789775,스티커 아트북: 고양이,"21,800","19,620",10%,5%,"1,090",콘텐츠기획팀,싸이프레스,20190801,취미/실용/스포츠
9791196219383,S000001973529,당신은 개를 키우면 안 된다,"14,800","13,320",10%,5%,740,강형욱,혜다,20190610,취미/실용/스포츠
9791155641835,S000001727153,GARAM 가람: 고급,"7,500","6,750",10%,5%,370,람세스 분쾨사포,북스토리,20190530,취미/실용/스포츠
9791158060848,S000001761949,카레이싱 최후의 비밀,"32,000","28,800",10%,5%,"1,600",Ross Bentley,골든벨,20190520,취미/실용/스포츠
9791189485085,S000001927276,감 매거진(GARM Magazine) 12: 빌트인 가구,"18,000","16,200",10%,5%,900,감씨(garmSSI) 편집부,감씨(garmSSI),20190320,취미/실용/스포츠
9791186569689,S000001888061,플래티넘 스도쿠(고급),"8,000","7,200",10%,5%,400,퍼즐아카데미연구회,민중출판사,20190315,취미/실용/스포츠
9791186089989,S000001878976,운동 기능해부학,"24,000","24,000",0%,3%,720,R.T. FLOYD,한미의학,20190225,취미/실용/스포츠
9791195500956,S000001963119,슬기로운 다묘생활,"20,000","18,000",10%,5%,"1,000",팸 존슨 베넷,페티앙북스,20190201,취미/실용/스포츠
9791196431969,S000001976327,코케다마,"17,000","15,300",10%,5%,850,코랄리 파커,북커스,20190201,취미/실용/스포츠
9791189272067,S000001925204,스도쿠: 초급편,"8,000","7,200",10%,5%,400,백만문화사 편집부,백만문화사,20181215,취미/실용/스포츠
9791189272081,S000001925206,스도쿠: 고급편,"8,000","7,200",10%,5%,400,백만문화사 편집부,백만문화사,20181215,취미/실용/스포츠
9788971422618,S000001100362,블랙 로직아트: 중급,"8,800","7,920",10%,5%,440,컨셉티즈 퍼즐,시간과공간사,20181110,취미/실용/스포츠
9791162994078,S000001817123,주말농장 이야기,"14,000","12,600",10%,5%,700,박순옥,북랩,20181109,취미/실용/스포츠
9788988060537,S000001391170,두려움 그 자체,"21,000","18,900",10%,5%,"1,050",로빈 D. 로스 외,초여명,20180928,취미/실용/스포츠
8809565330001,S000000355522,재미만점 두뇌계발 스도쿠 퍼즐 1,"10,000","7,000",30%,1%,70,베이직콘텐츠연구소,베이직북스,20180815,취미/실용/스포츠
8809332972205,S000000350337,월드 퍼즐 150 스도쿠 + 스도쿠X 3,"6,000","4,200",30%,0%,0,손호성,봄봄스쿨,20180730,취미/실용/스포츠
9791187113232,S000001897233,패턴 학교 Vol 3: 팬츠 편,"24,000","21,600",10%,5%,"1,200",이아소 편집부,이아소,20180707,취미/실용/스포츠
9791187289395,S000001899588,치슐랭 가이드,"12,800","11,520",10%,5%,640,배달의민족,배달의민족,20180622,취미/실용/스포츠
9791196219321,S000001973525,카밍 시그널(Calming Signals),"14,800","13,320",10%,5%,740,투리드 루가스,혜다,20180518,취미/실용/스포츠
9788988060506,S000001391167,밤의 검은 사자들,"33,000","29,700",10%,5%,"1,650",케네스 하이트,초여명,20180430,취미/실용/스포츠
9791161340197,S000001800619,프랑스 입체자수,"14,000","12,600",10%,5%,700,아틀리에 Fil,터닝포인트,20180420,취미/실용/스포츠
9791155641651,S000001727135,GARAM 가람: 중급,"7,500","6,750",10%,5%,370,람세스 분쾨사포,북스토리,20180320,취미/실용/스포츠
9791155641644,S000001727134,GARAM 가람: 초급,"7,500","6,750",10%,5%,370,람세스 분쾨사포,북스토리,20180320,취미/실용/스포츠
9788964943199,S000001013135,멘사 스도쿠 베스트 4종 세트,"35,200","31,680",10%,5%,"1,760",피터 고든 외,보누스,20180206,취미/실용/스포츠
9788964943205,S000001013136,멘사 스도쿠 챌린지,"8,800","7,920",10%,5%,440,피터 고든 외,보누스,20180115,취미/실용/스포츠
9791195806010,S000001967888,종이인형 놀이,"13,000","11,700",10%,5%,650,moRan콘텐츠연구소 ,모란,20171220,취미/실용/스포츠
9791187113171,S000001897227,패턴 학교 Vol 2: 스커트 편,"24,000","21,600",10%,5%,"1,200",마루야마 하루미,이아소,20171110,취미/실용/스포츠
9791170261803,S000001858273,케이블루의 프랑스 자수 스티치 106,"15,800","14,220",10%,5%,790,김소영,팜파스,20171110,취미/실용/스포츠
9788959525874,S000000899888,네모네모 로직: 고급편,"10,000","9,000",10%,5%,500,제우미디어 기획팀,제우미디어,20170913,취미/실용/스포츠
9788978495608,S000001217692,유도교본,"15,000","13,500",10%,5%,750,이노우에 고세이,삼호미디어,20170828,취미/실용/스포츠
9788978495592,S000001217691,축구 전술 노트 108,"15,000","13,500",10%,5%,750,츠나미 사토시,삼호미디어,20170726,취미/실용/스포츠
9788957751787,S000000857737,골프는 거리다,"15,000","13,500",10%,5%,750,김태균,집사재,20170630,취미/실용/스포츠
9791187749301,S000001905660,특별한 강아지옷 만들기,"18,800","16,920",10%,5%,940,유아연,예문아카이브,20170615,취미/실용/스포츠
9791186345283,S000001883439,킥복싱,"30,000","27,000",10%,1%,300,강덕화,혜성출판사,20170531,취미/실용/스포츠
9791160501742,S000001792491,텃밭농사 무작정 따라하기,"33,000","29,700",10%,1%,330,심철흠,길벗,20170525,취미/실용/스포츠
9791158681074,S000001770927,언제까지 어깨춤을 추게 할거야,"13,000","11,700",10%,5%,650,파란정원컨텐츠연구소,새를기다리는숲,20170227,취미/실용/스포츠
9791196028800,S000201479777,타로상징 완전정복,"26,000","23,400",10%,5%,"1,300",요하네스 피비히 외,헤스티아,20170116,취미/실용/스포츠
9791159251894,S000001776617,호미 한자루 농법,"15,000","13,500",10%,5%,750,안철환,들녘,20160926,취미/실용/스포츠
9788965900597,S000001028593,4구 Billiards 레슨,"29,000","26,100",10%,5%,"1,450",유효식,일신미디어,20160910,취미/실용/스포츠
9791157031924,S000001749802,이세돌 바둑 첫걸음,"16,500","14,850",10%,5%,820,이세돌,동양북스,20160815,취미/실용/스포츠
9788997125098,S000001609258,크리스티아누 호날두,"8,800","7,920",10%,5%,440,마이클 파트,싸이프레스,20160725,취미/실용/스포츠
9791187113072,S000001897217,패턴 학교 Vol 1: 상의 편,"24,000","21,600",10%,5%,"1,200",이아소 편집부,이아소,20160610,취미/실용/스포츠
9788962229097,S000000963977,추억의 종이인형 오리지널,"13,000","11,700",10%,5%,650,페이퍼돌,길벗스쿨,20160523,취미/실용/스포츠
9788952775900,S000000733912,겨자씨의 감성살림,"5,000","4,500",10%,5%,250,윤선미,미호,20160415,취미/실용/스포츠
9791187100201,S000001897098,리아나의 지우개 스탬프,"13,000","11,700",10%,5%,650,김혜인,황금시간,20160328,취미/실용/스포츠
9791186320297,S000001882994,타로카드 비밀의 문,"28,000","25,200",10%,5%,"1,400",신종민,형설미래교육원,20160311,취미/실용/스포츠
9788964942390,S000001013073,슈퍼 스도쿠 프리미어,"7,000","6,300",10%,5%,350,마인드 게임,보누스,20160120,취미/실용/스포츠
9788966261734,S000001033027,레고 테크닉 아이디어 1: 간단한 기계,"13,000","11,700",10%,5%,650,이소가와 요시히토,인사이트,20160101,취미/실용/스포츠
9791185676241,S000001871923,내가 사랑하는 따뜻한 것들,"12,000","10,800",10%,5%,600,구게 나쓰미,윌스타일(WILLSTYLE),20151229,취미/실용/스포츠
9788998432454,S000001632217,태팅레이스를 뜨는 오후,"13,000","11,700",10%,5%,650,하미경,인사이트윙스,20151020,취미/실용/스포츠
9788998317720,S000001630479,손뜨개 모티브 & 에징 300,"4,300","3,870",10%,5%,210,일본 보그사,참돌,20150925,취미/실용/스포츠
9788973367856,S000001135957,당구 초짜 300가기,"22,000","19,800",10%,5%,"1,100",김원상,오성출판사,20150805,취미/실용/스포츠
9788971104804,S000001096288,이창호 바둑입문 1: 왕초보편,"13,000","11,700",10%,5%,650,이창호 외,다산출판사,20150320,취미/실용/스포츠
9788956543451,S000000826840,유아체육론,"17,000","15,300",10%,5%,850,한국유아체육학회,대한미디어,20150302,취미/실용/스포츠
9788956543499,S000000826844,스포츠심리학(스포츠지도사 2급),"16,000","14,400",10%,5%,800,황진 외,대한미디어,20150302,취미/실용/스포츠
9788988060254,S000001391142,Gurps 호러,"19,000","17,100",10%,5%,950,켄 하이트,초여명,20150131,취미/실용/스포츠
9788970845227,S000001086037,"털실로 솜씨 좋게, 나만의 양말 만들기","15,000","13,500",10%,1%,150,앤 버드,예경,20141030,취미/실용/스포츠
9788959523252,S000000899788,사랑스러운 아기 옷 손뜨개,"16,800","15,120",10%,5%,840,남궁가윤,제우미디어,20141023,취미/실용/스포츠
9788991075917,S000001463796,애니멀 레이키,"16,000","14,400",10%,5%,800,혜별,샨티,20141020,취미/실용/스포츠
9788994993850,S000001560426,운동수행능력 향상 트레이닝,"50,000","50,000",0%,5%,"2,500",Micheal A. Clark,한미의학,20140620,취미/실용/스포츠
9788994993843,S000001560425,Steve Cotter's 케틀벨,"25,000","25,000",0%,5%,"1,250",박일봉 외,한미의학,20140515,취미/실용/스포츠
9791185151038,S000001863072,애니멀 힐링,"11,900","10,710",10%,5%,590,페넬로페 스미스,젠토피아,20140210,취미/실용/스포츠
9788956764337,S000000833610,체력 및 퍼포먼스 향상을 위한 트레이닝 방법론,"22,500","20,250",10%,1%,220,김창국 외,대경북스,20140201,취미/실용/스포츠
9788971904343,S000001108567,현장에서 필요한 실전타로,"27,000","24,300",10%,5%,"1,350",리산,동학사,20131210,취미/실용/스포츠
9791185151014,S000001863070,애니멀 텔레파시,"12,800","11,520",10%,5%,640,페넬로페 스미스,젠토피아,20131210,취미/실용/스포츠
9788919205525,S000000455993,숏게임바이블,"30,000","27,000",10%,5%,"1,500",데이브 펠츠,학원문화사,20131030,취미/실용/스포츠
9788998209025,S000001629097,초보자를 위한 골프 입문,"15,000","13,500",10%,5%,750,장영일,골프아카데미,20130325,취미/실용/스포츠
9788956811369,S000000834755,애니멀 커뮤니케이션,"15,000","13,500",10%,5%,750,캐롤 거니,아카데미북,20120110,취미/실용/스포츠
9788996521938,S000001598359,KING 스도쿠(초급),"4,000","4,000",0%,3%,120,스도쿠 동호회,로하스,20110310,취미/실용/스포츠
9788995842669,S000001582783,알까기 골프 2,"10,000","9,000",10%,5%,500,윤선달,선암사,20100607,취미/실용/스포츠
9788991360631,S000001472757,슈퍼 스도쿠 마스터,"7,000","6,300",10%,5%,350,퍼즐러 미디어 리미티드,보누스,20080825,취미/실용/스포츠
9788995842652,S000001582782,알까기 골프 1,"10,000","9,000",10%,5%,500,윤선달,선암사,20080707,취미/실용/스포츠
9788971863947,S000001106389,이소룡과 무술,"12,000","10,800",10%,5%,600,서림문화사 편집부,서림문화사,20040430,취미/실용/스포츠
9788936607920,S000000614937,바둑의 정석.속임수 7,"7,000","6,300",10%,5%,350,일신서적출판사 편집부,일신서적출판사,19961220,취미/실용/스포츠
9791124038826,S000221075112,머니 트렌드 2027,"27,500","24,750",10%,5%,"1,370",정태익 외,북모먼트,20260916,경제/경영
9791176881364,S000221231718,판매의 법칙,"22,000","19,800",10%,5%,"1,100",김주환,모티브,20260915,경제/경영
9791170614166,S000221108246,시대예보: 수고인류의 시간,"22,000","19,800",10%,5%,"1,100",송길영,교보문고,20260916,경제/경영
9791124370742,S000221338065,온라인 건물주의 정석 네이버 블로그 편,"49,000","44,100",10%,5%,"2,450",알파남(김지수),모티브,20260923,경제/경영
9791199489134,S000221361394,돈의 흐름을 읽는 최소한의 경제 공부,"18,800","16,920",10%,5%,940,김선율(김멘사),리미트리스,20260918,경제/경영
9791124073483,S000221151022,트렌드 코리아 2027,"22,000","19,800",10%,5%,"1,100",김난도 외,미래의창,20260930,경제/경영
9791193904435,S000220119415,나의 첫 번째 부동산 교과서,"23,000","20,700",10%,5%,"1,150",송희구,서삼독,20260623,경제/경영
9788925568218,S000221262579,클릭 히어,"28,000","25,200",10%,5%,"1,400",알렉스 슐츠,알에이치코리아,20260920,경제/경영
9791168343443,S000218942259,돈의 심리학(50만 부 기념 뉴 에디션),"24,800","22,320",10%,5%,"1,240",모건 하우절,인플루엔셜,20260114,경제/경영
9791194322313,S000220861137,찰리 멍거 바이블 완결판,"30,000","27,000",10%,5%,"1,500",김재현 외,에프엔미디어,20260820,경제/경영
9791194979791,S000218315395,부자 아빠 투자 불변의 법칙,"20,000","18,000",10%,5%,"1,000",타짱,큰숲,20251031,경제/경영
9791155815656,S000200472901,마케팅 설계자,"24,800","22,320",10%,5%,"1,240",러셀 브런슨,윌북,20221230,경제/경영
9791199798144,S000220452240,독하게 돈 공부,"23,000","20,700",10%,5%,"1,150",박소연,메이븐,20260710,경제/경영
9791192519883,S000209182287,"돈, 뜨겁게 사랑하고 차갑게 다루어라","15,000","13,500",10%,5%,750,앙드레 코스톨라니,미래의창,20230921,경제/경영
9791124248607,S000220996224,이효석의 21세기 투자법,"25,000","22,500",10%,5%,"1,250",이효석,상상스퀘어,20260909,경제/경영
9791124248256,S000219568490,"AI, 신의 탄생 인간의 종말","22,000","19,800",10%,5%,"1,100",엘리에저 유드코스키 외,상상스퀘어,20260408,경제/경영
9791193904824,S000220693861,"살 것인가, 팔 것인가, 버틸 것인가 Buy Sell Hold","28,000","25,200",10%,5%,"1,400",목대균,서삼독,20260827,경제/경영
9791188331796,S000001913217,돈의 속성(400쇄 리커버에디션),"17,800","16,020",10%,5%,890,김승호,스노우폭스북스,20200615,경제/경영
9791158513658,S000220923721,인생을 바꾸는 투자학개론,"24,000","21,600",10%,5%,"1,200",한정수,토네이도,20260826,경제/경영
9791168342941,S000216900602,박곰희 연금 부자 수업,"21,000","18,900",10%,5%,"1,050",박곰희,인플루엔셜,20250625,경제/경영
9788957365793,S000000848997,자본주의,"22,000","19,800",10%,5%,"1,100",EBS 자본주의 제작팀,가나출판사,20130927,경제/경영
9791124591048,S000220119843,부의 갈림길,"27,000","24,300",10%,5%,"1,350",오건영,포레스트북스,20260610,경제/경영
9788934981213,S000000597589,생각에 관한 생각,"29,800","26,820",10%,5%,"1,490",대니얼 카너먼,김영사,20180330,경제/경영
9791194353690,S000220988566,돈의 역류 2027년 경제전망,"20,000","18,000",10%,5%,"1,000",김광석,이든하우스,20260916,경제/경영
9791124011157,S000221337462,부동산 트렌드 2027,"25,000","22,500",10%,5%,"1,250",김경민 외,와이즈맵,20260930,경제/경영
9791198517425,S000212321676,불변의 법칙,"25,000","22,500",10%,5%,"1,250",모건 하우절,서삼독,20240228,경제/경영
9791130697246,S000200940784,레버리지,"18,000","16,200",10%,5%,900,롭 무어,다산북스,20230215,경제/경영
9791199380998,S000221336859,부의 인간학,"19,800","17,820",10%,5%,990,이혜정 Roni H. Rhee,퍼스트북스,20260831,경제/경영
9791196851200,S000001981341,부의 인문학(20만부 기념 개정증보판),"17,000","15,300",10%,5%,850,우석,오픈마인드,20240125,경제/경영
9791199032316,S000221380279,브랜드가 된 리더,"24,000","21,600",10%,5%,"1,200",피채희,이니티오,20260930,경제/경영
9791130683614,S000221328269,주도주 함부로 팔지 마라,"22,000","19,800",10%,5%,"1,100",한지영,다산북스,20260917,경제/경영
9791124629215,S000221109370,AI로 변화하는 일의 감각,"19,800","17,820",10%,5%,990,김성준,포르체,20260902,경제/경영
9791193394748,S000217259373,나의 투자술,"25,000","22,500",10%,5%,"1,250",기요하라 다쓰로,이레미디어,20250910,경제/경영
9791193869505,S000221263894,금융의 종말,"29,000","26,100",10%,5%,"1,450",오태민 외,거인의정원,20260917,경제/경영
9791193394984,S000220037161,시장의 마법사들,"30,000","27,000",10%,5%,"1,500",잭 슈웨거,이레미디어,20260603,경제/경영
9791158513665,S000221109750,미래를 바꿀 7개의 메가트렌드에 올라타라,"23,000","20,700",10%,5%,"1,150",테크피드,토네이도,20260909,경제/경영
9791124637166,S000220567836,부의 곡선,"27,000","24,300",10%,5%,"1,350",안유화,경이로움,20260831,경제/경영
9791198698759,S000221063027,도쿄 프로듀서,"27,000","24,300",10%,5%,"1,350",야마모토 가즈히코,인벨로프,20260824,경제/경영
9788957822678,S000220340144,전설로 떠나는 월가의 영웅,"36,000","32,400",10%,5%,"1,800",피터 린치 외,국일증권경제연구소,20260801,경제/경영
9791193904671,S000218941425,돈의 방정식,"28,000","25,200",10%,5%,"1,400",모건 하우절,서삼독,20260116,경제/경영
9788991378261,S000001473306,최고의 주식 최적의 타이밍,"19,800","17,820",10%,5%,990,윌리엄 J. 오닐,굿모닝북스,20120625,경제/경영
9791124649947,S000221074129,절세미녀가 알려주는 우리 아이 부자 세팅법,"25,000","22,500",10%,5%,"1,250",김희연,모티브,20260904,경제/경영
9791193904312,S000216042606,저스트킵바잉,"25,000","22,500",10%,5%,"1,250",닉 매기울리,서삼독,20250328,경제/경영
9788934911388,S000214614967,가난한 찰리의 연감,"33,000","29,700",10%,5%,"1,650",찰리 멍거,김영사,20241108,경제/경영
9791192519906,S000208720003,실전 투자강의,"15,000","13,500",10%,5%,750,앙드레 코스톨라니,미래의창,20230915,경제/경영
9791161374253,S000219337366,세법개론 2(2026),"36,000","35,640",1%,3%,"1,080",임상엽 외,상경사,20260801,경제/경영
9791140716999,S000219079916,주식투자 무작정 따라하기(2026),"25,000","22,500",10%,5%,"1,250",윤재수,길벗,20260130,경제/경영
9788947547567,S000000696161,제로 투 원(10주년 기념판),"18,000","16,200",10%,5%,900,피터 틸 외,한국경제신문,20250418,경제/경영
9788962604658,S000000970535,투자에 대한 생각,"15,000","13,500",10%,5%,750,하워드 막스,비즈니스맵,20120928,경제/경영
9791124629277,S000221329731,50부터 시작하는  은퇴 후 월급 만드는 부동산,"21,000","18,900",10%,5%,"1,050",김학렬 in 스마트튜브,포르체,20260923,경제/경영
9791162545034,S000221194322,짐 크레이머의 시장을 이기는 투자,"23,000","20,700",10%,5%,"1,150",짐 크레이머,비즈니스북스,20260914,경제/경영
9791199691469,S000221075499,ETF 투자 혁명,"19,800","17,820",10%,5%,990,도세 도시로,북웨이브,20260909,경제/경영
9791124863015,S000220774539,대한민국 부의 감각,"22,000","19,800",10%,5%,"1,100",터보832,체인지업,20260907,경제/경영
9791175230569,S000220860922,리테일 바이블 2030,"22,000","19,800",10%,5%,"1,100",리테일 소사이어티,북스톤,20260831,경제/경영
9791130682815,S000220781163,ETF 투자 5일 완성,"23,000","20,700",10%,5%,"1,150",최고민수(박민수),다산북스,20260813,경제/경영
9791193282533,S000218687476,자본주의 시대에서 살아남기 위한 최소한의 경제 공부,"28,000","25,200",10%,5%,"1,400",백억남(김욱현),하이스트,20251204,경제/경영
9791138486804,S000217917233,꿈과 돈,"18,800","16,920",10%,5%,940,니시노 아키히로,소미미디어,20251001,경제/경영
9788932474403,S000000576570,포지셔닝(40주년 기념 스페셜 에디션),"15,000","13,500",10%,5%,750,잭 트라우트 외,을유문화사,20210330,경제/경영
9788919205013,S000000455944,돈,"16,700","15,030",10%,5%,830,보도 섀퍼,에포케,20110515,경제/경영
9788955336849,S000221381679,RWA 시대: 전통금융과 블록체인의 만남,"23,000","20,700",10%,5%,"1,150",박홍남,새로운제안,20261019,경제/경영
9791175780460,S000221142625,반도체 패권 지도,"23,000","20,700",10%,5%,"1,150",일본경제신문사,부키,20260909,경제/경영
9791141618865,S000221163014,아웃사이드인,"18,500","16,650",10%,5%,920,이명우,콜라주,20260907,경제/경영
9791193780381,S000220716759,달러 연금 수업,"20,000","18,000",10%,5%,"1,000",최혜실,지음미디어,20260814,경제/경영
9791175911093,S000220492284,주식의 시대,"19,000","17,100",10%,5%,950,EBS 다큐프라임 〈주식의 시대〉 제작진,위즈덤하우스,20260729,경제/경영
9791161374246,S000219337221,세법개론 1(2026),"36,000","35,640",1%,3%,"1,080",임상엽 외,상경사,20260305,경제/경영
9791194880455,S000219211625,"AI 제국: 권력, 자본, 노동","28,800","25,920",10%,5%,"1,440",카렌 하오,생각의힘,20260227,경제/경영
9791140717064,S000219023124,부동산 경매 무작정 따라하기,"25,000","22,500",10%,5%,"1,250",이현정,길벗,20260130,경제/경영
9791175230088,S000217395322,실패를 통과하는 일,"20,000","18,000",10%,5%,"1,000",박소령,북스톤,20250919,경제/경영
9791193081167,S000217419135,사업의 철학(10주년 기념판),"21,000","18,900",10%,5%,"1,050",마이클 거버,라이팅하우스,20250915,경제/경영
9788962626667,S000217325457,"AGI, 천사인가 악마인가","18,000","16,200",10%,5%,900,김대식,동아시아,20250818,경제/경영
9791192519890,S000210866003,투자는 심리게임이다,"15,000","13,500",10%,5%,750,앙드레 코스톨라니,미래의창,20231110,경제/경영
9788901260679,S000061350430,넛지(파이널 에디션),"22,000","19,800",10%,5%,"1,100",리처드 탈러 외,리더스북,20220620,경제/경영
9791187444725,S000001901955,부의 추월차선(10주년 스페셜 에디션),"17,500","15,750",10%,5%,870,엠제이 드마코,토트,20220204,경제/경영
9791165795788,S000001840611,라오어의 미국주식 무한매수법,"16,000","14,400",10%,5%,800,라오어,알키,20210602,경제/경영
9788901092942,S000000403822,권력의 법칙,"28,000","25,200",10%,5%,"1,400",로버트 그린 외,웅진지식하우스,20090302,경제/경영
9791124789087,S000221280414,금지된 거래의 경제학,"32,000","28,800",10%,5%,"1,600",앨빈 로스,생각의힘,20261001,경제/경영
9791175230576,S000221189781,2027 트렌드 노트,"22,000","19,800",10%,5%,"1,100",박현영 외,북스톤,20260930,경제/경영
9791157848980,S000221328180,추세추종 매수매도 바이블,"25,000","22,500",10%,5%,"1,250",올투,한빛비즈,20260928,경제/경영
9791141617240,S000221337467,오늘의 감각,"22,000","19,800",10%,5%,"1,100",김미경,문학동네,20260923,경제/경영
9791199747388,S000221339941,"넥스트 엔비디아, 투자의 미래","23,000","20,700",10%,5%,"1,150",송종호,노티스,20260921,경제/경영
9791140720316,S000221109103,2027 대한민국 트렌드,"20,000","18,000",10%,5%,"1,000",조성호,길벗,20260914,경제/경영
9791139724363,S000221151797,카피라이팅 불변의 법칙,"25,000","22,500",10%,5%,"1,250",로버트 W. 블라이,현대지성,20260909,경제/경영
9791124226179,S000220788317,AI 시대의 마케팅 브레인,"22,000","19,800",10%,5%,"1,100",김지헌,갈매나무,20260828,경제/경영
9788935215164,S000220589311,위대한 경영의 12가지 조건,"30,000","27,000",10%,5%,"1,500",갤럽 외,청림출판,20260811,경제/경영
9791172102111,S000220307312,더 골 1,"24,000","21,600",10%,5%,"1,200",엘리 골드렛,동양북스,20260630,경제/경영
9791140718481,S000219570530,연금 투자 무작정 따라하기,"24,000","21,600",10%,5%,"1,200",김성일,길벗,20260506,경제/경영
9788925569574,S000219570471,부의 사다리에 올라타라,"23,000","20,700",10%,5%,"1,150",닉 매기울리,알에이치코리아,20260410,경제/경영
9791199747302,S000219469768,평생 월 500만 원 받는 월배당 ETF,"23,000","20,700",10%,5%,"1,150",배당의만장,노티스,20260323,경제/경영
9791155818589,S000219133542,콘텐츠 설계자,"21,800","19,620",10%,5%,"1,090",니콜라스 콜,윌북,20260209,경제/경영
9788986022995,S000217834880,모든 주식을 소유하라(리커버판),"18,000","16,200",10%,5%,900,존 보글,비즈니스맵,20250925,경제/경영
9788957822401,S000216669456,현명한 투자자,"28,000","25,200",10%,5%,"1,400",벤저민 그레이엄,국일증권경제연구소,20250602,경제/경영
9788925573762,S000216465663,"엔비디아 젠슨 황, 생각하는 기계","28,000","25,200",10%,5%,"1,400",스티븐 위트,알에이치코리아,20250525,경제/경영
9791130633619,S000001687079,부자의 그릇(블랙 에디션),"17,000","15,300",10%,5%,850,이즈미 마사토,다산북스,20240501,경제/경영
9791165347680,S000202806814,보랏빛 소가 온다,"18,000","16,200",10%,5%,900,세스 고딘,쌤앤파커스,20230712,경제/경영
9791188331888,S000201274192,사장학개론,"25,000","22,500",10%,5%,"1,250",김승호,스노우폭스북스,20230419,경제/경영
9791158883591,S000001772245,부자 아빠 가난한 아빠(20주년 특별 기념판),"17,000","15,300",10%,5%,850,로버트 기요사키,민음인,20221028,경제/경영
9791165217761,S000001834738,심리투자 불변의 법칙,"20,000","18,000",10%,5%,"1,000",마크 더글러스,더퀘스트,20211210,경제/경영
9791157842636,S000001760938,원칙,"35,000","31,500",10%,5%,"1,750",레이 달리오,한빛비즈,20180618,경제/경영
9791175230583,S000221327940,매스니치 서바이벌,"22,000","19,800",10%,5%,"1,100",이기문,북스톤,20260929,경제/경영
9791194831471,S000221242406,2027 비즈니스 트렌드,"25,000","22,500",10%,5%,"1,250",권기대,베가북스,20260928,경제/경영
9791193228081,S000221280195,다시 쓰는 나의 이력서,"18,000","16,200",10%,5%,900,오상원,머스트리드북,20260917,경제/경영
9791169852296,S000221280401,코트라 월드 트렌드 2027,"24,000","21,600",10%,5%,"1,200",KOTRA,페이지2북스,20260916,경제/경영
9791122040203,S000221108542,고객은 검색창을 떠났다,"23,800","21,420",10%,5%,"1,190",김유진,도서담,20260912,경제/경영
9788960309265,S000220994593,평생 월급을 만드는 저수지 투자법,"24,000","21,600",10%,5%,"1,200",여운봉,황금부엉이,20260909,경제/경영
9791124468371,S000221191559,월 200 받던 93년생 간호사가 4년 만에 27억을 만든 방법,"22,000","19,800",10%,5%,"1,100",부토리,필름(Feelm),20260909,경제/경영
9791162544990,S000220938305,부자의 영수증,"18,500","16,650",10%,5%,920,모리타 다카코,비즈니스북스,20260828,경제/경영
9791124468364,S000220996222,부의 출발선은 부모가 만든다,"19,000","17,100",10%,5%,950,로또맘,필름(Feelm),20260826,경제/경영
9788927813781,S000220939470,행운에 속지 마라,"28,000","25,200",10%,5%,"1,400",나심 니콜라스 탈렙,중앙북스,20260824,경제/경영
9791162544976,S000220854454,초풍요의 시대,"22,000","19,800",10%,5%,"1,100",피터 디아만디스 외,비즈니스북스,20260822,경제/경영
9791124622025,S000220929827,차트 패턴,"28,000","25,200",10%,5%,"1,400",토마스 N. 불코우스키,이레미디어,20260820,경제/경영
9791124649244,S000220646274,"공시 6년 실패, 중소기업 김 대리는 어떻게 6년 만에 22억을 벌었나","22,000","19,800",10%,5%,"1,100",김동면,모티브,20260803,경제/경영
9791124468289,S000220562322,레버리지 서클,"20,000","18,000",10%,5%,"1,000",강호동,필름(Feelm),20260720,경제/경영
9791172102258,S000220464986,무조건 팔리는 브랜드 마케팅 기술 100,"19,800","17,820",10%,5%,990,김경락 외,동양북스,20260714,경제/경영
9791169852098,S000220362618,"사라지는 돈, 살아남는 돈, 불어나는 돈","21,000","18,900",10%,5%,"1,050",김효진,페이지2북스,20260708,경제/경영
9791156266136,S000220363128,IFRS 재무회계 워크북,"24,000","24,000",0%,5%,"1,200",김기동,샘앤북스,20260701,경제/경영
9791124516355,S000220221559,검색은 끝났다 AEO·GEO 마케팅,"24,000","21,600",10%,5%,"1,200",주민건 외,골든래빗(주),20260615,경제/경영
9791194156413,S000219790863,AI 이후의 미래 어떻게 될 것인가,"18,800","16,920",10%,5%,940,제이슨 솅커,더페이지,20260510,경제/경영
9791193674383,S000219669213,피지컬 AI 2026,"25,000","22,500",10%,5%,"1,250",김덕진 외,스마트북스,20260417,경제/경영
9791175230408,S000219562689,누구나 혼자 서는 순간이 온다,"18,000","16,200",10%,5%,900,김나이,북스톤,20260409,경제/경영
9791124345016,S000219470255,세법개론 1(2026),"36,000","36,000",0%,3%,"1,080",이철재 외,리즈북스,20260319,경제/경영
9791191183351,S000219311042,경제기사 궁금증 300문 300답(2026),"29,800","26,820",10%,5%,"1,490",곽해선,혜다,20260305,경제/경영
9791194508694,S000218935697,2026~2027 대한민국 산업지도,"32,000","28,800",10%,5%,"1,600",이래학,경이로움,20260112,경제/경영
9791156265856,S000218933846,IFRS 중급회계 1,"32,000","31,000",3%,0%,0,김기동 외,샘앤북스,20260102,경제/경영
9791156265825,S000218858292,IFRS 회계원리,"32,000","31,680",1%,3%,960,김기동 외,샘앤북스,20260102,경제/경영
9791162544389,S000217602645,벤저민 그레이엄의 증권분석,"49,000","44,100",10%,5%,"2,450",벤저민 그레이엄 외,비즈니스북스,20250922,경제/경영
9791170612971,S000217279536,워런 버핏과 찰리 멍거,"35,000","31,500",10%,5%,"1,750",워런 버핏 외,교보문고,20250825,경제/경영
9791192272276,S000215791714,조직행동연구,"29,000","28,400",2%,2%,580,백기복 외,창민사,20250217,경제/경영
9791193941195,S000214596753,위대한 12주,"18,800","16,920",10%,5%,940,브라이언 P. 모런 외,클랩북스,20241107,경제/경영
9788986022919,S000214554655,마케팅 불변의 법칙,"16,800","15,120",10%,5%,840,알 리스 외,한올엠앤씨,20241022,경제/경영
9791170611875,S000214215646,시대예보: 호명사회,"22,000","19,800",10%,5%,"1,100",송길영,교보문고,20240925,경제/경영
9788925575438,S000212146919,컨셉 수업,"22,000","19,800",10%,5%,"1,100",호소다 다카히로,알에이치코리아,20240124,경제/경영
9788901279282,S000211905581,유목민의 투자의 정석,"28,000","25,200",10%,5%,"1,400",유목민,리더스북,20240117,경제/경영
9791139716474,S000211816166,국부론(국내 유일 단권 완역본),"38,000","34,200",10%,5%,"1,900",애덤 스미스,현대지성,20240108,경제/경영
9791171170418,S000208698551,일론 머스크,"38,000","34,200",10%,5%,"1,900",월터 아이작슨,21세기북스,20230913,경제/경영
9788934965961,S000208863224,죽은 경제학자의 살아있는 아이디어(30주년 기념판),"32,800","29,520",10%,5%,"1,640",토드 부크홀츠,김영사,20230911,경제/경영
9791169252218,S000061695672,라오어의 미국주식 밸류 리밸런싱,"18,000","16,200",10%,5%,900,라오어,알키,20220829,경제/경영
9788925578156,S000061350467,월급쟁이 부자로 은퇴하라(10만 부 돌파 기념 증보판),"19,800","17,820",10%,5%,990,너나위,알에이치코리아,20220620,경제/경영
9788957821848,S000000858144,금융투기의 역사,"25,000","22,500",10%,5%,"1,250",에드워드 챈슬러,국일증권경제연구소,20211025,경제/경영
9791190276023,S000001938229,일의 격,"18,000","16,200",10%,5%,900,신수정,턴어라운드,20210701,경제/경영
9788960518711,S000000928990,편집광만이 살아남는다,"18,000","16,200",10%,5%,900,앤드루 S. 그로브,부키,20210629,경제/경영
9791195936380,S000001969682,핑크펭귄(Pink Penguin),"15,000","13,500",10%,5%,750,빌 비숍,스노우폭스북스,20210428,경제/경영
9791196921538,S000001981882,관계우선의 법칙,"16,000","14,400",10%,5%,800,빌 비숍,애플씨드북스,20201020,경제/경영
9791165342326,S000001835635,스노우볼 팬더밍,"16,800","15,120",10%,5%,840,박찬우,쌤앤파커스,20201001,경제/경영
9788984077850,S000001302341,혁신기업의 딜레마(20주년 기념 개정판),"22,000","19,800",10%,5%,"1,100",클레이튼 M. 크리스텐슨,세종서적,20200330,경제/경영
9791196750459,S000001980152,전략의 거장으로부터 배우는 좋은 전략 나쁜 전략,"18,000","16,200",10%,5%,900,리차드 럼멜트,센시오,20190826,경제/경영
9791162540466,S000001813643,하워드 막스 투자와 마켓 사이클의 법칙,"18,000","16,200",10%,5%,900,하워드 막스,비즈니스북스,20181105,경제/경영
9791188279210,S000001912504,투자를 어떻게 할 것인가,"18,000","16,200",10%,5%,900,모니시 파브라이,이레미디어,20180705,경제/경영
9791157612819,S000001757349,수급 단타왕 주식투자 실전전략,"25,000","22,500",10%,5%,"1,250",고명환,메가스터디북스,20150429,경제/경영
9788960173507,S000000919917,부자 아빠의 21세기형 비즈니스,"14,000","12,600",10%,5%,700,로버트 기요사키 외,민음인,20140203,경제/경영
9791173328244,S000221350830,클루,"18,800","16,920",10%,5%,940,김혜주,김영사,20260922,경제/경영
9791164849307,S000221257521,초번영,"23,000","20,700",10%,5%,"1,150",이관후,매일경제신문사,20260918,경제/경영
9791124272800,S000221250703,머스코노미,"24,500","22,050",10%,5%,"1,220",정주용,한스미디어,20260917,경제/경영
9791193725511,S000221280578,완벽한 장부,"17,000","15,300",10%,5%,850,손보승,한국세무정보,20260916,경제/경영
9791124359129,S000220945787,매크로 씽킹,"24,000","21,600",10%,5%,"1,200",헤일리(이유림),여의도책방,20260909,경제/경영
9788925568263,S000221061939,재무제표 공부하지 말고 AI에게 맡겨라,"19,000","17,100",10%,5%,950,유흥관,알에이치코리아,20260905,경제/경영
9788947502993,S000221143314,집값의 법칙,"20,000","18,000",10%,5%,"1,000",권혁진,한국경제신문,20260904,경제/경영
9791175790650,S000220996926,실전 AX 리포트,"24,000","21,600",10%,5%,"1,200",박주혜 외,한빛미디어,20260830,경제/경영
9788925568485,S000220996817,달러 없는 미래,"28,000","25,200",10%,5%,"1,400",이하경,알에이치코리아,20260825,경제/경영
9791164849147,S000220789721,경제학자는 결코 손해 보지 않는다,"21,000","18,900",10%,5%,"1,050",한순구,매일경제신문사,20260825,경제/경영
9791199599987,S000220871800,장사는 설계다,"19,800","17,820",10%,5%,990,구자호,위즈덤코드,20260821,경제/경영
9791124637159,S000220767387,인재 없음,"22,000","19,800",10%,5%,"1,100",오용석,경이로움,20260819,경제/경영
9788966265411,S000220782856,스케일링 시대,"25,000","22,500",10%,5%,"1,250",드와르케시 파텔,인사이트,20260815,경제/경영
9791194353539,S000219811328,돈의 질서,"20,000","18,000",10%,5%,"1,000",김대호,이든하우스,20260806,경제/경영
9791199709263,S000220616153,경제패권 500년,"22,000","19,800",10%,5%,"1,100",김정호,보다나은,20260722,경제/경영
9791175230507,S000220340893,투자의 중력,"22,000","19,800",10%,5%,"1,100",황준호,북스톤,20260722,경제/경영
9791168344006,S000220563850,교양을 위한 최소한의 경제지식,"21,000","18,900",10%,5%,"1,050",SBS 교양이를 부탁해 외,인플루엔셜,20260715,경제/경영
9791199612150,S000219925111,AI격차,"22,000","19,800",10%,5%,"1,100",강협 외,도서담,20260630,경제/경영
9791130677460,S000220307588,주식 투자의 그릇,"20,000","18,000",10%,5%,"1,000",후지모토 시게루,다산북스,20260623,경제/경영
9791199059009,S000220178643,진짜 부자 가짜 부자,"25,000","22,500",10%,5%,"1,250",사경인,더클래스,20260611,경제/경영
9791159735103,S000220093504,재정학연습,"54,000","48,600",10%,1%,540,정병열,세경북스,20260527,경제/경영
9791161374345,S000219520067,재무관리 세트,"55,000","54,450",1%,3%,"1,650",김종길,상경사,20260401,경제/경영
9791157848676,S000219446416,박태웅의 AI 강의 2026,"23,000","20,700",10%,5%,"1,150",박태웅,한빛비즈,20260320,경제/경영
9791194793540,S000219312395,커뮤니티 빌더들,"22,000","19,800",10%,5%,"1,100",백영선(록담),현익출판,20260318,경제/경영
9791193153604,S000219406159,최소한의 경영학,"23,000","20,700",10%,5%,"1,150",신수정,더블북,20260312,경제/경영
9791156265993,S000219467700,2026 세법개론 2,"36,000","36,000",0%,5%,"1,800",강경태,샘앤북스,20260309,경제/경영
9791156265986,S000219438641,세법개론 1(2026),"36,000","34,920",3%,2%,720,강경태,샘앤북스,20260305,경제/경영
9791124070567,S000219302492,"다시, 초격차","22,000","19,800",10%,5%,"1,100",권오현,쌤앤파커스,20260303,경제/경영
9788955019094,S000219085074,IFRS 회계원리,"43,000","41,700",3%,0%,0,최관 외,신영사,20260210,경제/경영
9788947502412,S000219116321,AI 전환 절대 공식,"20,000","18,000",10%,5%,"1,000",김건우,한국경제신문,20260130,경제/경영
9791156265863,S000219023349,IFRS 중급회계 2,"32,000","31,000",3%,0%,0,김기동 외,샘앤북스,20260115,경제/경영
9791194634737,S000218854072,캔들차트 하나로 끝내는 추세추종 투자,"25,000","22,500",10%,5%,"1,250",성승현,포르체,20260107,경제/경영
9791198973283,S000218934233,IFRS 중급회계,"65,000","64,350",1%,3%,"1,950",신현걸 외,지승,20260102,경제/경영
9791199509009,S000218229970,대형주 추세추종 투자법칙,"22,000","19,800",10%,5%,"1,100",이종호(전황),사피엔테스,20251105,경제/경영
9791175230095,S000217549021,감각의 설계자들,"23,000","20,700",10%,5%,"1,150",김양아,북스톤,20250925,경제/경영
9791170613114,S000217421954,시대예보: 경량문명의 탄생,"22,000","19,800",10%,5%,"1,100",송길영,교보문고,20250911,경제/경영
9791194223917,S000217285698,어디에도 없는 부동산 임장 이야기,"19,800","17,820",10%,5%,990,김지훈(타이거) 외,두드림미디어,20250814,경제/경영
9791194620136,S000217149679,이웃집 백만장자(리미티드 에디션),"19,800","17,820",10%,5%,990,토머스 J. 스탠리 외,지니의서재,20250810,경제/경영
9788991378391,S000217068294,위대한 기업에 투자하라,"18,000","16,200",10%,5%,900,필립 피셔,굿모닝북스,20250715,경제/경영
9791193869260,S000216905918,인생을 바꾸는 최고의 ETF,"24,500","22,050",10%,5%,"1,220",잼투리,거인의정원,20250627,경제/경영
9791198092397,S000216878343,육일약국 갑시다,"20,000","18,000",10%,5%,"1,000",김성오,다크호스,20250627,경제/경영
9788925573649,S000216503106,도쿄 브랜딩,"20,000","18,000",10%,5%,"1,000",도쿄다반사,알에이치코리아,20250520,경제/경영
9788901294179,S000216104920,단 3개의 미국 ETF로 은퇴하라,"19,800","17,820",10%,5%,990,김지훈(포메뽀꼬),리더스북,20250324,경제/경영
9791198642790,S000215621723,경제학원론,"43,000","41,610",3%,0%,0,이준구 외,문우사,20250305,경제/경영
9791140712557,S000215788657,부동산 상식사전,"22,000","19,800",10%,5%,"1,100",백영록,길벗,20250305,경제/경영
9788962185638,S000215768656,맨큐의 경제학,"49,000","46,500",5%,0%,0,N. GREGORY MANKIW,경문사,20250214,경제/경영
9788984078581,S000215529096,공급망 붕괴의 시대,"24,000","21,600",10%,5%,"1,200",피터 S. 굿맨,세종서적,20250201,경제/경영
9791162264928,S000215551710,노동경제학,"39,000","38,610",1%,3%,"1,170",George J. Borjas,시그마프레스,20250120,경제/경영
9791155817629,S000213998811,스토리 설계자,"22,800","20,520",10%,5%,"1,140",짐 에드워즈,윌북,20240830,경제/경영
9791155816523,S000210138009,무기가 되는 시스템,"16,800","15,120",10%,5%,840,도널드 밀러,윌북,20231026,경제/경영
9788977707474,S000208434256,신 인사관리,"42,000","42,000",0%,3%,"1,260",박경규,홍문사,20230830,경제/경영
9791158512767,S000208590459,1%를 읽는 힘,"22,000","19,800",10%,5%,"1,100",메르,토네이도,20230830,경제/경영
9791155816295,S000203158743,브랜드 설계자,"24,800","22,320",10%,5%,"1,240",러셀 브런슨,윌북,20230817,경제/경영
9791197811784,S000202408948,투자도 인생도 복리처럼,"27,600","24,840",10%,5%,"1,380",가우탐 바이드,부크온,20230630,경제/경영
9788962452099,S000201603177,공무원이여 회계하자,"16,000","14,400",10%,5%,800,서은희,이비락,20230428,경제/경영
9788958535881,S000201190754,마케팅원론,"36,000","35,640",1%,1%,360,안광호 외,학현사,20230225,경제/경영
9791191590128,S000200742718,진짜 하루만에 이해하는 반도체 산업,"23,800","21,420",10%,5%,"1,190",박진성,티더블유아이지,20230206,경제/경영
9789813350274,S000061694629,국제경제학: 이론과 정책,"45,000","42,500",5%,0%,0,Paul R. Krugman 외,한빛아카데미,20220825,경제/경영
9791197536021,S000001987126,세계 경제지표의 비밀(The Secrets of Economic Indicators),"35,000","34,500",1%,3%,"1,050",버나드 보몰,맑은글,20220501,경제/경영
9788965964803,S000001029416,피터 린치의 이기는 투자,"29,800","26,820",10%,5%,"1,490",피터 린치 외,흐름출판,20211208,경제/경영
9791162542163,S000001813725,1년에 10억 버는 방구석 비즈니스,"17,800","16,020",10%,1%,170,라이언 대니얼 모런,비즈니스북스,20210615,경제/경영
9791130634432,S000001687131,돈의 시나리오,"17,000","15,300",10%,5%,850,김종봉 외,다산북스,20210113,경제/경영
9791191228366,S000001949396,주식투자 최적의 타이밍을 잡는 법,"22,000","19,800",10%,5%,"1,100",스탠 와인스타인,플로우,20201214,경제/경영
9788968443145,S000001057222,조직이론과 설계,"35,000","34,650",1%,1%,350,Richard L. Daft,한경사,20200911,경제/경영
9791162540947,S000001813666,로지컬 씽킹,"14,000","12,600",10%,5%,700,데루야 하나코 외,비즈니스북스,20190729,경제/경영
9791187799078,S000001906271,경매 권리분석 이렇게 쉬웠어?,"18,000","16,200",10%,5%,900,박희철(파이팅팔콘),지혜로,20190115,경제/경영
9788996303862,S000001594013,사마천의 화식열전 1,"12,000","10,800",10%,5%,600,우승택,참글세상,20100825,경제/경영
9788967999735,S000221329553,맨땅에 경매,"23,000","20,700",10%,5%,"1,150",안진우,북오션,20261007,경제/경영
9791164849239,S000221359501,거부세대,"21,000","18,900",10%,5%,"1,050",이동우,매일경제신문사,20261006,경제/경영
9791124637296,S000221337962,정책이 바뀌면 부동산 시장은 어떻게 움직이는가,"23,000","20,700",10%,5%,"1,150",송인호,경이로움,20261001,경제/경영
9791141189570,S000221248745,부의 영혼,"26,000","23,400",10%,5%,"1,300",대니얼 크로스비,알레,20260930,경제/경영
9791195903047,S000221383605,"세종, 위대한 생각","25,000","22,500",10%,5%,"1,250",박현모,글꽃,20260930,경제/경영
9791173328077,S000221268590,카이스트 미래전략 2027,"25,000","22,500",10%,5%,"1,250",KAIST 문술미래전략대학원 미래전략연구센터,김영사,20260930,경제/경영
9791124575635,S000221282055,위대한 팀은 비틀즈처럼 일한다,"22,000","19,800",10%,5%,"1,100",이두헌,쌤앤파커스,20260928,경제/경영
9788925568249,S000221173490,로켓 드림,"28,000","25,200",10%,5%,"1,400",크리스천 데이븐포트,알에이치코리아,20260922,경제/경영
9791191739282,S000221268844,상속마스터,"27,000","24,300",10%,5%,"1,350",정재완 외,PAN n PEN(팬앤펜),20260921,경제/경영
9791166894466,S000221362092,종목 선정의 기술(리커버),"25,000","22,500",10%,5%,"1,250",오버솔드,필라멘트북스,20260918,경제/경영
9788971806869,S000221371031,조선 무역 경제사,"20,000","20,000",0%,5%,"1,000",김희호,경북대학교출판부,20260918,경제/경영
9791176613156,S000221328241,서사경영,"29,800","26,820",10%,5%,"1,490",구스노키 겐,21세기북스,20260916,경제/경영
9791194409670,S000221327892,화성 골드러시,"26,000","23,400",10%,5%,"1,300",전성기,에이콘온,20260916,경제/경영
9791124272756,S000221237457,자율주행경영,"23,000","20,700",10%,5%,"1,150",신규섭,한스미디어,20260915,경제/경영
9791164849246,S000221062373,일은 누가 하는가?,"22,000","19,800",10%,5%,"1,100",이현석,매일경제신문사,20260910,경제/경영
9791144201033,S000221262468,전략을 움직이는 힘,"20,000","19,000",5%,3%,600,고인호 외,박영사,20260910,경제/경영
9791124629222,S000221193639,한 줄로 팔린다,"18,000","16,200",10%,5%,900,이현호,포르체,20260909,경제/경영
9791124026533,S000221175377,경매 초보 탈출,"19,800","17,820",10%,5%,990,안진희 외,두드림미디어,20260907,경제/경영
9791124516591,S000221101464,반도체 투자 지도,"24,000","21,600",10%,5%,"1,200",고영민,골든래빗(주),20260904,경제/경영
9791199600713,S000220939279,사과는 변하지 않았다,"18,000","16,200",10%,5%,900,오두환,미래세대,20260901,경제/경영
9791124369043,S000221109123,"K뷰티, 브랜드가 되다","19,000","17,100",10%,5%,950,이현종 외,북스타,20260830,경제/경영
9791172231750,S000221075406,"퇴근 후 1시간, 블로그로 월 2천만원 벌기","19,000","17,100",10%,5%,950,이서이,밥북,20260827,경제/경영
9791124075265,S000220635669,기획자의 언어,"18,800","16,920",10%,5%,940,편은지,빌리버튼,20260827,경제/경영
9791199433977,S000221177586,배베스토리 베이커리 PART 2: 창업실전편,"25,000","22,500",10%,5%,"1,250",배성훈 외,라이트&솔트프레스,20260826,경제/경영
9791124272664,S000220945487,환율의 온도,"22,000","19,800",10%,5%,"1,100",김명실,한스미디어,20260826,경제/경영
9788962627183,S000220988776,통찰노동,"20,000","18,000",10%,5%,"1,000",김진영,동아시아,20260826,경제/경영
9791124468357,S000220995538,월배당으로 은퇴하라!,"19,000","17,100",10%,5%,950,자본주의학교,필름(Feelm),20260826,경제/경영
9791124370735,S000220924325,온라인 건물주의 정석 기본편,"29,800","26,820",10%,5%,"1,490",김지수,모티브,20260825,경제/경영
9791124612514,S000220938820,오늘 주문 당일 도착의 경제학,"19,800","17,820",10%,5%,990,엄지용 외,시원북스,20260825,경제/경영
9791165385033,S000220996791,"나노벤처: 1명이 10,000명의 AI 조직원을 지휘하는 시대","19,000","17,100",10%,5%,950,송인혁 외,휴먼큐브,20260824,경제/경영
9791122010602,S000221031978,"조직문화, 리더의 태도가 만든다","22,000","19,800",10%,1%,220,김진혁 외,밸류스퀘어,20260821,경제/경영
9791193282830,S000220695177,주린이를 위한 최소한의 주식공부,"24,000","21,600",10%,5%,"1,200",불스토리,하이스트,20260818,경제/경영
9791175790759,S000220860384,정지훈의 AI 투자 강의,"28,000","25,200",10%,5%,"1,400",정지훈,한빛미디어,20260817,경제/경영
9791199477636,S000220568745,주식 가치평가를 위한 작은 책,"28,000","25,200",10%,5%,"1,400",애스워드 다모다란,부크온,20260815,경제/경영
9791199505728,S000220844048,먼저 지은 미래,"23,800","21,420",10%,5%,"1,190",최인천,리츠피아,20260814,경제/경영
9788955019292,S000220853922,회계와 사회,"35,000","35,000",0%,3%,"1,050",이종은 외,신영사,20260812,경제/경영
9791124591116,S000220734539,인플레이션은 누구를 부자로 만드는가,"26,800","24,120",10%,5%,"1,340",신환종,포레스트북스,20260812,경제/경영
9791157065912,S000220766157,모두를 위한 반도체 특별 과외,"22,000","19,800",10%,5%,"1,100",이봉렬,메디치미디어,20260807,경제/경영
9791124026441,S000220699452,AI도 못 읽는 토지경매 권리분석,"21,000","18,900",10%,5%,"1,050",박재우,두드림미디어,20260801,경제/경영
9788989874690,S000220616834,AI 오케스트레이터와 슈퍼 1인 기업,"23,000","20,700",10%,5%,"1,150",윤석빈,굿모닝미디어,20260730,경제/경영
9791194831396,S000220663367,New 존리의 금융문맹 탈출,"22,000","19,800",10%,5%,"1,100",존 리,베가북스,20260729,경제/경영
9788997947560,S000220663794,"아름다운 이별, 평화로운 상속","18,000","16,200",10%,5%,900,송영숙 외,지와수,20260728,경제/경영
9791191587937,S000220588157,인간이 유리하다,"23,000","20,700",10%,5%,"1,150",김용섭,퍼블리온,20260722,경제/경영
9788935215157,S000220465588,사고 싶은 마음의 공식,"20,000","18,000",10%,5%,"1,000",차현나,청림출판,20260722,경제/경영
9791172541385,S000220617744,리더의 질문법,"18,800","16,920",10%,5%,940,에드거 샤인 외,푸른숲,20260722,경제/경영
9791187799474,S000220354560,부동산 전문 변호사의 경매 유치권 이렇게 쉬웠어?,"30,000","27,000",10%,5%,"1,500",이시훈,지혜로,20260720,경제/경영
9791124073391,S000220363695,머니토큰,"19,000","17,100",10%,5%,950,정구태,미래의창,20260716,경제/경영
9791186689646,S000220663123,스마트 경영과학,"42,000","42,000",0%,3%,"1,260",민재형,생능,20260715,경제/경영
9788960309241,S000220429696,주식은 미국의 전략을 따라 움직인다,"24,000","21,600",10%,5%,"1,200",소현철,황금부엉이,20260715,경제/경영
9791124629086,S000220466487,"탁월한 리더, 성장하는 조직","21,000","18,900",10%,5%,"1,050",백종화,포르체,20260715,경제/경영
9791175790704,S000220466593,AI가 두려운 당신에게,"17,800","16,020",10%,5%,890,배경훈 외,한빛미디어,20260715,경제/경영
9788994867113,S000220516499,주택과 세금(2026),"7,000","7,000",0%,5%,350,국세청,국세청,20260715,경제/경영
9791199333376,S000220455735,벤처투자 표준계약서 및 해설서(2026),"8,500","7,650",10%,5%,420,한국벤처투자 외,지식상자,20260710,경제/경영
9791194322290,S000220350859,1억부터는 포트폴리오다,"25,000","22,500",10%,5%,"1,250",신환종,에프엔미디어,20260701,경제/경영
9791172102128,S000220307314,더 골 2,"22,000","19,800",10%,5%,"1,100",엘리 골드렛 외,동양북스,20260630,경제/경영
9791199477643,S000220177978,흔들리지 않는 투자자,"22,000","19,800",10%,5%,"1,100",최락현,부크온,20260630,경제/경영
9791176213110,S000220356070,복합불황(2027~2030),"24,000","21,600",10%,5%,"1,200",박홍기,바른북스,20260629,경제/경영
9788947502856,S000220282629,주식시장 흐름 읽는 법,"20,000","18,000",10%,5%,"1,000",우라가미 구니오,한국경제신문,20260629,경제/경영
9791124073308,S000220241113,AI 플러스 이코노미,"19,800","17,820",10%,5%,990,이경전,미래의창,20260629,경제/경영
9791166894275,S000220342662,저가 매수의 기술,"27,000","24,300",10%,5%,"1,350",오버솔드,필라멘트북스,20260626,경제/경영
9791194359548,S000220341635,인적자원관리,"45,000","45,000",0%,3%,"1,350",강성춘 외,율곡출판사,20260625,경제/경영
9791124309148,S000220222353,중국 AI 미래 지도,"27,000","24,300",10%,5%,"1,350",임선영,책만,20260623,경제/경영
9791176212892,S000220273602,역량붕괴 Competency Collapse,"19,000","17,100",10%,5%,950,남기웅,바른북스,20260618,경제/경영
9791198404275,S000220120901,달러 역설,"28,000","25,200",10%,5%,"1,400",오태민,헤리티지북스,20260617,경제/경영
9788932925806,S000220211403,중부권 메가시티 사용설명서,"24,000","21,600",10%,5%,"1,200",김시덕,열린책들,20260615,경제/경영
9791170527473,S000220209940,부자 아빠의 리치 패밀리,"17,000","15,300",10%,5%,850,로버트 기요사키,민음인,20260610,경제/경영
9791198295477,S000220101913,그래서 3km 동네 광고,"18,000","16,200",10%,5%,900,그래서노벰버(윤민옥),아이허브,20260529,경제/경영
9791124197066,S000219972792,투자의 심리,"23,000","20,700",10%,5%,"1,150",김진영,위너스북,20260520,경제/경영
9791162544754,S000219881464,따라 하면 무조건 돈 버는 실전 부동산 경매: 수익실현편,"24,000","21,600",10%,5%,"1,200",유근용,비즈니스북스,20260511,경제/경영
9791164848751,S000219671874,최소한의 1억 습관,"20,000","18,000",10%,5%,"1,000",김나연(요니나),매일경제신문사,20260427,경제/경영
9791199747319,S000219751883,주식투자를 잘한다는 것,"22,000","19,800",10%,5%,"1,100",육과장,노티스,20260425,경제/경영
9791173578823,S000219713552,피터케이의 이기는 투자 불변의 법칙,"22,000","19,800",10%,5%,"1,100",피터케이,21세기북스,20260415,경제/경영
9791193939529,S000219713095,처음 하는 브랜딩 공부,"21,000","18,900",10%,5%,"1,050",장사 권프로(권정훈) 외,라곰,20260415,경제/경영
9791164848744,S000219616637,재개발 재건축 마스터 로드맵,"19,800","17,820",10%,5%,990,구찬림 외,매일경제신문사,20260415,경제/경영
9791140718368,S000219570322,제미나이 주식투자,"20,000","18,000",10%,5%,"1,000",조성호,길벗,20260410,경제/경영
9791194353492,S000219434677,주식으로 부자됩시다,"20,000","18,000",10%,5%,"1,000",박세익,이든하우스,20260410,경제/경영
9791175780118,S000219647726,패턴 파괴자들,"24,800","22,320",10%,5%,"1,240",마이크 메이플스 주니어(Mike Maples Jr.) 외,부키,20260408,경제/경영
9788928706921,S000219648712,금융 AI 리터러시 1,"22,000","22,000",0%,3%,660,이병욱 외,한국금융연수원,20260407,경제/경영
9791161374277,S000219598366,세법학1 강의노트(2026),"11,000","11,000",0%,3%,330,정정운,상경사,20260403,경제/경영
9791194634874,S000219513874,3040 부린이 처음 부동산 투자,"24,000","21,600",10%,5%,"1,200",김학렬(빠숑),포르체,20260401,경제/경영
9788957822616,S000219341505,반도체 밸류체인 투자,"28,000","25,200",10%,5%,"1,400",손정우,국일증권경제연구소,20260330,경제/경영
9791168343726,S000219549893,투자 불패의 법칙,"29,800","26,820",10%,5%,"1,490",배리 리트홀츠,인플루엔셜,20260327,경제/경영
9791190819473,S000216190532,법인경리 회계세무 4대 보험 인사급여,"33,000","29,700",10%,5%,"1,650",손원준,지식만들기,20260313,경제/경영
9791194368939,S000219384685,대한민국 부동산의 역사,"22,000","19,800",10%,5%,"1,100",홍춘욱,상상스퀘어,20260311,경제/경영
9791163061373,S000219446849,2026 주택임대 사업자의 모든 것,"28,000","25,200",10%,5%,"1,400",지병근 외,더존테크윌,20260306,경제/경영
9791156265894,S000219080827,2026 세법강의 summary 2,"25,000","24,900",0%,5%,"1,250",강경태,샘앤북스,20260220,경제/경영
9791156265887,S000219080829,2026 세법강의 summary 1,"25,000","23,900",4%,1%,250,강경태,샘앤북스,20260220,경제/경영
9791157848584,S000219194551,저는 주식투자가 처음인데요(2026),"22,000","19,800",10%,5%,"1,100",강병욱,한빛비즈,20260214,경제/경영
9791140717095,S000219211208,팀장의 탄생,"22,000","19,800",10%,5%,"1,100",줄리 주오,더퀘스트,20260206,경제/경영
9788962185997,S000219077082,누구나 쉽게 배우는 맨큐의 경제학 입문,"33,000","32,670",1%,3%,990,N. Gregory Mankiw,센게이지러닝코리아,20260126,경제/경영
9791162544594,S000219054584,왕초보도 바로 돈 버는 부동산 경매의 기술,"22,000","19,800",10%,1%,220,정민우,비즈니스북스,20260126,경제/경영
9791194777960,S000219025007,에이전틱 AI,"35,000","31,500",10%,5%,"1,750",파스칼 보넷 외,한스미디어,20260123,경제/경영
9788925569949,S000219001119,부동산은 어떻게 권력이 되었나,"25,000","22,500",10%,5%,"1,250",마이크 버드,알에이치코리아,20260121,경제/경영
9791124121061,S000218935590,그냥 팔지 말라 스마트스토어,"36,500","32,850",10%,5%,"1,820",맥작가,애플씨드,20260119,경제/경영
9791140717415,S000218934610,제로클릭,"18,800","16,920",10%,5%,940,손승완,길벗,20260115,경제/경영
9791173577345,S000219001122,더 코인 THE COIN,"24,000","21,600",10%,5%,"1,200",성상현,21세기북스,20260114,경제/경영
9791193262894,S000218968277,모두를 위한 비트코인,"21,000","18,900",10%,5%,"1,050",나탈리 브루넬,필름(Feelm),20260114,경제/경영
9791190819503,S000218778716,국세청 법인결산 세무조사 경영상법,"35,000","31,500",10%,5%,"1,750",손원준,지식만들기,20260109,경제/경영
9791193732298,S000218880654,서울시 역세권 재개발 최강투자,"28,000","25,200",10%,5%,"1,400",전영진,진서원,20260102,경제/경영
9791199612501,S000218880593,라이프 오브 컨설턴트,"21,000","18,900",10%,5%,"1,050",김이나,북엔드,20251223,경제/경영
9791193904664,S000218731281,부에 이르는 가장 단순한 길,"25,000","22,500",10%,5%,"1,250",JL 콜린스,서삼독,20251218,경제/경영
9791124070253,S000218749802,혼·창·통(50만 부 기념 골드 에디션),"19,800","17,820",10%,5%,990,이지훈,쌤앤파커스,20251217,경제/경영
9788925572819,S000218680947,부자들의 개인 도서관,"23,000","20,700",10%,5%,"1,150",이상건,알에이치코리아,20251205,경제/경영
9791194620211,S000218570349,피지컬 AI 패권 전쟁,"19,800","17,820",10%,5%,990,박종성,지니의서재,20251205,경제/경영
9791192519425,S000201225712,실전 투자강의(25주년 특별 기념판),"21,000","18,900",10%,5%,"1,050",앙드레 코스톨라니,미래의창,20251202,경제/경영
9791194353379,S000218358457,누구나 투자로 부자가 될 수 있다,"20,000","18,000",10%,5%,"1,000",배재규,이든하우스,20251130,경제/경영
9791124026021,S000218330339,구만수 박사 3시간 공부하고 30년 써먹는 부동산 시장 분석 기법,"20,000","18,000",10%,5%,"1,000",구만수,두드림미디어,20251103,경제/경영
9791194793229,S000217526643,고수의 M&A 바이블,"23,000","20,700",10%,5%,"1,150",장현희,현익미디어,20251003,경제/경영
9791173323201,S000217583791,카이스트 미래전략 2026,"25,000","22,500",10%,5%,"1,250",KAIST 문술미래전략대학원 미래전략연구센터,김영사,20250930,경제/경영
9791193638859,S000217467412,트렌드 코리아 2026,"20,000","18,000",10%,5%,"1,000",김난도 외,미래의창,20250924,경제/경영
9791194322146,S000217306182,워런 버핏 바이블: 완결판,"38,000","34,200",10%,5%,"1,900",워런 버핏 외,에프엔미디어,20250827,경제/경영
9791193638781,S000217223022,K뷰티 트렌드,"18,000","16,200",10%,5%,900,김난도 외,미래의창,20250827,경제/경영
9788955019001,S000217395225,국가·지방자치단체 정부회계,"27,000","26,730",1%,1%,270,윤재원 외,신영사,20250825,경제/경영
9791192248349,S000217251615,기술공화국 선언,"26,000","23,400",10%,5%,"1,300",알렉스 카프 외,지식노마드,20250815,경제/경영
9791155818442,S000217034988,새로운 질서,"19,800","17,820",10%,5%,990,헨리 키신저 외,윌북,20250814,경제/경영
9788931479867,S000216719134,미치도록 보고 싶었던 돈의 얼굴,"20,000","18,000",10%,5%,"1,000",EBS 돈의 얼굴 제작진 외,영진닷컴,20250705,경제/경영
9791170436515,S000216848101,아무나 쉽게 성공하는 인스타그램 마케팅,"20,000","18,000",10%,5%,"1,000",황규진,원앤원북스,20250703,경제/경영
9788965967286,S000216912396,부자들의 음모,"18,000","16,200",10%,5%,900,로버트 기요사키,흐름출판,20250701,경제/경영
9788971106778,S000217120030,국제경제론,"39,000","39,000",0%,3%,"1,170",김인준 외,다산출판사,20250630,경제/경영
9791155818053,S000216953171,1도의 가격,"22,000","19,800",10%,5%,"1,100",박지성,윌북,20250630,경제/경영
9791198987631,S000216865985,세계 경제 지각 변동,"22,000","19,800",10%,5%,"1,100",박종훈,글로퍼스,20250627,경제/경영
9791157848119,S000216579447,빅 사이클,"38,000","34,200",10%,5%,"1,900",레이 달리오,한빛비즈,20250603,경제/경영
9788952139580,S000216484170,대한민국 마지막 기회가 온다,"18,000","17,800",1%,5%,900,김태유,서울대학교출판문화원,20250516,경제/경영
9788967442927,S000216362211,코칭이 심리학을 만났을 때,"18,000","16,200",10%,5%,900,김종명,에디터,20250430,경제/경영
9791157848034,S000216304793,주택청약의 모든 것(2025~2026),"18,000","16,200",10%,5%,900,한국부동산원,한빛비즈,20250428,경제/경영
9791198375971,S000216064749,마라톤 투자자 서한,"29,500","26,550",10%,5%,"1,470",에드워드 챈슬러,부크온,20250415,경제/경영
9791192999739,S000215979428,결핍은 우리를 어떻게 변화시키는가,"24,800","22,320",10%,5%,"1,240",센딜 멀레이너선 외,빌리버튼,20250327,경제/경영
9791173571640,S000216037620,"이나모리 가즈오, 부러지지 않는 마음","22,000","19,800",10%,5%,"1,100",이나모리 가즈오,21세기북스,20250326,경제/경영
9791140712779,S000216063370,경제 상식사전,"20,000","18,000",10%,5%,"1,000",김민구,길벗,20250321,경제/경영
9791172230661,S000216049537,자산운용사 펀드회계 실무가이드,"20,000","18,000",10%,5%,"1,000",최영,밥북,20250317,경제/경영
9791130322315,S000215912344,거시경제학,"38,000","37,620",1%,3%,"1,140",김경수 외,박영사,20250228,경제/경영
9788962452365,S000215850905,아주 쉬운 계약 실무,"19,000","17,100",10%,5%,950,김재곤 외,이비락,20250226,경제/경영
9791140712090,S000215528702,월급쟁이 재테크 상식사전,"19,800","17,820",10%,5%,990,우용표,길벗,20250226,경제/경영
9791193638897,S000215722968,세상 친절한 세금 수업,"19,000","17,100",10%,5%,950,김현주,미래의창,20250221,경제/경영
9791171713233,S000215746913,부의 공식,"22,000","19,800",10%,5%,"1,100",스콧 갤러웨이,위즈덤하우스,20250212,경제/경영
9791170525516,S000215649289,부자는 왜 더 부자가 되는가,"19,000","17,100",10%,5%,950,로버트 기요사키,민음인,20250205,경제/경영
9788925574028,S000215527976,당신은 사업가입니까,"25,000","22,500",10%,5%,"1,250",캐럴 로스,알에이치코리아,20250131,경제/경영
9791193394533,S000215015226,라이어스 포커,"18,500","16,650",10%,5%,920,마이클 루이스,이레미디어,20250124,경제/경영
9788955018721,S000215064172,생활속의 경영학,"33,000","32,000",3%,0%,0,장영광 외,신영사,20250115,경제/경영
9791193937396,S000215067855,왜 그들만 부자가 되는가,"22,000","19,800",10%,5%,"1,100",필립 바구스 외,북모먼트,20250108,경제/경영
9791193262337,S000214961150,상권을 이기는 작은 가게 성공 법칙,"18,500","16,650",10%,5%,920,임상진,필름(Feelm),20241211,경제/경영
9791140714285,S000214792618,처음부터 배우는 부동산 경매투자,"23,000","20,700",10%,5%,"1,150",엠제이(장재호),길벗,20241122,경제/경영
9791192981765,S000214181453,경영분석,"28,000","27,720",1%,2%,560,김주일,탑북스,20240830,경제/경영
9788955018646,S000213901960,회계원리,"40,000","38,700",3%,0%,0,최종학 외,신영사,20240725,경제/경영
9791171176373,S000213474992,"경영, 이나모리 가즈오 원점을 말하다","39,800","35,820",10%,5%,"1,990",이나모리 가즈오,21세기북스,20240626,경제/경영
9791160456448,S000213352590,재무관리 가이드북,"25,000","23,700",5%,5%,"1,250",지한송,세진사,20240605,경제/경영
9791189168438,S000213078539,만화로 보는 맨큐의 경제학 세트,"162,000","145,800",10%,5%,"8,100",김용석 외,이러닝코리아,20240430,경제/경영
9791192981628,S000212649994,증권투자의이해,"28,000","28,000",0%,3%,840,박영규 외,탑북스,20240228,경제/경영
9791155816875,S000211905608,트래픽 설계자,"24,800","22,320",10%,5%,"1,240",러셀 브런슨,윌북,20240210,경제/경영
9788964149829,S000212228188,국제운송·해상보험,"31,000","29,450",5%,5%,"1,550",한상현,두남,20240205,경제/경영
9788955018516,S000212158240,원가관리회계,"40,000","38,700",3%,0%,0,백태영,신영사,20240124,경제/경영
9791193394168,S000211729276,돌파매매 전략,"25,000","22,500",10%,5%,"1,250",systrader79 외,이레미디어,20240117,경제/경영
9791160079982,S000211812703,더 커밍 웨이브,"25,000","22,500",10%,5%,"1,250",무스타파 술레이만,한스미디어,20240111,경제/경영
9791193394113,S000211556789,주식 매매하는 법,"17,000","15,300",10%,5%,850,제시 리버모어,이레미디어,20231226,경제/경영
9791191769586,S000211650748,불멸의 지혜,"16,800","15,120",10%,5%,840,윌러스 델로이드 와틀즈,스노우폭스북스,20231220,경제/경영
9788998342784,S000209666314,마법의 연금 굴리기,"18,000","16,200",10%,5%,900,김성일,에이지21,20231011,경제/경영
9791198290502,S000208894942,정상윤의 영업 레시피,"15,800","14,220",10%,5%,790,정상윤,어포인트,20230904,경제/경영
9791169850360,S000203074371,위기의 역사,"28,000","25,200",10%,5%,"1,400",오건영,페이지2북스,20230719,경제/경영
9791130643632,S000202676879,비열한 시장과 도마뱀의 뇌,"20,000","18,000",10%,5%,"1,000",테리 버넘,다산북스,20230619,경제/경영
9788960519831,S000201772360,"칩워, 누가 반도체 전쟁의 최후 승자가 될 것인가","28,000","25,200",10%,5%,"1,400",크리스 밀러,부키,20230519,경제/경영
9791157688715,S000201529446,무조건 팔리는 심리 마케팅 기술 100,"17,800","16,020",10%,5%,890,사카이 도시오,동양북스,20230426,경제/경영
9788925576596,S000201510913,처음 배우는 주식 차트,"38,000","34,200",10%,5%,"1,900",친절한 재승씨,알에이치코리아,20230421,경제/경영
9788980975853,S000201163994,세일즈 클로징,"25,000","22,500",10%,5%,"1,250",지그 지글러,핀라이트,20230331,경제/경영
9788960519770,S000201305565,장하준의 경제학 강의(리커버),"22,000","19,800",10%,5%,"1,100",장하준,부키,20230330,경제/경영
9791191328790,S000201099400,초수익 성장주 투자,"25,000","22,500",10%,5%,"1,250",마크 미너비니,이레미디어,20230317,경제/경영
9791189318413,S000201203787,한국형 가치투자,"18,000","16,200",10%,5%,900,최준철 외,이콘,20230315,경제/경영
9791191328776,S000201015943,제시 리버모어의 주식투자 바이블(정식 계약 완역판),"17,500","15,750",10%,5%,870,제시 리버모어,이레미디어,20230310,경제/경영
9791132112815,S000200647683,Ross의 엣센셜 기업재무,"37,000","35,840",3%,0%,0,Stephen A. Ross 외,맥그로힐에듀케이션코리아,20230126,경제/경영
9791162264157,S000200617651,거시경제학,"45,000","43,650",3%,1%,450,N. Gregory Mankiw,시그마프레스,20230110,경제/경영
9788901268095,S000200550194,경제학 콘서트 1,"19,000","17,100",10%,5%,950,팀 하포드,웅진지식하우스,20221231,경제/경영
9788901266428,S000200297591,최고의 팀은 무엇이 다른가,"18,000","16,200",10%,5%,900,대니얼 코일,웅진지식하우스,20221122,경제/경영
9791158512507,S000061897284,세계 최고의 CEO는 어떻게 일하는가,"28,000","25,200",10%,5%,"1,400",캐롤린 듀어 외,토네이도,20221013,경제/경영
9788925577449,S000061896179,화폐전쟁 5,"32,000","28,800",10%,5%,"1,600",쑹훙빙,알에이치코리아,20220926,경제/경영
9791188754649,S000061451179,워런 버핏의 주주 서한,"32,000","28,800",10%,5%,"1,600",워렌 버핏 (원저) 외,에프엔미디어,20220722,경제/경영
9791191812213,S000001953292,거시경제론,"40,000","40,000",0%,3%,"1,200",정운찬 외,율곡출판사,20220315,경제/경영
9791191328455,S000001950425,스티브 니슨의 캔들차트 투자기법(리커버판),"27,000","24,300",10%,5%,"1,350",스티브 니슨,이레미디어,20220130,경제/경영
9791139701326,S000001718365,픽사 스토리텔링,"18,000","16,200",10%,5%,900,매튜 룬,현대지성,20220121,경제/경영
9791159318108,S000001777389,도박꾼이 아니라  트레이더가 되어라,"22,000","19,800",10%,5%,"1,100",앤드루 아지즈,책세상,20220103,경제/경영
9788965964797,S000001029415,피터 린치의 투자 이야기,"19,000","17,100",10%,5%,950,피터 린치 외,흐름출판,20211201,경제/경영
9791191464603,S000001951568,맥킨지 논리력 수업,"16,000","14,400",10%,5%,800,저우궈위안,미래의창,20211201,경제/경영
9788901252438,S000000408126,초격차 투자법,"23,000","20,700",10%,5%,"1,150",잭 슈웨거,리더스북,20210825,경제/경영
9791188754427,S000001918162,주식투자의 지혜,"18,000","16,200",10%,5%,900,천장팅,에프엔미디어,20210610,경제/경영
9791191347180,S000001950593,매매의 기술,"18,000","16,200",10%,5%,900,박병창,포레스트북스,20210514,경제/경영
9791130635873,S000001687213,왜 리더인가,"16,000","14,400",10%,5%,800,이나모리 가즈오,다산북스,20210512,경제/경영
9791155642238,S000001727186,경제적 해자,"15,000","13,500",10%,5%,750,팻 도시,북스토리,20210322,경제/경영
9788947547031,S000000696109,하드씽,"18,000","16,200",10%,5%,900,벤 호로위츠,한국경제신문,20210315,경제/경영
9788901248684,S000000408037,행동경제학,"28,000","25,200",10%,5%,"1,400",리처드 탈러,웅진지식하우스,20210311,경제/경영
9791130312347,S000001681326,K-IFRS 회계원리,"35,000","35,000",0%,3%,"1,050",김순기 외,박영사,20210228,경제/경영
9791158392369,S000001766457,그로스 해킹,"15,000","13,500",10%,5%,750,양승화,위키북스,20210114,경제/경영
9791161754826,S000001804985,초과 수익을 찾아서,"30,000","27,000",10%,5%,"1,500",이고르 툴친스키,에이콘출판,20210104,경제/경영
9789813136885,S000001645081,화폐와 금융,"40,000","39,600",1%,3%,"1,200",Frederic S. Mishkin,퍼스트북,20210101,경제/경영
9791188279951,S000001912539,심리투자 법칙,"27,000","24,300",10%,5%,"1,350",알렉산더 엘더,이레미디어,20201215,경제/경영
9791187799146,S000001906277,엑시트(Exit),"17,000","15,300",10%,5%,850,송희창,지혜로,20201123,경제/경영
9788935213269,S000000600543,생각하지 않는 사람들(10주년),"20,000","18,000",10%,5%,"1,000",니콜라스 카,청림출판,20201005,경제/경영
9788925589893,S000000479446,화폐전쟁 2,"32,000","28,800",10%,5%,"1,600",쑹훙빙,알에이치코리아,20200914,경제/경영
9788925589909,S000000479447,화폐전쟁 1,"32,000","28,800",10%,5%,"1,600",쑹훙빙,알에이치코리아,20200914,경제/경영
9791157843763,S000001760995,내러티브 & 넘버스,"18,000","16,200",10%,5%,900,애스워드 다모다란,한빛비즈,20200520,경제/경영
9791190242271,S000001937724,재무제표 모르면 주식투자 절대로 하지마라,"19,800","17,820",10%,5%,990,사경인,베가북스,20200110,경제/경영
9791196509460,S000001977288,네이비씰 승리의 기술,"18,500","16,650",10%,5%,920,조코 윌링크 외,메이븐,20190812,경제/경영
9788984077560,S000001302312,OKR,"19,000","17,100",10%,5%,950,이길상,세종서적,20190325,경제/경영
9791187444213,S000001901933,언스크립티드,"19,800","17,820",10%,5%,990,엠제이 드마코,토트,20180117,경제/경영
9788996724155,S000001602408,내 작은 출판사 시작하기,"15,500","13,950",10%,5%,770,이승훈,북스페이스,20170915,경제/경영
9791187799023,S000001906267,송사무장의 부동산 경매의 기술,"16,000","14,400",10%,5%,800,송희창,지혜로,20170425,경제/경영
9788962805581,S000000974212,수급단타왕 수급매매 절대비기,"25,000","22,500",10%,5%,"1,250",고명환,메가스터디북스,20160222,경제/경영
9788937432231,S000000619479,지적자본론,"13,800","12,420",10%,5%,690,마스다 무네아키,민음사,20151102,경제/경영
9788937837685,S000000625551,지방소멸,"22,000","19,800",10%,5%,"1,100",마스다 히로야,와이즈베리,20150905,경제/경영
9788991998995,S000001490332,주식에 장기투자하라,"27,000","24,300",10%,5%,"1,350",제러미 시겔,이레미디어,20150610,경제/경영
9788937834332,S000000625400,안티프래질(Antifragile),"28,000","25,200",10%,5%,"1,400",나심 니콜라스 탈레브,와이즈베리,20131001,경제/경영
9788954622431,S000000778759,컨테이저스 전략적 입소문,"16,000","14,400",10%,5%,800,조나 버거,문학동네,20130926,경제/경영
9788965701354,S000001024430,팔지 마라 사게 하라,"18,000","16,200",10%,5%,900,장문정,쌤앤파커스,20130509,경제/경영
9788952215444,S000000721402,디퍼런트,"20,000","18,000",10%,5%,"1,000",문영미,살림Biz,20110125,경제/경영
9788973400539,S000001137864,시련은 있어도 실패는 없다,"10,000","9,000",10%,5%,500,정주영,제삼기획,20090910,경제/경영
9788991998162,S000001490252,거래의 신 혼마,"17,500","15,750",10%,5%,870,혼마 무네히사 ,이레미디어,20080415,경제/경영
9788901065229,S000000402208,괴짜 경제학,"20,000","18,000",10%,5%,"1,000",스티븐 레빗 외,웅진지식하우스,20070425,경제/경영
9791198748683,S000220053284,크레딧 투자 핸드북,"42,000","37,800",10%,5%,"2,100",마이클 가토,비즈니스 101,20261031,경제/경영
9791124863039,S000221370353,더 비트코인 넥스트 사이클,"23,000","20,700",10%,5%,"1,150",곽성훈(코인덕),체인지업,20261012,경제/경영
9791189172671,S000221365373,사고의 5S,"18,000","16,200",10%,5%,900,오춘백,W미디어,20261010,경제/경영
9791124102091,S000221353829,침투율의 법칙,"22,000","19,800",10%,5%,"1,100",이형수,지베르니,20261009,경제/경영
9788989874706,S000221353651,"비트코인, 심리 투자에서 데이터 투자로","23,000","20,700",10%,5%,"1,150",박문수,굿모닝미디어,20260930,경제/경영
9788965295150,S000221161797,토큰을 지배하는 기업이 시장을 지배한다,"20,000","18,000",10%,5%,"1,000",가회광,씽크스마트,20260930,경제/경영
9791197309229,S000221363255,공연마케팅 101,"14,800","13,320",10%,5%,740,최상윤,생각의다리,20260926,경제/경영
9791163385271,S000221383812,하이퍼포머 헤어 디자이너를 위한 CS 매뉴얼,"25,000","22,500",10%,5%,"1,250",장형안,더로드,20260925,경제/경영
9791193229569,S000221270836,AI가 만드는 인간의 미래,"24,000","21,600",10%,5%,"1,200",정인호,로드북,20260921,경제/경영
9791170437857,S000221280356,"채권 투자, 금리 예측이 아니라 구조를 보라","22,000","19,800",10%,5%,"1,100",신년기,원앤원북스,20260921,경제/경영
9791199824218,S000221236285,리더는 어떻게 AX 설계자가 되는가?,"23,000","20,700",10%,5%,"1,150",강병관 외,호이테북스,20260920,경제/경영
9788946084810,S000221335540,플랫폼국가론,"25,000","22,500",10%,1%,250,김용진,한울아카데미,20260918,경제/경영
9791199573987,S000221265560,적은 자본으로 가장 빠르게 은퇴하는 법,"23,000","20,700",10%,5%,"1,150","수비 부부(남성욱, 조지은)",퍼텐셜하우스,20260915,경제/경영
9791139234831,S000221359610,프랜차이즈 슈퍼바이저 현장 교과서,"17,800","16,020",10%,5%,890,김민성,지식과감성,20260915,경제/경영
9791167846525,S000221282166,세금의 원리,"45,000","45,000",0%,5%,"2,250",박재혁,삼일인포마인,20260911,경제/경영
9791124309179,S000221152117,미고객의 이해,"22,000","19,800",10%,5%,"1,100",세리자와 렌,책만,20260911,경제/경영
9791166396045,S000220992907,관광학원론,"33,000","33,000",0%,2%,660,김흥렬,백산출판사,20260910,경제/경영
9791124621189,S000221268441,미국 코치와 한국 코치가 함께 쓴 PCC 가이드,"27,000","24,300",10%,5%,"1,350",최현정 외,북코리아,20260910,경제/경영
9791157848973,S000221189213,"AI 에이전트, 우리는 이렇게 씁니다","22,000","19,800",10%,5%,"1,100",서재오 외,한빛비즈,20260910,경제/경영
9791164849222,S000221191726,꾸준히 오래 버는 ETF 활용 전략,"19,800","17,820",10%,5%,990,최준 외,매일경제신문사,20260910,경제/경영
9788960543454,S000221074079,"말을 바꿔라, 팀이 움직인다","18,000","16,200",10%,5%,900,김용이,중앙경제평론사,20260910,경제/경영
9791129065346,S000221152006,팔란티어는 왜 AX의 중심이 되었는가,"15,000","15,000",0%,3%,450,심재우,진한엠앤비,20260910,경제/경영
9791122069600,S000221048065,조세범칙조사실무해설,"100,000","90,000",10%,5%,"5,000",김진우 외,해송출판사,20260909,경제/경영
9791124637258,S000220947223,귀여움을 팔아라,"23,000","20,700",10%,5%,"1,150",윤진호,경이로움,20260909,경제/경영
9788966227488,S000221179048,재무회계강의(4판),"27,000","27,000",0%,3%,810,최종익 외,세학사,20260908,경제/경영
9788925568409,S000220930471,2049: AI가 만드는 25년 후 세상,"20,000","18,000",10%,5%,"1,000",케빈 켈리,알에이치코리아,20260907,경제/경영
9791175984431,S000221109042,B2B 세일즈 공략집,"19,000","17,100",10%,5%,950,이제원,북랩,20260907,경제/경영
9791164849123,S000221108545,너무너무 궁금한 내 옆의 연금,"19,800","17,820",10%,5%,990,최준 외,매일경제신문사,20260904,경제/경영
9791171021659,S000221075116,스마트세법: 소득부가세편(13판),"35,000","35,000",0%,5%,"1,750",임성종,나우퍼블리셔,20260903,경제/경영
9791124359112,S000220860645,레버리지 ETF 사용설명서,"22,000","19,800",10%,5%,"1,100",제이투,여의도책방,20260903,경제/경영
9791176612807,S000221142606,존 갤브레이스 돈을 말하다,"28,000","25,200",10%,5%,"1,400",존 케네스 갤브레이스,21세기북스,20260902,경제/경영
9791162882450,S000221142599,서기수 교수의 부자 되는 투자교과서,"35,000","31,500",10%,5%,"1,750",서기수,유원북스,20260901,경제/경영
9791199600720,S000220939303,"AI 시대, 병원은 실력으로 망하지 않는다","23,000","20,700",10%,5%,"1,150",오두환,미래세대,20260901,경제/경영
9791157414710,S000221190391,돈의 질서,"19,800","17,820",10%,5%,990,이상복,현북스,20260901,경제/경영
9791144200968,S000221189534,"모두의 창업, 성장의 공식","18,000","17,100",5%,3%,540,전화성,박영사,20260901,경제/경영
9791144200555,S000221269643,기업 및 정부부처 컨설팅 및 프로젝트 관리론,"37,000","37,000",0%,3%,"1,110",문지효,박영사,20260831,경제/경영
9791199032415,S000220930984,병원에서 일하는 이유,"33,000","29,700",10%,5%,"1,650",박개성 외,엘리오앤컴퍼니,20260831,경제/경영
9791171021864,S000221191632,법인세법 핵심바이블,"22,000","22,000",0%,5%,"1,100",신일항,나우퍼블리셔,20260831,경제/경영
9791199670976,S000221048400,가성비 불변의 법칙,"19,800","17,820",10%,5%,990,박노진,비버북스,20260831,경제/경영
9791192167299,S000221031718,영업을 경영하라,"28,000","25,200",10%,5%,"1,400",김상범,푸른영토,20260829,경제/경영
9788968445880,S000221048041,한국형 다양성 경영,"29,000","29,000",0%,3%,870,유재경,한경사,20260828,경제/경영
9788967999667,S000220734134,경매가 처음인 사람을 위한 실전 부동산 경매,"22,000","19,800",10%,5%,"1,100",박갑현,북오션,20260828,경제/경영
9791171259885,S000220922943,처음 하는 ETF 연금 투자,"22,000","19,800",10%,5%,"1,100",김제림,시공사,20260827,경제/경영
9791124026526,S000221061277,연금의 힘,"19,800","17,820",10%,5%,990,허철희,두드림미디어,20260827,경제/경영
9791124075272,S000220634975,절대 수익의 법칙 힘의 균형점,"19,800","17,820",10%,5%,990,아니내말은,빌리버튼,20260827,경제/경영
9791173744877,S000220806995,투자하는 뇌,"16,800","15,120",10%,5%,840,가미오카 마사아키,오픈도어북스,20260826,경제/경영
9791155819135,S000220923900,트럼프 이후의 질서,"25,800","23,220",10%,5%,"1,290",수마야 케인스 외,윌북,20260825,경제/경영
9791194534938,S000220994605,리더십 전환 플레이북,"25,000","22,500",10%,5%,"1,250",고현숙 외,클라우드나인,20260825,경제/경영
9791124072325,S000220988795,세상에서 가장 쉬운 과학 수업: 현대경제학,"22,000","19,800",10%,5%,"1,100",정완상,성림원북스,20260825,경제/경영
9791124649893,S000220924578,머니치트키,"19,800","17,820",10%,5%,990,머니치트키,모티브,20260825,경제/경영
9791194175476,S000220939943,미래의 돈 XRP,"20,000","18,000",10%,5%,"1,000",디지털금융연구소,토트,20260824,경제/경영
9791186689660,S000220807133,스마트 경영과학 익힘문제 풀이,"10,000","10,000",0%,0%,0,민재형,생능,20260824,경제/경영
9791124401293,S000220846017,AI는 왜 옆 가게만 추천할까?,"25,000","22,500",10%,5%,"1,250",고아라,나비의활주로,20260820,경제/경영
9788964768693,S000220939322,AI가 바꾼 고객경험의 법칙,"23,000","23,000",0%,3%,690,장정빈,새로미,20260820,경제/경영
9791124194256,S000220807465,장사의 기본,"18,000","16,200",10%,5%,900,송해근,마음연결,20260820,경제/경영
9791160643985,S000220870453,2026 양도소득세 핵심사례와 이슈,"56,000","50,400",10%,5%,"2,800",정문현 외,조세통람,20260819,경제/경영
9788944506147,S000220988980,무역법규,"30,000","30,000",0%,5%,"1,500",박광서,삼영사,20260819,경제/경영
9791160028935,S000220860872,나는 큰돈 없이 부동산 경매로 내집 마련한다,"21,000","18,900",10%,5%,"1,050",이주현,메이트북스,20260818,경제/경영
9791130396507,S000220861994,제조 AI,"27,000","27,000",0%,3%,810,신승준,박영사,20260815,경제/경영
9788928783236,S000220871038,여신심사 및 관리,"24,000","24,000",0%,3%,720,백운수 외,한국금융연수원,20260814,경제/경영
9791199790919,S000220734988,엄마의 두 번째 재테크,"17,500","15,750",10%,5%,870,우리나 외,제이브리즈북스,20260814,경제/경영
9791164849178,S000220735671,한 권으로 끝내는 찐 주식공식,"22,000","19,800",10%,5%,"1,100",이창원,매일경제신문사,20260813,경제/경영
9791124637173,S000220587975,미국 성장주 처음 투자,"23,000","20,700",10%,5%,"1,150",김운아,경이로움,20260812,경제/경영
9791175488595,S000220663554,100세까지 월 500만 원 받는 ETF 연금 수업,"23,000","20,700",10%,5%,"1,150",제도권주식분석(최기원),와이즈베리,20260810,경제/경영
9791124448205,S000220716242,에코바디스가 공급망을 결정한다,"18,000","18,000",0%,3%,540,윤여현 외,청람,20260810,경제/경영
9791124516096,S000220663355,넥스트 스티브 잡스,"32,000","28,800",10%,5%,"1,600",제프리 케인,골든래빗(주),20260808,경제/경영
9791164849130,S000220647913,고객제표로 경영하라,"22,000","19,800",10%,5%,"1,100",김형수,매일경제신문사,20260807,경제/경영
9791171521524,S000220701131,스케일업 인사이트,"19,000","17,100",10%,5%,950,장효상 외,파지트,20260807,경제/경영
9791194374909,S000220699464,테슬라 딥다이브,"22,000","19,800",10%,5%,"1,100",박형근,클,20260805,경제/경영
9791176611176,S000220735559,반드시 돈이 되는 공모주 투자의 법칙,"22,000","19,800",10%,5%,"1,100",공모주린이,21세기북스,20260805,경제/경영
9791139233797,S000220648440,돈의 국경을 넘는 사람들,"23,000","20,700",10%,5%,"1,150",데이비드 류,지식과감성,20260803,경제/경영
9788997169733,S000220654680,리더는 어떻게 역사를 만드는가,"22,000","19,800",10%,5%,"1,100",마르틴 구트만 외,고반,20260801,경제/경영
9791193394991,S000220525903,트레이딩뷰 처음공부,"24,000","21,600",10%,5%,"1,200",이정호,이레미디어,20260731,경제/경영
9791172102289,S000220623084,가성비 마케팅 전략 94,"22,000","19,800",10%,5%,"1,100",요시자와 켄지,동양북스,20260731,경제/경영
9791124309124,S000220618527,"브랜드, AI의 언어로 말하라","22,000","19,800",10%,5%,"1,100",박세용,책만,20260731,경제/경영
9791124401286,S000220632774,땡큐 이코노미,"21,000","18,900",10%,5%,"1,050",게리 베이너척,나비의활주로,20260731,경제/경영
9791141187408,S000220588773,사람의 마음을 움직이는 스토리,"26,000","23,400",10%,5%,"1,300",로빈 랜다 외,알레,20260730,경제/경영
9791164849093,S000220576075,원자재 투자의 모든 것,"24,000","21,600",10%,5%,"1,200",이석진,매일경제신문사,20260730,경제/경영
9791167601346,S000220633835,티커좌의 부의 패러다임,"22,000","19,800",10%,5%,"1,100",김기현,북스고,20260730,경제/경영
9791124654088,S000220636190,주식시장의 심리학,"18,000","16,200",10%,5%,900,조지 C. 셀든,반니출판,20260730,경제/경영
9791199326880,S000220694687,화장품 브랜드는 어떻게 만들어지는가,"16,000","14,400",10%,5%,800,키노랩연구소,메디마크,20260728,경제/경영
9791194534877,S000220623161,120세 투자법,"21,000","18,900",10%,5%,"1,050",한태봉,클라우드나인,20260727,경제/경영
9791176610995,S000220616185,격동하는 미중 패권 전쟁과 대분열의 시대,"24,000","21,600",10%,5%,"1,200",닐 시어링,21세기북스,20260722,경제/경영
9791124637067,S000220511923,"직장인입니다만, 주식으로 더 법니다","23,000","20,700",10%,5%,"1,150",서정 외,경이로움,20260722,경제/경영
9791167846402,S000220564133,사업자를 위한 세무조사 가이드북,"20,000","20,000",0%,5%,"1,000",감병욱 외,삼일인포마인,20260720,경제/경영
9791170437710,S000220524311,텅 빈 통장에서 1억 만들기,"20,000","18,000",10%,5%,"1,000",돈모행(안현경),원앤원북스,20260720,경제/경영
9791122019902,S000220663384,IFRS 회계원리,"17,000","15,300",10%,5%,850,홍진호,에스더블유제이,20260720,경제/경영
9791199772625,S000220588803,AI 리더십 2.0,"18,000","16,200",10%,5%,900,김기진 외,에릭스토리,20260717,경제/경영
9791167846174,S000220564115,"기업분석, AI를 만나다","22,000","22,000",0%,5%,"1,100",삼일피더블유씨아카데미,삼일인포마인,20260715,경제/경영
9791193200957,S000220502797,6억으로 시작한 세미파이어,"18,800","16,920",10%,5%,940,조윤진,어깨 위 망원경,20260715,경제/경영
9791176430357,S000220569283,설득의 구조,"28,000","25,200",10%,5%,"1,400",유태영,생각나눔,20260710,경제/경영
9791124516256,S000220464784,"그로스 IQ, 비즈니스 성장 바이블","28,000","25,200",10%,5%,"1,400",티파니 보바,골든래빗(주),20260710,경제/경영
9791162544938,S000220448403,한눈에 오를 주식만 골라내는 현금흐름표 읽는 법,"21,000","18,900",10%,5%,"1,050",이강연,비즈니스북스,20260710,경제/경영
9791156266198,S000220501490,2027년 시험을 위한 개정국제회계기준 반영추록,"3,000","3,000",0%,5%,150,김기동,샘앤북스,20260710,경제/경영
9791176610513,S000220464652,둠루프,"39,900","35,910",10%,5%,"1,990",에스와르 S. 프라사드,21세기북스,20260708,경제/경영
9791194522430,S000220308502,AI 전력 전쟁,"19,000","17,100",10%,5%,950,이재훈(드라이트리),시크릿하우스,20260706,경제/경영
9788968445811,S000220457586,사장의 자본학,"29,000","29,000",0%,3%,870,김동한,한경사,20260703,경제/경영
9791163431015,S000220276668,"60세부터 90세까지, 현명하게 돈 쓰는 법","18,000","16,200",10%,5%,900,오에 히데키,스마트비즈니스,20260702,경제/경영
9791190488709,S000220341578,화이트칼라의 종말,"23,000","20,700",10%,5%,"1,150",류한석,코리아닷컴,20260701,경제/경영
9788925568522,S000220307761,"달러, 코인, 전쟁","22,000","19,800",10%,5%,"1,100",고승연 외,알에이치코리아,20260701,경제/경영
9791175790728,S000220298382,한눈에 보는 대한민국 코스피,"26,000","23,400",10%,5%,"1,300",MrTrigger,한빛미디어,20260630,경제/경영
9791191590395,S000220429905,채권 투자 첫걸음,"22,000","19,800",10%,5%,"1,100",한광열,티더블유아이지,20260630,경제/경영
9791199447813,S000220271437,경매로 빨리 고수익,"21,000","18,900",10%,5%,"1,050",진성호,책과강연,20260630,경제/경영
9791172102135,S000220307321,더 골 3,"20,000","18,000",10%,5%,"1,000",에프랏 골드렛 아쉬라그,동양북스,20260630,경제/경영
9791144200036,S000220342836,현대 계량경제학의 흐름과 최근 데이터 분석 기법,"20,000","20,000",0%,3%,600,김훈,박영사,20260630,경제/경영
9791192624457,S000220278304,대출전쟁,"18,000","16,200",10%,5%,900,김도후,나비소리,20260630,경제/경영
9791139733273,S000220297265,"고용, 이자 및 화폐의 일반이론","20,000","18,000",10%,5%,"1,000",존 메이너드 케인스,현대지성,20260629,경제/경영
9791162544914,S000220309151,리더의 일은 맡기는 것이 전부다,"17,500","15,750",10%,5%,870,이바 마사야스,비즈니스북스,20260629,경제/경영
9791171021802,S000220350504,재무회계 가이드,"15,000","15,000",0%,5%,750,김한솔,나우퍼블리셔,20260629,경제/경영
9791124637036,S000220177470,모빌라이즈,"25,000","22,500",10%,5%,"1,250",샴 산카르 외,경이로움,20260624,경제/경영
9791141186784,S000220215249,센스 있는 생각에는 틀이 있다,"23,000","20,700",10%,5%,"1,150",사토 마키 외,알레,20260623,경제/경영
9791199747364,S000220307612,재테크농부의  초과수익 투자,"23,000","20,700",10%,5%,"1,150",재테크농부,노티스,20260622,경제/경영
9791166572340,S000220215014,"4시 퇴근, 성과 두 배, 덴마크의 경쟁력 제3의 시간","19,000","17,100",10%,5%,950,하리카이 유카,센시오,20260622,경제/경영
9791198207715,S000220275963,비트스플릿,"21,000","18,900",10%,5%,"1,050",박성현 외,모루,20260620,경제/경영
9791138861700,S000220307587,부동산매매사업자 세금 완전정복,"17,000","15,300",10%,5%,850,오동욱,좋은땅,20260620,경제/경영
9791157834051,S000220216529,GEO 마케팅 어떻게 할 것인가?,"20,000","18,000",10%,5%,"1,000",김형택,e비즈북스,20260619,경제/경영
9788947502863,S000220279517,주식시장 흐름 다시 읽는 법,"22,000","19,800",10%,5%,"1,100",김정남,한국경제신문,20260618,경제/경영
9791124028544,S000220177049,대한민국 연금 바이블 연금 이야기,"22,000","19,800",10%,5%,"1,100",차경수,넥서스BIZ,20260615,경제/경영
9788976331458,S000220102393,"HR 대전환, 스킬 시프트","22,000","19,800",10%,5%,"1,100",김광태 외,삼성글로벌리서치,20260612,경제/경영
9791199895508,S000220176588,건설자 정주영이 말하다,"32,000","28,800",10%,5%,"1,600",김명호,삼련서점(SEOUL),20260610,경제/경영
9791164848959,S000220112009,핫플레이스의 법칙,"22,000","19,800",10%,5%,"1,100",임상백,매일경제신문사,20260605,경제/경영
9791193238929,S000220108197,당신의 고객은 왜 야구장에 있을까?,"19,000","17,100",10%,5%,950,정은우,수오서재,20260604,경제/경영
9791140718771,S000220004157,아이디어를 사업으로 키우는 법,"23,500","21,150",10%,5%,"1,170",줄리아 오스틴,더퀘스트,20260603,경제/경영
9791193732380,S000220093322,이 ETF는 꼭 사십시오!,"24,000","21,600",10%,5%,"1,200",김범곤,진서원,20260601,경제/경영
9791172102029,S000220160634,선택받는 브랜드의 조건,"22,000","19,800",10%,5%,"1,100",오가와 고스케,동양북스,20260601,경제/경영
9791170613961,S000220100158,머니쇼크,"22,000","19,800",10%,5%,"1,100",제이미 러시 외,교보문고,20260601,경제/경영
9791189936617,S000220099772,고수의 역량평가 대처법,"21,000","18,900",10%,5%,"1,050",박종필,옥당북스,20260601,경제/경영
9791193938041,S000220106334,돈 못버는 걸까 안버는 걸까,"18,000","16,200",10%,5%,900,아이언 원,글로세움,20260601,경제/경영
9791155202166,S000220447587,재개발 재건축 세무,"12,000","12,000",0%,5%,600,고현식,한국세무사회,20260531,경제/경영
9788967999469,S000219869890,50가지 패턴으로 공략하는 주식 매매의 타점,"30,000","27,000",10%,5%,"1,500",유지윤,북오션,20260525,경제/경영
9791196315153,S000220110742,나는 AI로 판다,"25,000","22,500",10%,5%,"1,250",이브레인(이만성),유엔제이,20260525,경제/경영
9791160024760,S000220041027,주식시장의 돈은 데이터센터로 흐른다,"9,900","8,910",10%,5%,490,김현진,메이트북스,20260525,경제/경영
9791192101460,S000220003949,경제사상가 이건희 2: 행동,"29,000","26,100",10%,5%,"1,450",허문명,동아일보사,20260522,경제/경영
9791190812696,S000219998158,골드 휴먼,"20,000","18,000",10%,5%,"1,000",재이,북바이북,20260522,경제/경영
9791160643893,S000220003884,천만 원으로 시작해 매달 500만 원 받는 ETF 월배당머신,"23,000","20,700",10%,5%,"1,150",평온 외,이나우스북스,20260521,경제/경영
9791194634997,S000220004672,AI 조직,"23,000","20,700",10%,5%,"1,150",김성준,포르체,20260520,경제/경영
9791193282663,S000219254945,처음 배우는 ETF 투자 완전정복,"25,000","22,500",10%,5%,"1,250",백억남(김욱현),하이스트,20260518,경제/경영
9791194353553,S000219975495,미국 부동산 부의 알고리즘,"22,000","19,800",10%,5%,"1,100",피터 박,이든하우스,20260518,경제/경영
9791194634942,S000220004306,캔들차트 하나로 끝내는 추세추종 투자(큰글자도서),"48,000","48,000",0%,2%,960,성승현,포르체,20260515,경제/경영
9791193780282,S000219868853,"마흔일곱, 부동산 공부를 시작했다","22,000","19,800",10%,5%,"1,100",나무좋아,지음미디어,20260515,경제/경영
9791156266051,S000219971949,IFRS 고급회계,"32,000","32,000",0%,5%,"1,600",김기동,샘앤북스,20260513,경제/경영
9791186689639,S000220041065,SAP ERP를 중심으로 한 ERP 개론,"25,000","25,000",0%,0%,0,윤철호,생능,20260511,경제/경영
9791192775852,S000219796962,중국 휴머노이드 로봇,"22,000","19,800",10%,5%,"1,100",김종문,다빈치books,20260507,경제/경영
9791194831358,S000219743979,굿트레이더 압도적 수익의 주식투자법,"25,000","22,500",10%,5%,"1,250",굿트레이더(이정훈),베가북스,20260506,경제/경영
9791157065585,S000219854719,로스,"22,000","19,800",10%,5%,"1,100",짐 폴 외,메디치미디어,20260506,경제/경영
9791124359068,S000219732360,ETF 불패의 법칙,"22,000","19,800",10%,5%,"1,100",제이투,여의도책방,20260502,경제/경영
9791170223238,S000219744284,"팔란티어 파운드리, 판단을 설계하라","24,000","21,600",10%,5%,"1,200",이현종,처음북스,20260501,경제/경영
9791172101916,S000219542381,주식 단타 특공대,"22,000","19,800",10%,5%,"1,100",윤타(윤영준),동양북스,20260501,경제/경영
9788920056109,S000219791631,주 4일제가 온다,"18,800","16,920",10%,5%,940,조 오코너 외,지식의날개,20260501,경제/경영
9791124336168,S000219786830,차이나 반도체 라이징,"29,500","26,550",10%,5%,"1,470",권석준,사이언스북스,20260430,경제/경영
9791193000984,S000219800063,AI X 리더십의 본질,"20,000","18,000",10%,5%,"1,000",유경철,천그루숲,20260430,경제/경영
9791161374307,S000219791193,2026 세법학 1 zip,"29,000","29,000",0%,3%,870,정정운 외,상경사,20260429,경제/경영
9791124248270,S000219717033,스페이스X 일론 머스크,"26,000","23,400",10%,5%,"1,300",에릭 버거,상상스퀘어,20260429,경제/경영
9791189736965,S000219812597,세상의 모든 질문,"18,000","16,200",10%,5%,900,김현주,코칭북스,20260427,경제/경영
9791194322269,S000219564747,다모다란의 가치평가 바이블,"53,000","47,700",10%,5%,"2,650",애스워드 다모다란,에프엔미디어,20260425,경제/경영
9791163061441,S000219795581,상위 0.1% 법인 컨설팅의 비밀,"25,000","22,500",10%,5%,"1,250",이상우,더존테크윌,20260424,경제/경영
9791160643848,S000219719316,비상장주식평가실무(2026),"90,000","85,500",5%,5%,"4,500",김완일 외,조세통람,20260423,경제/경영
9791194966425,S000219786993,조직은 설계된다,"21,000","18,900",10%,5%,"1,050",조현철,스노우폭스북스P,20260422,경제/경영
9791175487628,S000219751909,지방 창생,"20,000","18,000",10%,5%,"1,000",인구전략회의,와이즈베리,20260422,경제/경영
9788901299709,S000219742367,1929,"32,000","28,800",10%,5%,"1,600",앤드루 로스 소킨,웅진지식하우스,20260420,경제/경영
9791167845436,S000219681751,일본 부동산 투자 실무,"28,000","28,000",0%,5%,"1,400",김형윤 외,삼일인포마인,20260420,경제/경영
9791161374314,S000219721622,세법학2 zip(2026),"25,000","25,000",0%,3%,750,정정운 외,상경사,20260420,경제/경영
9791199160026,S000219732267,시장은 원래 차갑지 않았다,"22,000","19,800",10%,5%,"1,100",루이지노 브루니,북돋움coop,20260420,경제/경영
9791160024678,S000219726207,월배당 ETF의 모든 것,"17,500","15,750",10%,5%,870,김영민,메이트북스,20260420,경제/경영
9791194451389,S000219523656,워런 버핏의 서재,"17,000","15,300",10%,5%,850,휴먼라이브러리랩,앵글북스,20260420,경제/경영
9791198902665,S000219670793,은퇴연옥,"18,000","16,200",10%,5%,900,김경록,뉴스1(news1),20260416,경제/경영
9791157747955,S000219744124,아기곰의 재테크 불변의 법칙,"25,000","22,500",10%,5%,"1,250",아기곰,아라크네,20260415,경제/경영
9791190819428,S000214930094,고용노동부 근로기준법 급여수당관리 휴일휴가근태 인사노무관리 실무설명서,"22,000","19,800",10%,5%,"1,100",손원준,지식만들기,20260413,경제/경영
9791167844774,S000219615899,기업금융과 MA,"95,000","95,000",0%,5%,"4,750",최상우 외,삼일인포마인,20260410,경제/경영
9788928707256,S000219648713,금융 AI 리터러시 2,"22,000","22,000",0%,3%,660,김태헌 외,한국금융연수원,20260407,경제/경영
9791175982352,S000219601884,소크라테스와 AX,"22,000","19,800",10%,5%,"1,100",배기원,북랩,20260407,경제/경영
9791156266013,S000219713494,강경태의 세법 들어가기,"20,000","20,000",0%,5%,"1,000",강경태,샘앤북스,20260407,경제/경영
9791176310079,S000219647431,고액모금,"38,000","34,200",10%,1%,380,이재현 외,한국문화사,20260406,경제/경영
9791167141484,S000219615818,국부론을 읽는 시간,"19,800","17,820",10%,5%,990,애덤 스미스 외,해냄출판사,20260406,경제/경영
9791168624573,S000219518448,복잡한 내 보험 더 쉽게 알려드림,"18,000","16,200",10%,5%,900,박용제 외,시그마북스,20260406,경제/경영
9791155818961,S000219468791,AI 최전선,"17,800","16,020",10%,5%,890,애덤 브로트먼 외,윌북,20260405,경제/경영
9791124401057,S000219513800,부동산 자산운용사에서는 이런 일을 합니다,"22,000","19,800",10%,5%,"1,100",윤형환 외,나비의활주로,20260403,경제/경영
9791124345023,S000219562814,세법개론 2(2026),"36,000","36,000",0%,3%,"1,080",이철재 외,리즈북스,20260402,경제/경영
9791140718047,S000219615202,카피 수업,"32,000","28,800",10%,5%,"1,600",앨런 바커,리드앤두(READNDO),20260402,경제/경영
9791170223191,S000219381860,온톨로지,"24,000","21,600",10%,5%,"1,200",이현종,처음북스,20260401,경제/경영
9788965968115,S000219549835,매출의 설계자들,"21,000","18,900",10%,5%,"1,050",김경호,흐름출판,20260401,경제/경영
9788955019056,S000219570518,재무관리,"35,000","35,000",0%,3%,"1,050",정기만,신영사,20260331,경제/경영
9791199493643,S000219562138,쇼피의 시대,"25,000","22,500",10%,5%,"1,250",온셀로그,라디오북,20260331,경제/경영
9791124370223,S000219521361,부의 자율주행: AI MONEY FLOW,"22,000","19,800",10%,5%,"1,100",AI 머니(이진재),모티브,20260331,경제/경영
9791124011096,S000219488409,로봇의 미래,"23,000","20,700",10%,5%,"1,150",공경철,와이즈맵,20260330,경제/경영
9791170437390,S000219519018,50부터 시작하는 월 300 연금 만들기,"22,000","19,800",10%,5%,"1,100",황호봉,원앤원북스,20260330,경제/경영
9791124370193,S000219489158,쟤는 폰만 보는데 왜 돈이 많을까,"22,000","19,800",10%,5%,"1,100",긍정필터,모티브,20260328,경제/경영
9791167845351,S000219519045,법인컨설팅을 위한 보험세무 핵심포인트(2026),"20,000","20,000",0%,5%,"1,000",박진호,삼일인포마인,20260326,경제/경영
9791198662286,S000219453641,리더십 연습,"28,000","25,200",10%,5%,"1,400",한기용 외,이오스튜디오,20260325,경제/경영
9791193205884,S000219442739,AI 시대의 회계를 위한 찐 실전 ChatGPT,"25,000","22,500",10%,5%,"1,250",김용식 외,광문각출판미디어,20260325,경제/경영
9791167701510,S000219506725,경험을 기획하는 일,"17,000","15,300",10%,5%,850,손현,유유,20260324,경제/경영
9791163061380,S000219513633,아는 만큼 돈 버는 상속증여세 핵심 절세 노하우(2026),"25,000","22,500",10%,5%,"1,250",고경희,더존테크윌,20260323,경제/경영
9791190819534,S000219438653,세금 신고 공부하는 개인사업자 경리실무,"24,000","21,600",10%,5%,"1,200",손원준,지식만들기,20260323,경제/경영
9791194534693,S000219562125,경계 없음: 수직 수평 경계가 사라지고 AI 에이전트를 거느린 신인류가 온다!,"20,000","18,000",10%,5%,"1,000",이중학,클라우드나인,20260323,경제/경영
9788992145992,S000219518717,부가가치세 실무(2026),"55,000","49,500",10%,1%,550,박병완,세연T&A,20260320,경제/경영
9791189797263,S000219393007,벼락치기 연금 수업,"20,000","18,000",10%,5%,"1,000",이천,사농공상,20260320,경제/경영
9788910980575,S000219491273,한국 경제성장의 정치경제학,"19,000","19,000",0%,3%,570,조윤제,박영사,20260320,경제/경영
9791124073162,S000219337759,"AEO, GEO 생존 전략","19,000","17,100",10%,5%,950,이재홍,미래의창,20260320,경제/경영
9791165923396,S000219440452,11가지 산업으로 분석하는 재무제표,"23,500","21,150",10%,5%,"1,170",신정훈,비제이퍼블릭,20260319,경제/경영
9788928782970,S000219493709,국제금융의 이해,"24,000","24,000",0%,3%,720,장홍범,한국금융연수원,20260317,경제/경영
9791194383819,S000219377548,슈퍼휴먼 슈퍼워크,"24,000","21,600",10%,5%,"1,200",유호현 외,골든래빗(주),20260316,경제/경영
9788947502504,S000219468607,프로젝트리츠로 일하는 법,"20,000","18,000",10%,5%,"1,000",강명기 외,한국경제신문,20260316,경제/경영
9788964771686,S000219391692,2026 양도소득세,"110,000","99,000",10%,1%,"1,100",안수남 외,광교이택스,20260313,경제/경영
9791198675149,S000219405723,절세설계 컨설팅(2026),"100,000","95,000",5%,2%,"2,000",김창영,돈텍스,20260313,경제/경영
9791193869390,S000219333787,나는 달력만 보고 주식투자한다,"28,500","25,650",10%,5%,"1,420",강환국,거인의정원,20260313,경제/경영
9791167845160,S000219413169,창업 법인 개인사업자 절세의 기초와 노하우(2026),"25,000","25,000",0%,5%,"1,250",장보원 외,삼일인포마인,20260312,경제/경영
9791189736958,S000219467721,풀스펙트럼 코칭수퍼비전,"22,000","19,800",10%,5%,"1,100",에드나 머독 외,코칭북스,20260312,경제/경영
9791198158864,S000219411530,실전 보험과세금,"24,500","22,050",10%,1%,240,정성진,에듀예지,20260311,경제/경영
9791192376677,S000219302974,5천만 원으로 시작해 100억 부자가 된 최성락의 투자 이야기,"19,800","17,820",10%,5%,990,최성락,페이퍼로드,20260311,경제/경영
9788966227297,S000219333186,K-IFRS 회계원리,"34,000","34,000",0%,2%,680,강경규 외,세학사,20260309,경제/경영
9791176160216,S000219411981,부가가치세법 강의(2026),"30,000","27,000",10%,1%,300,구성권 외,어울림,20260306,경제/경영
9791156229858,S000219341423,"우리 회사 AI 전환, 어떻게 시작할까?","23,000","20,700",10%,5%,"1,150",이근형,지식공감,20260305,경제/경영
9788964362945,S000219334867,공간 대여로 평생 월급 만들어라,"19,000","17,100",10%,5%,950,재재신,삼인,20260305,경제/경영
9788925569826,S000219333084,요즘 메인세대,"22,000","19,800",10%,5%,"1,100",이시한,알에이치코리아,20260303,경제/경영
9791194553380,S000219455879,미 해군 ABR과 한국 중소 조선 정비기업의 글로벌 진출 전략,"20,000","18,000",10%,5%,"1,000",박천억 외,책과세계,20260301,경제/경영
9791171521319,S000219240135,탁월한 리더의 탄생,"20,000","18,000",10%,5%,"1,000",박진일,파지트,20260301,경제/경영
9791160643749,S000219350112,2026 법인세법 개념 정리 및 서식 작성 실무,"38,000","36,100",5%,5%,"1,900",구성권,조세통람,20260227,경제/경영
9791157787395,S000219494995,절세 모음.zip 2: 법인편,"29,000","26,100",10%,5%,"1,450",조미정,맑은샘,20260227,경제/경영
9791157787388,S000219494989,절세 모음.zip 1: 개인편,"22,000","19,800",10%,5%,"1,100",조미정,맑은샘,20260227,경제/경영
9791199337404,S000219335829,내가 돈을 벌고 있다는 착각,"19,800","17,820",10%,5%,990,commonD,스틸당(STEALDANG),20260227,경제/경영
9791164848492,S000219206843,한국경영학회가 선정한 뉴 비즈니스 패러다임,"23,000","20,700",10%,5%,"1,150",한국경영학회 외,매일경제신문사,20260226,경제/경영
9791130399607,S000219305157,세법강의(2026),"68,000","67,900",0%,3%,"2,040",이창희,박영사,20260225,경제/경영
9791167844835,S000219311299,부가가치세 이론과 실무(2026),"35,000","35,000",0%,5%,"1,750",박성욱 외,삼일인포마인,20260225,경제/경영
9791167844934,S000219333989,법인세법 사례와 실무(2026),"30,000","28,500",5%,4%,"1,200",박성욱 외,삼일인포마인,20260225,경제/경영
9791194641889,S000219311274,처음 만나는 회계원리,"28,000","28,000",0%,3%,840,김고운 외,청람,20260225,경제/경영
9791157848607,S000219299952,커뮤니티 전략 바이블,"28,000","25,200",10%,5%,"1,400",데이비드 스핑스,한빛비즈,20260225,경제/경영
9788999736346,S000219312458,인적자원개발론,"28,000","28,000",0%,3%,840,Richard A. Swanson,학지사,20260225,경제/경영
9791194522324,S000219205812,절대 실패하지 않는 미국 주식 ETF 투자,"25,000","22,500",10%,5%,"1,250",김성동,시크릿하우스,20260225,경제/경영
9791157848553,S000219248056,버릴수록 부자 되는 미니멀리즘 재테크,"18,500","16,650",10%,5%,920,미니멀리스트 다케루,한빛비즈,20260225,경제/경영
9791170223177,S000219212630,AI가 선택하는 브랜드의 비밀 AEO,"18,000","16,200",10%,5%,900,김용석 외,처음북스,20260225,경제/경영
9788966227273,S000219305164,지방세법강의,"30,000","30,000",0%,3%,900,정대희 외,세학사,20260223,경제/경영
9791124250044,S000219302825,IFRS 고급회계,"42,000","41,580",1%,3%,"1,260",신현걸 외,지승,20260220,경제/경영
9791193186701,S000219113974,로보트형 고용창출 홈페이지 1만명,"15,000","13,500",10%,5%,750,OX경제연구소,글로벌,20260220,경제/경영
9791170437260,S000219211672,50세 김부장의 늦지 않은 연금 공부,"19,000","17,100",10%,5%,950,이영주 외,원앤원북스,20260219,경제/경영
9791130323633,S000219212825,IPO와 가치평가,"39,000","39,000",0%,3%,"1,170",임득수,박영사,20260215,경제/경영
9788993835915,S000219249492,중소기업 임원보수와 퇴직금규정 작성매뉴얼,"35,000","33,250",5%,2%,700,강석원,코페하우스,20260212,경제/경영
9791167844767,S000219198077,나의 토지수용보상금 지키기(2026),"20,000","20,000",0%,5%,"1,000",이장원 외,삼일인포마인,20260211,경제/경영
9791195729081,S000219249721,조직개발 앤더슨,"33,000","29,700",10%,5%,"1,650",Donald L. Anderson,쿠퍼북스,20260210,경제/경영
9791194793434,S000219139892,작은 브랜드는 이렇게 팝니다,"22,000","19,800",10%,5%,"1,100",채주석(그로스존),유엑스리뷰(UX REVIEW),20260210,경제/경영
9791163430940,S000219077526,주식 고수들만 아는 네이버 증권 200% 활용법(개정판 4판),"20,000","18,000",10%,5%,"1,000",알렉스 강,스마트비즈니스,20260210,경제/경영
9788955336764,S000219059107,인사·노무 실무가이드,"26,000","23,400",10%,5%,"1,300",이승주 외,새로운제안,20260209,경제/경영
9791162544617,S000219181441,팔리는 한 문장은 다르다,"18,500","16,650",10%,5%,920,황현진,비즈니스북스,20260209,경제/경영
9791124250020,S000219188267,IFRS 밀레니엄 회계원리,"36,000","35,640",1%,3%,"1,080",신현걸,지승,20260205,경제/경영
9791124250006,S000219188272,IFRS 중급회계 입문,"34,000","33,660",1%,3%,"1,020",신현걸 외,지승,20260205,경제/경영
9791175230279,S000219014147,두 번째 지능,"24,000","21,600",10%,5%,"1,200",김상균,북스톤,20260204,경제/경영
9791194647478,S000218918289,재정학,"40,000","38,800",3%,0%,0,이준구 외,문우사,20260202,경제/경영
9791194347170,S000219145372,거부의 생각들,"19,000","17,100",10%,5%,950,마쓰시타 고노스케,시그니스,20260202,경제/경영
9791194647485,S000219054980,재정학 연습문제 해설집,"12,000","12,000",0%,3%,360,김진욱,문우사,20260202,경제/경영
9791199475915,S000219133435,괴로움이 괴롭힘은 아니다,"22,000","19,800",10%,5%,"1,100",조상욱,11%,20260131,경제/경영
9791129063007,S000219117487,2026년도 적용 개별공시지가 조사·산정 지침,"28,000","25,200",10%,1%,280,국토교통부,진한엠앤비,20260130,경제/경영
9791194534570,S000219144152,아마존을 넘어서다: 오프라인 황제 월마트의 AX DX 전략 바이블,"20,000","18,000",10%,5%,"1,000",윤미정 외,클라우드나인,20260130,경제/경영
9788987475899,S000219080768,미국 HR 현장에서 답을 찾다,"15,000","13,500",10%,5%,750,심홍섭,한국인사관리협회,20260130,경제/경영
9791175910331,S000219115073,피지컬 AI 메가 트렌드,"23,000","20,700",10%,5%,"1,150",최홍섭 외,위즈덤하우스,20260128,경제/경영
9791194966289,S000219117596,이토록 사적인 경제학,"20,000","18,000",10%,5%,"1,000",최재용,스노우폭스북스P,20260128,경제/경영
9791199432031,S000218792828,리더는 AI에게 질문하지 않는다,"23,000","20,700",10%,5%,"1,150",김희연,북피움,20260127,경제/경영
9791167781802,S000219055184,부동산 매매사업자 처음 시작합니다,"23,000","20,700",10%,5%,"1,150",재편,가디언,20260127,경제/경영
9788962626865,S000219023480,권효재의 K-조선 대전환,"18,000","16,200",10%,1%,180,권효재,동아시아,20260121,경제/경영
9791194322214,S000218980979,다모다란의 기업 생애주기,"33,000","29,700",10%,5%,"1,650",애스워드 다모다란,에프엔미디어,20260120,경제/경영
9788957822555,S000218964471,규칙파괴자,"25,000","22,500",10%,5%,"1,250",데이비드 가드너,국일증권경제연구소,20260120,경제/경영
9791199531741,S000218961351,한 권으로 끝내는 재테크 용어 사전,"22,000","19,800",10%,5%,"1,100",주정엽,리프레시,20260120,경제/경영
9791164053513,S000218968691,질문인간,"19,800","17,820",10%,5%,990,안병민,북하우스,20260120,경제/경영
9791194451334,S000219080997,일론 머스크의 서재,"17,000","15,300",10%,5%,850,휴먼라이브러리랩,앵글북스,20260120,경제/경영
9791169851787,S000218941451,나는 5천만 원으로 두 번째 월급 받는다,"22,000","19,800",10%,5%,"1,100",홍성일,페이지2북스,20260119,경제/경영
9791166476105,S000219129775,항공운송실무,"28,800","28,800",0%,3%,860,윤원호 외,한올출판사,20260115,경제/경영
9791194522294,S000218933748,핵심광물 공급망 전쟁,"25,000","22,500",10%,5%,"1,250",박준혁,시크릿하우스,20260115,경제/경영
9791194966081,S000218979926,이지페이지: 돈의 속성(큰글자책),"24,900","22,410",10%,1%,240,김승호,스노우폭스북스,20260115,경제/경영
9791194479314,S000218853860,"2026년 법인세 핵심 세무회계 법인관리 및 세무 컨설팅(임원) 주식회사 상법, 법인 부동산 세금","39,000","35,100",10%,5%,"1,950",이진규,경영정보사,20260112,경제/경영
9791193394854,S000218858601,언제 매도할 것인가,"27,000","24,300",10%,5%,"1,350",알렉산더 엘더,이레미디어,20260112,경제/경영
9791164848461,S000218907492,이토록 평범한 나도 건물주,"24,000","21,600",10%,5%,"1,200",월건주 외,매일경제신문사,20260109,경제/경영
9791199229099,S000218960847,갈등관리와 협상: 이론과 실제,"30,000","30,000",0%,5%,"1,500",김도희,대영문화사,20260107,경제/경영
9789813352094,S000218942275,거시경제학,"48,000","47,520",1%,1%,480,Olivier Blanchard,한빛아카데미,20260105,경제/경영
9791156265832,S000218881210,원가관리회계,"44,000","43,560",1%,5%,"2,200",홍상연,샘앤북스,20260105,경제/경영
9791170223139,S000218846375,퀀텀 스테이크,"19,000","17,100",10%,5%,950,안유석,처음북스,20260102,경제/경영
9791192272399,S000218935525,인적자원관리,"32,000","32,000",0%,3%,960,박우성 외,창민사,20251231,경제/경영
9791155818862,S000218674429,AI 버블이 온다,"24,800","22,320",10%,5%,"1,240",아르빈드 나라야난 외,윌북,20251224,경제/경영
9788947502238,S000218840624,한 권으로 끝내는 미국 ETF 투자,"23,000","20,700",10%,5%,"1,150",이을수,한국경제신문,20251222,경제/경영
9788901299105,S000218857426,재설계하라,"19,000","17,100",10%,5%,950,댄 히스,웅진지식하우스,20251222,경제/경영
9791187799429,S000218797383,절대 실패하지 않는 법인 운영의 기술,"22,000","19,800",10%,5%,"1,100",오너스경영연구소 외,지혜로,20251217,경제/경영
9791130677071,S000218840423,금융의 연금술,"38,000","34,200",10%,5%,"1,900",조지 소로스,다산북스,20251215,경제/경영
9791193148433,S000218797356,IFRS 중급회계(하),"32,000","28,800",10%,1%,320,김영덕,다임,20251215,경제/경영
9791163221821,S000218704773,펀드매니저 아빠의 첫 투자 수업,"16,800","15,120",10%,5%,840,황지우 외,유아이북스,20251210,경제/경영
9791194534518,S000218782484,부의 초가속,"20,000","18,000",10%,5%,"1,000",황정호,클라우드나인,20251208,경제/경영
9791163430780,S000218564799,주식투자의 9할은 심리 싸움이다,"25,000","22,500",10%,5%,"1,250",리처드 L. 피터슨,스마트비즈니스,20251205,경제/경영
9791192519333,S000200910561,"돈, 뜨겁게 사랑하고 차갑게 다루어라(25주년 특별 기념판)","21,000","18,900",10%,5%,"1,050",앙드레 코스톨라니,미래의창,20251202,경제/경영
9791192519418,S000201225702,투자는 심리게임이다(25주년 특별 기념판),"21,000","18,900",10%,5%,"1,050",앙드레 코스톨라니,미래의창,20251202,경제/경영
9791193394823,S000218326292,데이 스윙 트레이딩 바이블,"27,000","24,300",10%,5%,"1,350",올리버 벨레즈 외,이레미디어,20251130,경제/경영
9791163639749,S000218471236,워런 버핏의 2단계 주식투자 전략,"18,900","17,010",10%,5%,940,대니얼 지와니,동아엠앤비,20251130,경제/경영
9791140716807,S000218672542,그로스 해킹,"22,000","19,800",10%,1%,220,라이언 홀리데이,길벗,20251128,경제/경영
9791168322219,S000218668116,조직문화 트렌드 2026,"20,000","18,000",10%,5%,"1,000",정진호 외,플랜비디자인,20251127,경제/경영
9791193001820,S000218640180,세금 119,"23,800","21,420",10%,5%,"1,190",신동두,문학세계사,20251124,경제/경영
9791162544464,S000218604019,신 로지컬 씽킹,"19,500","17,550",10%,1%,190,모치즈키 안디,비즈니스북스,20251124,경제/경영
9791185455396,S000218478270,챗GPT와 함께 하는 SNS 셀프마케팅 & 브랜딩,"21,000","18,900",10%,5%,"1,050",이보영,휴먼하우스,20251120,경제/경영
9791124026052,S000218515056,신방수 세무사의 고소득자를 위한 절세·법인·승계 전략,"22,000","19,800",10%,5%,"1,100",신방수,두드림미디어,20251119,경제/경영
9791199289130,S000218332042,더 센스: 당신도 센스가 있다,"21,000","18,900",10%,5%,"1,050",호소다 다카히로,롱블랙,20251119,경제/경영
9791164848270,S000218309615,최소한의 세금공부,"21,000","18,900",10%,5%,"1,050",조문교,매일경제신문사,20251114,경제/경영
9791165703714,S000218519582,되는 기획,"19,000","17,100",10%,5%,950,한다혜,책깃,20251113,경제/경영
9791130324203,S000218613380,기술창업의 정석,"29,000","28,710",1%,3%,870,백종일,박영사,20251110,경제/경영
9788947502047,S000218355122,플스포의 메타인지 투자법,"22,000","19,800",10%,5%,"1,100",플스포(김동호),한국경제신문,20251110,경제/경영
9791194777656,S000218277362,"이웃집 워런 버핏, 숙향의 주식 투자 이야기(특별판)","23,000","20,700",10%,5%,"1,150",숙향,한스미디어,20251104,경제/경영
9791162544426,S000218262911,HBR 위대한 통찰,"28,000","25,200",10%,1%,280,하버드비즈니스리뷰,비즈니스북스,20251103,경제/경영
9791194755982,S000218234841,당신이 잘되길 바랍니다,"22,000","19,800",10%,5%,"1,100",권영수,쌤앤파커스,20251103,경제/경영
9791173575457,S000218183352,2026 한국경제 대전망,"24,000","21,600",10%,5%,"1,200",오철 외,21세기북스,20251031,경제/경영
9791165384692,S000218204612,언리플레이서블,"22,000","19,800",10%,5%,"1,100",송인혁 외,휴먼큐브,20251031,경제/경영
9791175230187,S000218264311,인구와 부,"22,000","19,800",10%,5%,"1,100",조영태 외,북스톤,20251030,경제/경영
9791173575082,S000218301899,마쓰시타 고노스케 경영이란 무엇인가,"29,800","26,820",10%,5%,"1,490",마쓰시타 고노스케,21세기북스,20251029,경제/경영
9791155818749,S000218186302,달러 이후의 질서,"29,800","26,820",10%,5%,"1,490",케네스 로고프,윌북,20251028,경제/경영
9791193081181,S000218227542,전략으로서의 노자,"20,000","18,000",10%,5%,"1,000",하라다 쓰토무,라이팅하우스,20251025,경제/경영
9791164848232,S000218134424,자영업 트렌드 2026,"20,000","18,000",10%,5%,"1,000",매경이코노미 외,매일경제신문사,20251024,경제/경영
9788967442996,S000218171892,포즈랑의 투자 이야기,"22,000","19,800",10%,5%,"1,100",포즈랑,에디터,20251020,경제/경영
9791162544402,S000218133768,"재무제표, 돈의 흐름을 읽어라","21,000","18,900",10%,5%,"1,050",강대준,비즈니스북스,20251017,경제/경영
9791199493605,S000218133454,"개원 5년, 연 매출 100억 원을 만든 질문들","38,500","34,650",10%,5%,"1,920",문석준,라디오북,20251014,경제/경영
9788935214884,S000217613836,사이클,"22,000","19,800",10%,1%,220,에드워드 R. 듀이 외,청림출판,20251010,경제/경영
9791158773960,S000217548260,하이엔드는 상품을 팔지 않는다,"28,500","25,650",10%,5%,"1,420",이은화,바이북스,20251005,경제/경영
9791170436775,S000217622318,3분봉 매매의 기술,"29,000","26,100",10%,5%,"1,450",오버솔드,원앤원북스,20250930,경제/경영
9791172540807,S000218053441,미친 성장,"19,800","17,820",10%,5%,990,김형진,푸른숲,20250930,경제/경영
9791193000809,S000217586718,기획의 시작점에서 읽어야 할 책,"17,000","15,300",10%,5%,850,심정아,천그루숲,20250930,경제/경영
9791193937686,S000217427392,머니 트렌드 2026,"26,000","23,400",10%,5%,"1,300",김도윤 외,북모먼트,20250925,경제/경영
9791199452602,S000217832076,하버드 협상 강의,"19,800","17,820",10%,5%,990,하버드 공개강의연구회,북아지트,20250925,경제/경영
9791140715633,S000217502835,우리는 다르게 팝니다: 고객을 사로잡은 트레이더 조의 리테일 심리학,"21,000","18,900",10%,5%,"1,050",정김경숙(로이스 김),더퀘스트,20250924,경제/경영
9788973435883,S000217305845,기초부터 세금까지 가상화폐 완전정복,"19,800","17,820",10%,5%,990,곽상빈 외,평단,20250918,경제/경영
9791194217084,S000217579562,투자와 자산관리,"28,000","28,000",0%,3%,840,오동일,부연사,20250917,경제/경영
9791141613006,S000217466831,맥킨지 비밀 수업,"22,000","19,800",10%,5%,"1,100",다나 마오르 외,문학동네,20250917,경제/경영
9791199442221,S000217486083,원화 스테이블코인 사용설명서,"23,000","20,700",10%,5%,"1,150",민병덕 외,여의도책방,20250911,경제/경영
9791138846936,S000217541236,홍콩보험 100문 100답,"16,800","15,120",10%,5%,840,준사부,좋은땅,20250910,경제/경영
9788947501873,S000217327129,팔란티어 시대가 온다,"23,000","20,700",10%,5%,"1,150",변우철,한국경제신문,20250905,경제/경영
9788969526298,S000217395192,"나는 당근마켓으로 월 1,500만 원 번다","17,800","16,020",10%,5%,890,일평사장(유연승),경향BP,20250903,경제/경영
9791198748645,S000216497542,퀀트 투자의 기초,"24,800","22,320",10%,5%,"1,240",지우세페 팔레올로고,비지니스101,20250901,경제/경영
9791193639504,S000217297492,AI 혁명을 이끈 천재들,"21,000","18,900",10%,5%,"1,050",이승민,좋은습관연구소,20250901,경제/경영
9791130323503,S000217207796,글로벌경영,"38,000","37,200",2%,1%,380,장세진,박영사,20250830,경제/경영
9791165384623,S000217448193,"다시, 기획은 2형식이다","24,000","21,600",10%,5%,"1,200",남충식,휴먼큐브,20250829,경제/경영
9791130322582,S000217447545,게임이론,"35,000","35,000",0%,3%,"1,050",김영세,박영사,20250828,경제/경영
9791199433960,S000221177697,배베스토리 베이커리 Part 1: 창업준비편,"25,000","22,500",10%,5%,"1,250",배성훈,라이트&솔트프레스,20250827,경제/경영
9791194634485,S000217326932,AI가 바꾸는 일터의 미래,"20,000","18,000",10%,5%,"1,000",김성준,포르체,20250827,경제/경영
9791192272320,S000216907892,IFRS 반영 회계학원론,"32,000","31,000",3%,0%,0,강선민 외,창민사,20250825,경제/경영
9788955018981,S000217336375,20대 재테크와 금융 리터러시,"24,000","24,000",0%,3%,720,정기만,신영사,20250825,경제/경영
9791199229976,S000217277882,달러 자산 1억으로 평생 월급 완성하라(2026 투자 전략 특별판),"21,000","18,900",10%,5%,"1,050",채부심(채상욱),몽스북,20250825,경제/경영
9791158513269,S000217334902,잘 벌고 잘 쓰고 잘 살고 싶어서 돈 공부를 시작했다,"19,000","17,100",10%,5%,950,래빗해빛(김아름),토네이도,20250825,경제/경영
9791162544341,S000217304130,팔지 않아도 팔리는 마케팅의 비밀,"19,500","17,550",10%,1%,190,신승철(글천개),비즈니스북스,20250822,경제/경영
9788956254760,S000217278994,재건축 재개발의 함정과 성공 매뉴얼,"22,000","19,800",10%,5%,"1,100",윤석양,학고재,20250811,경제/경영
9791130668895,S000217252794,주식 투자의 기쁨,"19,800","17,820",10%,5%,990,후지모토 시게루,다산북스,20250811,경제/경영
9791199240629,S000217096752,50만 원에 산 비트코인 1억 원이 넘어도 안 파는 이유,"18,800","16,920",10%,5%,940,최성락,여린풀,20250811,경제/경영
9791167852724,S000217119014,나는 세금 없는 두바이에서 집 산다,"22,000","19,800",10%,5%,"1,100",유다나,슬로디미디어,20250810,경제/경영
9791194322122,S000217177337,대한민국 국부펀드가 만난 자본의 설계자들,"22,000","19,800",10%,5%,"1,100",한영석,에프엔미디어,20250804,경제/경영
9788968445385,S000217230864,뉴 글로벌 시대의 국제 경영,"39,000","38,610",1%,1%,390,Charles W. L. Hill,한경사,20250731,경제/경영
9791194223818,S000216950459,밸류에이션과 프라이싱 전략,"19,800","17,820",10%,5%,990,구정웅,두드림미디어,20250701,경제/경영
9788991378407,S000216967949,보수적인 투자자는 마음이 편하다,"14,800","13,320",10%,5%,740,필립 피셔,굿모닝북스,20250701,경제/경영
9791194641339,S000216952171,국제통상의 이해,"25,000","25,000",0%,3%,750,여희정,청람,20250630,경제/경영
9791199302105,S000216828029,인문학으로 투자하다,"22,000","19,800",10%,5%,"1,100",원수섭,빈티지하우스,20250624,경제/경영
9791141610227,S000216866308,패권,"25,000","22,500",10%,1%,250,파미 올슨,문학동네,20250623,경제/경영
9791162882122,S000216852481,지식그래프,"23,000","20,700",10%,5%,"1,150",이강배 외,유원북스,20250620,경제/경영
9791191528299,S000216798232,머니 플래너: 돈 걱정 없는 행복한 미래 만들기 프로젝트,"22,000","19,800",10%,5%,"1,100",마이클 콴,틔움출판,20250619,경제/경영
9791140713479,S000216663736,바이오테크 미래의 기회,"23,000","20,700",10%,5%,"1,150",앤드류 크레이그,길벗,20250618,경제/경영
9791193205617,S000216599684,2025 예산회계실무 기본서,"36,000","35,640",1%,3%,"1,080",강인옥 외,광문각출판미디어,20250615,경제/경영
9791194383314,S000216681173,2025 AI 트렌드 100,"24,000","21,600",10%,5%,"1,200",Ai100연구소,골든래빗(주),20250615,경제/경영
9791193639429,S000216523424,AX 100배의 법칙,"25,000","22,500",10%,5%,"1,250",황재선,좋은습관연구소,20250601,경제/경영
9791198290564,S000216667892,청년이 없는 나라,"19,000","17,100",10%,5%,950,김태유,어티피컬,20250531,경제/경영
9791188109340,S000216797535,서비스 마케팅,"36,000","35,640",1%,1%,360,김성호 외,창명,20250530,경제/경영
9788947501637,S000216646771,켄 피셔 불변의 차트 90,"30,000","27,000",10%,5%,"1,500",켄 피셔,한국경제신문,20250526,경제/경영
9788976331403,S000216525071,HR 테크 혁명: 생성형 AI편,"21,000","18,900",10%,1%,210,김영애 외,삼성글로벌리서치,20250526,경제/경영
9791171714216,S000216559816,광물 전쟁,"25,000","22,500",10%,5%,"1,250",어니스트 샤이더,위즈덤하우스,20250521,경제/경영
9791159734618,S000216522454,경제학연습 거시편,"53,000","47,700",10%,1%,530,정병열,세경북스,20250520,경제/경영
9791193732236,S000216662828,대한민국 학군지도,"35,000","31,500",10%,5%,"1,750",심정섭,진서원,20250520,경제/경영
9791198662248,S000216494173,실리콘밸리 스타트업 플레이북,"20,000","18,000",10%,5%,"1,000",맷 모차리 외,이오스튜디오,20250520,경제/경영
9791186689615,S000216467292,공급사슬관리,"33,000","33,000",0%,3%,990,서용원 외,생능,20250519,경제/경영
9791193394670,S000216276282,손실은 짧게 수익은 길게,"25,000","22,500",10%,5%,"1,250",깡토,이레미디어,20250519,경제/경영
9791199072923,S000216422053,일상이 돈이 되는 숏폼,"21,000","18,900",10%,5%,"1,050",리지팍(박자령),애플씨드,20250519,경제/경영
9788936812546,S000216468084,난생처음 세금 여행,"22,000","19,800",10%,5%,"1,100",김선욱 외,청아출판사,20250515,경제/경영
9791164847723,S000216400840,돈 버는 상가 망하는 상가,"22,000","19,800",10%,5%,"1,100",이홍규,매일경제신문사,20250515,경제/경영
9791194223740,S000216483267,신방수 세무사의 가족법인 이렇게 운영하라,"22,000","19,800",10%,5%,"1,100",신방수,두드림미디어,20250512,경제/경영
9791159734526,S000216352206,경제학연습 미시편,"53,000","47,700",10%,1%,530,정병열,세경북스,20250425,경제/경영
9791194359203,S000216451369,사례로 쉽게 배우는 기업가치 평가,"49,000","49,000",0%,3%,"1,470",엄성환,율곡출판사,20250425,경제/경영
9791192229607,S000216344978,회계가 머니?,"28,000","25,200",10%,5%,"1,400",김수헌 외,어바웃어북,20250425,경제/경영
9788925573878,S000216305320,국세청도 모르는 상속 증여의 기술,"22,000","19,800",10%,5%,"1,100",공찬규,알에이치코리아,20250425,경제/경영
9791130665085,S000216344882,비트코인 화폐의 미래,"38,000","34,200",10%,5%,"1,900",사이페딘 아모스,다산북스,20250424,경제/경영
9788960543423,S000216241184,초보자를 위한 온라인판매 핵심 비밀노트,"25,000","22,500",10%,5%,"1,250",김태호(필명 유노연),중앙경제평론사,20250421,경제/경영
9791189352899,S000216256521,경제지표 알고 갑시다,"19,800","17,820",10%,5%,990,하이엠,위너스북,20250420,경제/경영
9791141609832,S000216275043,인생의 파도를 넘는 법,"18,000","16,200",10%,5%,900,김재철,콜라주,20250416,경제/경영
9791193324479,S000216306422,누가 뭐래도 부자가 되어라,"22,000","19,800",10%,5%,"1,100",브래들리 T. 클론츠 외,북플라자,20250415,경제/경영
9788993281774,S000211035628,2025 보장왕 통키 시즌 2,"20,000","18,000",10%,5%,"1,000",최돈호 외,네오머니,20250415,경제/경영
9788962185782,S000216210577,맨큐의 경제학 연습문제풀이,"18,000","17,460",3%,0%,0,N. Gregory Mankiw,경문사,20250411,경제/경영
9791168583450,S000216225831,대전환의 시대,"22,000","22,000",0%,3%,660,강남호,정독,20250410,경제/경영
9791170222941,S000216146487,팔란티어에 주목하라,"18,000","16,200",10%,5%,900,안유석,처음북스,20250410,경제/경영
9791198345394,S000216268742,AI 대전환 시대 질문을 디자인하라,"15,000","13,500",10%,5%,750,김기진,에릭스토리,20250409,경제/경영
9791161373997,S000216172188,인사관리와 고용관계 SE,"30,000","29,700",1%,3%,900,최중락,상경사,20250402,경제/경영
9791198698728,S000216064680,기업이 된다는 것,"22,000","19,800",10%,5%,"1,100",나카가와 마사시치,인벨로프,20250401,경제/경영
9791173551291,S000216001907,대기업 퇴사하고 옥스퍼드 갑니다,"20,000","18,000",10%,5%,"1,000",정성환,미다스북스,20250324,경제/경영
9791162544174,S000216042687,대한민국이 열광할 시니어 트렌드,"18,500","16,650",10%,1%,180,고려대학교 고령사회연구원 외,비즈니스북스,20250321,경제/경영
9791193904305,S000216000661,엔비디아 레볼루션,"25,000","22,500",10%,5%,"1,250",태 킴,서삼독,20250318,경제/경영
9791193394625,S000215762992,마인드셋은 어떻게 투자의 무기가 되는가,"21,000","18,900",10%,5%,"1,050",마크 미너비니,이레미디어,20250315,경제/경영
9791199044920,S000216037580,K-IFRS 회계학 원론,"35,000","34,650",1%,1%,350,박희우 외,퍼스트북,20250314,경제/경영
9788962399844,S000216049532,2025 알기쉬운 세무실무,"30,000","27,000",10%,1%,300,이형래 외,어울림,20250313,경제/경영
9788987475851,S000216099055,조직문화 혁신과 뉴 트렌드,"15,000","13,500",10%,5%,750,정진호 외,한국인사관리협회,20250313,경제/경영
9791166395079,S000215965440,고객감동 품질경영솔루션,"25,000","24,750",1%,2%,500,이득중 외,백산출판사,20250308,경제/경영
9788947501453,S000215835343,플팩의 상급지로 가는 대출력,"23,000","20,700",10%,5%,"1,150",플팩(강연옥),한국경제신문,20250305,경제/경영
9791194647003,S000215915482,경제학원론 연습문제와 해답,"15,000","15,000",0%,3%,450,이준구 외,문우사,20250305,경제/경영
9791193715956,S000215579567,두드림 경영학,"25,000","24,400",2%,1%,250,박상철,청람,20250302,경제/경영
9791130321585,S000215964525,계리모형론,"49,000","48,510",1%,3%,"1,470",강계욱 외,박영사,20250228,경제/경영
9791130349350,S000215928468,판례세법,"34,000","33,660",1%,3%,"1,020",이창희 외,박영사,20250228,경제/경영
9791130321820,S000216037379,거시금융경제학,"33,000","32,670",1%,3%,990,윤택,박영사,20250228,경제/경영
9791194530107,S000215747044,환율의 대전환,"27,000","24,300",10%,5%,"1,350",오건영,포레스트북스,20250228,경제/경영
9791199150003,S000215851206,전설의 프로 트레이더 빅 2,"25,000","22,500",10%,5%,"1,250",빅터 스페란데오,액티브,20250228,경제/경영
9791169581585,S000215832172,잘되는 커뮤니티는 리더십이 다르다,"19,500","17,550",10%,5%,970,조창오,라온북,20250224,경제/경영
9791130349015,S000215816262,금융법원론,"43,000","42,570",1%,3%,"1,290",이상복,박영사,20250220,경제/경영
9789813351691,S000215722136,계량경제학,"39,000","38,610",1%,3%,"1,170",James H. Stock 외,Pearson,20250220,경제/경영
9791162544099,S000215703880,넥스트 AI 비즈니스,"18,500","16,650",10%,1%,180,최은수,비즈니스북스,20250218,경제/경영
9791198944283,S000215703956,캔들차트 사용설명서,"20,000","18,000",10%,5%,"1,000",오자와 미노루,여의도책방,20250211,경제/경영
9791193638637,S000215557585,"스물하나, 서른아홉","16,800","15,120",10%,5%,840,김난도 외,미래의창,20250211,경제/경영
9791191401448,S000001950993,이것은 작은 브랜드를 위한 책(확장판),"22,000","19,800",10%,5%,"1,100",이근상,몽스북,20250210,경제/경영
9791191401745,S000209182558,이것은 작은 브랜드를 위한 책: 실전편,"19,800","17,820",10%,5%,990,이근상,몽스북,20250210,경제/경영
9791190819442,S000215552341,"지출증빙, 부가가치세, 종합소득세, 원천징수, 급여세금 실무설명서","22,000","19,800",10%,5%,"1,100",손원준,지식만들기,20250203,경제/경영
9791169851213,S000215561538,나의 두 번째 교과서 X 이진우의 다시 만난 경제,"19,800","17,820",10%,5%,990,이진우,페이지2북스,20250131,경제/경영
9788901292496,S000215617526,리더의 질문력,"17,000","15,300",10%,5%,850,마이클 번게이 스태니어,리더스북,20250124,경제/경영
9791193063750,S000215112966,그래서 브랜딩이 필요합니다,"22,000","19,800",10%,5%,"1,100",전우성,북스톤,20250122,경제/경영
9788962452358,S000215159045,알고 보면 엄청 쉬운 공무원 예산 이야기,"18,000","16,200",10%,5%,900,김영수,이비락,20250120,경제/경영
9791189032487,S000215028042,육각형 투자설계,"19,000","17,100",10%,5%,950,황현,서하당,20250102,경제/경영
9791193187630,S000216496326,연결회계,"28,000","28,000",0%,3%,840,박진모,지필미디어,20241220,경제/경영
9791194085270,S000215016044,군인은 어떻게 부자가 될 수 있을까,"17,000","15,300",10%,5%,850,Rich Bee,헤르몬하우스,20241216,경제/경영
9791193394540,S000214665062,빅 트레이더의 주도주 매매법,"35,000","31,500",10%,5%,"1,750",서희파더(이재상),이레미디어,20241213,경제/경영
9791199009509,S000215015260,M&A와 투자유치 전문가를 위한 M&A 사용설명서,"20,000","18,000",10%,5%,"1,000",WMD 전문가,더블유엠디,20241204,경제/경영
9791160643275,S000214889959,이슈별 부가가치세 실무사례,"50,000","47,500",5%,5%,"2,500",이철재 외,조세통람,20241203,경제/경영
9791169581325,S000214793105,"직무 종말의 시대, AI가 HR의 솔루션이다","19,000","17,100",10%,5%,950,최학철,라온북,20241120,경제/경영
9791186689578,S000214758333,생산 및 운영관리,"34,000","33,660",1%,3%,"1,020",문일경 외,생능,20241118,경제/경영
9791160643251,S000214764436,월 50만 원으로 8억 만드는 배당머신,"19,000","17,100",10%,5%,950,평온 외,이나우스북스,20241118,경제/경영
9791193228029,S000214761290,데이터를 읽는 사람은 언제나 강하다,"17,000","15,300",10%,5%,850,노무라종합연구소 데이터사이언스랩,머스트리드북,20241115,경제/경영
9791170435891,S000214679670,나는 청약 통장을 버리고 경매로 건물주가 되었다,"19,000","17,100",10%,5%,950,부비게이터(이동열),원앤원북스,20241112,경제/경영
9791191590289,S000214509447,진짜 하루만에 이해하는 제약·바이오 산업,"24,800","22,320",10%,5%,"1,240",강하나,티더블유아이지,20241031,경제/경영
9791198375933,S000214470165,투자의 전설 앤서니 볼턴,"22,000","19,800",10%,5%,"1,100",앤서니 볼턴,부크온,20241030,경제/경영
9791189797225,S000214567398,당신이 모르는 진짜 농업 경제 이야기,"21,000","18,900",10%,5%,"1,050",이주량,세이지,20241025,경제/경영
9788925574448,S000214552872,1천만 원이 100억 되는 땅에 투자하라,"20,000","18,000",10%,5%,"1,000",전은규 외,알에이치코리아,20241025,경제/경영
9791140711086,S000214567118,월급 200만 원으로 10억 만드는 투자 공식,"21,000","18,900",10%,5%,"1,050",김동면(겨울잠),길벗,20241023,경제/경영
9791169084178,S000214545995,B주류경제학,"19,800","17,820",10%,5%,990,토스 외,오리지널스,20241016,경제/경영
9791194273028,S000214305890,알테쉬톡의 공습,"20,000","18,000",10%,5%,"1,000",박승찬,더숲,20241002,경제/경영
9791193394472,S000214055595,거래량 투자 기법,"23,000","20,700",10%,5%,"1,150",애나 쿨링,이레미디어,20240927,경제/경영
9791193780084,S000214357841,나는 미국 월배당 ETF로 40대에 은퇴한다,"18,800","16,920",10%,5%,940,최영민,지음미디어,20240927,경제/경영
9791193715734,S000214403946,산업경영공학개론,"30,000","30,000",0%,3%,900,고시근 외,청람,20240915,경제/경영
9791130320069,S000214395952,토지경제학(2024),"37,000","36,630",1%,2%,740,이정전,박영사,20240913,경제/경영
9791198184924,S000214182540,페이머스,"18,500","16,650",10%,5%,920,김유진,도서담,20240912,경제/경영
9788966226887,S000214180711,IFRS 회계원리,"33,000","32,670",1%,1%,330,두서영 외,세학사,20240910,경제/경영
9788965966463,S000214097098,좋은 리더를 넘어 위대한 리더로,"26,000","23,400",10%,5%,"1,300",짐 콜린스 외,흐름출판,20240905,경제/경영
9791191200973,S000214086826,지금 살림도 빠듯한데 은퇴 자금 어떻게 모으지?,"17,000","15,300",10%,5%,850,김형리,프로젝트A,20240905,경제/경영
9791169850919,S000214123908,AI 반도체 혁명,"23,000","20,700",10%,5%,"1,150",권순우 외,페이지2북스,20240904,경제/경영
9791193187609,S000214128131,조세경제학,"28,000","28,000",0%,3%,840,김상봉 외,지필미디어,20240902,경제/경영
9791193845059,S000214055067,ESG 정보공시와 공급망 실사,"36,000","35,640",1%,1%,360,손호철,이나무러닝,20240831,경제/경영
9788936325923,S000214299407,금융수학개론,"34,000","33,660",1%,4%,"1,360",이재성,교문사,20240830,경제/경영
9791198335364,S000214044857,전설의 프로 트레이더 빅,"25,000","22,500",10%,5%,"1,250",빅터 스페란데오 외,액티브,20240820,경제/경영
9791160643183,S000214016403,알수록 돈이 되는 부의 설계,"25,000","22,500",10%,5%,"1,250",김혜리,조세통람,20240816,경제/경영
9791193638385,S000213987109,세상 친절한 환율수업,"19,000","17,100",10%,5%,950,노영우 외,미래의창,20240816,경제/경영
9788944505799,S000214083098,글로벌 무역학개론,"30,000","29,100",3%,0%,0,오원석 외,삼영사,20240808,경제/경영
9788965403937,S000213898478,"AX 시대, 기업의 승부수는 사업·서비스·조직의 AI 전환에 있다","20,000","18,000",10%,5%,"1,000",카지타니 켄토,프리렉,20240730,경제/경영
9788947286787,S000213733374,기초 경제수학 특강,"25,000","24,750",1%,1%,250,이재민 외,형설출판사,20240726,경제/경영
9791191484243,S000213908245,우산을 든 투자자,"19,500","17,550",10%,5%,970,마크 스피츠나겔,워터베어프레스,20240726,경제/경영
9791187799351,S000213851689,부동산 계약 이렇게 쉬웠어?,"22,000","19,800",10%,5%,"1,100",송희창(송사무장),지혜로,20240725,경제/경영
9788925574769,S000213815857,투자로 인생을 밸류업 하라,"22,000","19,800",10%,5%,"1,100",한걸음,알에이치코리아,20240722,경제/경영
9791193000502,S000213799812,업무시간을 반으로 줄이는 AI 활용법,"18,000","16,200",10%,5%,900,이임복,천그루숲,20240720,경제/경영
9788955018592,S000213800273,최신 회계감사,"42,000","41,580",1%,1%,420,이효익 외,신영사,20240715,경제/경영
9791186689530,S000213738507,스마트 인적자원관리,"32,000","32,000",0%,3%,960,최진남 외,생능,20240712,경제/경영
9791170222804,S000213540618,작은 기업을 위한 브랜딩 법칙 ZERO,"18,000","16,200",10%,5%,900,김용석,처음북스,20240630,경제/경영
9791196119508,S000213641221,개미대학 세력의 매집원가 구하기 완결판,"22,000","19,800",10%,5%,"1,100",전석,오베이북스,20240625,경제/경영
9791162543788,S000213558058,나는 주말마다 10억 버는 비즈니스를 한다,"18,500","16,650",10%,1%,180,노아 케이건,비즈니스북스,20240625,경제/경영
9791191937466,S000213556995,집 계약은 처음입니다만,"12,500","11,250",10%,5%,620,신중권 외,이덴슬리벨,20240620,경제/경영
9791165349707,S000213232126,AI 사피엔스: 전혀 다른 세상의 인류,"22,000","19,800",10%,5%,"1,100",최재붕,쌤앤파커스,20240601,경제/경영
9788947286763,S000213517278,부동산 감정평가론,"32,000","32,000",0%,3%,960,권호근 외,형설출판사,20240531,경제/경영
9791140710027,S000213299774,원칙으로 수익 내는 단타의 기술,"22,000","19,800",10%,5%,"1,100",원정연(만쥬),길벗,20240531,경제/경영
9791157678433,S000213326666,공동주택회계,"27,000","24,300",10%,5%,"1,350",박승풍 외,건기원,20240530,경제/경영
9791193383124,S000213436004,The Game Changers,"19,000","17,100",10%,5%,950,비미디어컴퍼니 편집부,비미디어컴퍼니 주식회사(제이오에이치),20240529,경제/경영
9788947549547,S000213263177,프로젝트 설계자,"25,000","22,500",10%,5%,"1,250",벤트 플루비야 외,한국경제신문,20240522,경제/경영
9791171712014,S000213350332,일할 사람이 사라진다,"20,000","18,000",10%,5%,"1,000",이철희,위즈덤하우스,20240522,경제/경영
9791193210765,S000213301026,주식 시장의 비밀 머니 사이클,"19,500","17,550",10%,5%,970,안동훈,두드림미디어,20240522,경제/경영
9791193262160,S000213326412,저는 브랜딩을 하는 사람입니다,"18,500","16,650",10%,5%,920,허준,필름(Feelm),20240522,경제/경영
9791140709946,S000213218371,필립 코틀러 마켓 6.0,"23,000","20,700",10%,5%,"1,150",필립 코틀러 외,더퀘스트,20240516,경제/경영
9791193394342,S000212908674,이동 평균선 투자법,"17,000","15,300",10%,5%,850,고지로 강사,이레미디어,20240503,경제/경영
9791198375919,S000212924353,예측투자,"27,500","24,750",10%,5%,"1,370",마이클 모부신 외,부크온,20240430,경제/경영
9791191378528,S000213087017,부의 이전 확장판,"25,000","22,500",10%,5%,"1,250",이장원 외,체인지업,20240426,경제/경영
9788962381832,S000213022968,범죄의 경제학,"22,000","21,780",1%,2%,440,Harold M. Winter,해남,20240412,경제/경영
9788947549486,S000212798080,화폐경제학,"25,000","22,500",10%,5%,"1,250",밀턴 프리드먼,한국경제신문,20240404,경제/경영
9791193638149,S000212777563,대한민국 외식업 트렌드 Vol 2,"17,000","15,300",10%,5%,850,김난도 외,목새(미래의창),20240403,경제/경영
9791192248202,S000212754710,세계 에너지 전쟁지도,"25,000","22,500",10%,5%,"1,250",히라타 다케오,지식노마드,20240329,경제/경영
9791168582101,S000212614994,핵심 경영경제 통계학,"39,000","37,800",3%,0%,0,Jeffrey D. Camm 외,정독,20240320,경제/경영
9791130651484,S000212684828,경영이라는 세계,"29,000","26,100",10%,5%,"1,450",황승진,다산북스,20240320,경제/경영
9788969525789,S000212624027,페드 인사이트,"16,800","15,120",10%,5%,840,성상현,경향BP,20240320,경제/경영
9791193063323,S000212675868,도쿄를 바꾼 빌딩들,"19,000","17,100",10%,5%,950,박희윤,북스톤,20240318,경제/경영
9791193712146,S000212650917,101가지 비즈니스 모델 이야기(2024),"39,500","35,550",10%,5%,"1,970",남대일 외,한스미디어,20240314,경제/경영
9791192218786,S000212725173,공실에서 가장 먼저 탈출하는 비밀,"19,000","17,100",10%,5%,950,조복현,트러스트북스,20240314,경제/경영
9791191590241,S000212571714,진짜 하루만에 이해하는 정유·석유화학 산업,"23,800","21,420",10%,5%,"1,190",배진영 외,티더블유아이지,20240306,경제/경영
9791197967689,S000212263579,미시경제학,"42,000","40,640",3%,0%,0,이준구 외,문우사,20240305,경제/경영
9788977707573,S000212603309,계량경제학 이론과 활용,"33,000","33,000",0%,3%,990,남준우 외,홍문사,20240305,경제/경영
9788964768327,S000219311673,항공운송실무론,"23,000","23,000",0%,2%,460,전약표,새로미,20240302,경제/경영
9791193394212,S000212415358,데이 트레이딩 & 스윙 트레이딩 전략(리커버판),"22,000","19,800",10%,5%,"1,100",캐시 리엔,이레미디어,20240301,경제/경영
9791168581999,S000212392150,경영전략,"36,000","35,640",1%,2%,720,Charles W. L. Hill 외,정독,20240229,경제/경영
9791197833915,S000212602908,CDCS와 신용장통일규칙,"40,000","36,000",10%,5%,"2,000",김영훈,계영,20240228,경제/경영
9788925418766,S000212624187,K-IFRS 회계원리(2024),"30,000","29,700",1%,1%,300,정혜영 외,교육과학사,20240225,경제/경영
9791189369361,S000212624658,관광학개론,"24,000","24,000",0%,1%,240,고석면 외,양림출판사,20240225,경제/경영
9791168320956,S000212519629,지금부터 리더,"19,800","17,820",10%,5%,990,지정훈 외,플랜비디자인,20240224,경제/경영
9791140708338,S000212304171,채권 투자 무작정 따라하기,"27,500","24,750",10%,5%,"1,370",서준식 외,길벗,20240223,경제/경영
9791171174331,S000212228122,홍보의 신,"19,800","17,820",10%,5%,990,김선태,21세기북스,20240221,경제/경영
9788918914770,S000212415272,국제경제론,"38,000","38,000",0%,2%,760,김신행 외,법문사,20240220,경제/경영
9791193715147,S000212390316,경영학원론,"28,000","27,110",3%,0%,0,김정원 외,청람,20240220,경제/경영
9791169580960,S000212414665,100배 식당 장사의 비밀,"19,000","17,100",10%,5%,950,이미나,라온북,20240219,경제/경영
9788968211928,S000212383595,조직행동,"33,000","32,670",1%,1%,330,임창희,비앤엠북스,20240215,경제/경영
9788955018547,S000212222891,현대경영학의 이해,"27,000","26,730",1%,3%,810,정기만 외,신영사,20240215,경제/경영
9791193394151,S000211904433,미국주식 처음공부,"22,000","19,800",10%,5%,"1,100",수미숨(상의민) 외,이레미디어,20240205,경제/경영
9791169580946,S000212149253,럭셔리 브랜드 시크릿,"18,500","16,650",10%,5%,920,박유정,라온북,20240205,경제/경영
9791189607869,S000211998394,IFRS 회계원리,"35,000","34,650",1%,3%,"1,050",강정연 외,시대가치,20240130,경제/경영
9788955018530,S000212158555,원가관리회계 해답,"7,000","6,790",3%,1%,70,백태영,신영사,20240130,경제/경영
9788962388121,S000212170401,인과추론,"14,000","14,000",0%,3%,420,이서정,해남,20240126,경제/경영
9791189607852,S000211921478,인적자원관리,"38,000","38,000",0%,2%,760,Noe 외,시대가치,20240120,경제/경영
9791139215885,S000211992658,토지개발 가이드북,"20,000","18,000",10%,5%,"1,000",이승우,지식과감성,20240112,경제/경영
9791192436272,S000211776198,소비자행동,"35,000","34,650",1%,1%,350,이학식 외,집현재,20240108,경제/경영
9791166474033,S000211813012,관광학원론,"32,800","32,480",0%,2%,650,김병용 외,한올,20240105,경제/경영
9791189703707,S000211748787,포스코명장,"28,000","25,200",10%,5%,"1,400",포스코커뮤니케이션실 외,비엠케이,20231222,경제/경영
9791140707492,S000211647166,처음부터 시작하는 주식투자 단타전략,"21,000","18,900",10%,5%,"1,050",홍인기,길벗,20231222,경제/경영
9788968971266,S000211738047,왜 내가 쓴 보도자료는 게재되지 않을까?,"32,000","28,800",10%,5%,"1,600",조광현,가연,20231220,경제/경영
9791193210314,S000211741126,TM은 결과로 말한다,"19,000","17,100",10%,5%,950,김수경,두드림미디어,20231220,경제/경영
9788947549332,S000211685775,돈은 모든 것을 바꾼다,"18,000","16,200",10%,5%,900,김운아,한국경제신문,20231220,경제/경영
9791193394007,S000211238567,슈퍼 트레이더(리커버판),"19,500","17,550",10%,5%,970,반 K. 타프,이레미디어,20231215,경제/경영
9791193394083,S000211237055,기업분석 처음공부,"21,000","18,900",10%,5%,"1,050",체리형부,이레미디어,20231208,경제/경영
9791168320772,S000211553147,온보딩,"19,000","17,100",10%,5%,950,김윤정 외,플랜비디자인,20231208,경제/경영
9791189686932,S000211601343,책 읽고 매출의 신이 되다,"17,800","16,020",10%,5%,890,고명환,라곰,20231206,경제/경영
9791198520500,S000211539886,2000년생이 온다,"18,000","16,200",10%,5%,900,임홍택,11%,20231130,경제/경영
9788967442712,S000211032957,잘 잃어야 잘 번다,"19,800","17,820",10%,5%,990,톰 호가드,에디터,20231111,경제/경영
9791156640028,S000211340031,최신 마케팅,"34,000","34,000",0%,3%,"1,020",고인곤 외,한빛아카데미,20231110,경제/경영
9791189318499,S000211214689,스테이 더 코스,"33,000","29,700",10%,5%,"1,650",존 보글,이콘,20231110,경제/경영
9791198389008,S000210683646,비하인드 바이아웃,"22,000","19,800",10%,1%,220,이중욱,더올림컴퍼니,20231030,경제/경영
9791198207777,S000210697473,손실 없는 투자 원칙,"20,000","18,000",10%,5%,"1,000",남석관,모루,20231030,경제/경영
9791189510275,S000210710855,마케터의 브랜드 탐색법,"18,000","16,200",10%,5%,900,이상훈(스투시),한스미디어,20231030,경제/경영
9788971806210,S000210397790,중국경제사,"22,000","22,000",0%,3%,660,오카모토 다카시,경북대학교출판부,20231025,경제/경영
9791198441706,S000210141836,스파이크,"17,800","16,020",10%,5%,890,김병규,너와숲,20231025,경제/경영
9791169580793,S000210411540,장사 교과서 1: 사장편,"18,000","16,200",10%,5%,900,손재환,라온북,20231024,경제/경영
9788962185546,S000211498025,항공 객실서비스 영어,"23,000","23,000",0%,3%,690,이효선 외,센게이지러닝코리아,20231019,경제/경영
9791163430551,S000209267840,혼돈 속의 혼돈,"18,000","16,200",10%,5%,900,조셉 드 라 베가,스마트비즈니스,20231017,경제/경영
9791192312606,S000209148584,세계 인플레이션 시대의 경제지표,"17,000","15,300",10%,5%,850,에민 율마즈,시크릿하우스,20231004,경제/경영
9791191328981,S000208983856,돈 되는 투자 시스템 만드는 법,"26,000","23,400",10%,5%,"1,300",반 K. 타프,이레미디어,20230928,경제/경영
9789813350151,S000212175537,파생상품의 평가와 헤징전략,"42,000","42,000",0%,3%,"1,260",John C. Hull,퍼스트북,20230925,경제/경영
9791130317236,S000209267739,스폰서십 핸드북,"22,000","22,000",0%,3%,660,피파 콜렛 외,박영사,20230920,경제/경영
9788934971696,S000209181997,경제학이 필요한 순간,"17,800","16,020",10%,5%,890,김현철,김영사,20230920,경제/경영
9788925575940,S000209070641,비즈니스 협상론,"19,800","17,820",10%,5%,990,김병국,알에이치코리아,20230918,경제/경영
9791163500872,S000208712985,돈이 되는 일본 부동산 투자 가이드,"20,000","18,000",10%,5%,"1,000",채운,단비P&B,20230915,경제/경영
9788964149768,S000209030706,해운실무론,"37,000","37,000",0%,3%,"1,110",김명재,두남,20230910,경제/경영
9791158084141,S000208952065,미시경제학,"28,000","28,000",0%,3%,840,이삼호,자유아카데미,20230908,경제/경영
9788901275147,S000208982419,경제학 콘서트 2,"19,000","17,100",10%,5%,950,팀 하포드,웅진지식하우스,20230908,경제/경영
9788963222165,S000208801983,만화로 배우는 재무회계,"16,800","15,120",10%,5%,840,이시노 유이치,비전코리아,20230908,경제/경영
9788968444623,S000208603383,서비스운영관리,"38,000","38,000",0%,3%,"1,140",성백서 외,한경사,20230904,경제/경영
9791188754854,S000208691502,집중투자의 정석,"18,000","16,200",10%,5%,900,앨런 베넬로 외,에프엔미디어,20230830,경제/경영
9788934971672,S000208590902,화폐의 미래,"29,800","26,820",10%,5%,"1,490",에스와르 S. 프라사드,김영사,20230818,경제/경영
9791189607791,S000208603816,딱 한번 읽는 조직행동,"32,000","32,000",0%,3%,960,강대석,시대가치,20230817,경제/경영
9791198399892,S000208504290,김병권의 부동산대백과,"38,000","34,200",10%,5%,"1,900",김병권,진서원,20230815,경제/경영
9788955336443,S000209171677,"금리, 주가, 환율을 움직이는 경제 원칙","20,000","18,000",10%,5%,"1,000",홍성수,새로운제안,20230814,경제/경영
9791162733059,S000208420113,모든 뜨는 것들의 비밀,"18,000","16,200",10%,5%,900,나카야마 아쓰오,사회평론,20230814,경제/경영
9791162881705,S000208257290,에센스 재무관리,"35,000","33,900",3%,0%,0,감형규 외,유원북스,20230810,경제/경영
9788974425678,S000001157212,파이낸스 커리어 바이블(THE Finance Career Bible),"25,000","22,500",10%,5%,"1,250",이혁재 외,매일경제신문사,20230801,경제/경영
9791192775234,S000208291539,당신의 보도자료,"17,000","15,300",10%,5%,850,장회정 외,다빈치books,20230801,경제/경영
9791168320666,S000203376316,커리지,"17,000","15,300",10%,5%,850,최익성,플랜비디자인,20230801,경제/경영
9791139713718,S000203157469,MOT 진실의 순간 15초,"16,800","15,120",10%,5%,840,얀 칼슨,현대지성,20230725,경제/경영
9791140705054,S000203075711,괴물 같은 기업 키엔스를 배워라,"19,500","17,550",10%,5%,970,니시오카 안누,더퀘스트,20230721,경제/경영
9788955018370,S000202970269,경영학원론,"30,000","29,700",1%,3%,900,김태웅 외,신영사,20230720,경제/경영
9791130318363,S000203108742,선 넘는 사람들,"19,000","19,000",0%,3%,570,조상욱,인북,20230716,경제/경영
9788957753064,S000202854857,매출 10배 올려주는 상세페이지 기획과 디자인,"21,000","18,900",10%,5%,"1,050",조해윤 외,이코노믹북스,20230712,경제/경영
9791166571138,S000202854467,세계 3대 CEO 필독서 100,"22,000","19,800",10%,5%,"1,100",야마자키 료헤이,센시오,20230710,경제/경영
9791192519753,S000202889635,세상 친절한 금리수업,"18,000","16,200",10%,5%,900,조경엽 외,미래의창,20230710,경제/경영
9791140705023,S000202826653,내 아이를 위한 마법의 돈 굴리기,"18,800","16,920",10%,1%,180,김성일,길벗,20230707,경제/경영
9791130317892,S000202933411,해외투자자를 위한 투자협정 길라잡이,"17,000","17,000",0%,3%,510,이태호,박영사,20230630,경제/경영
9791130644219,S000202707355,돈 공부는 처음이라,"18,000","16,200",10%,5%,900,김종봉 외,다산북스,20230626,경제/경영
9791160079364,S000202662889,인간은 필요 없다(리커버),"20,000","18,000",10%,5%,"1,000",제리 카플란,한스미디어,20230622,경제/경영
9791188225736,S000202268933,랜덤워크 투자수업(50주년 특별 개정판),"25,000","22,500",10%,5%,"1,250",버턴 말킬,골든어페어,20230620,경제/경영
9791170434184,S000202360542,청약보다 쉬운 아파트 경매 책,"18,000","16,200",10%,5%,900,이장원 외,원앤원북스,20230615,경제/경영
9791170434115,S000202202519,1페이지 주가차트,"20,000","18,000",10%,5%,"1,000",주월,원앤원북스,20230613,경제/경영
9791191328806,S000202185299,실전 매수매도 기법,"27,000","24,300",10%,5%,"1,350",김영옥(데이짱),이레미디어,20230608,경제/경영
9788934982425,S000202558477,살아 있는 것은 모두 게임을 한다,"21,000","18,900",10%,5%,"1,050",모시 호프먼 외,김영사,20230607,경제/경영
9791169257763,S000202360318,얼굴 없는 중개자들,"25,000","22,500",10%,5%,"1,250",하비에르 블라스 외,알키,20230531,경제/경영
9791140719914,S000220662769,클로드 코드 제대로 시작하기,"32,000","28,800",10%,5%,"1,600",주홍철 외,길벗,20260805,컴퓨터/IT
9791158396510,S000218736039,2026 이지패스 ADsP 데이터분석 준전문가,"30,000","27,000",10%,5%,"1,500",박현민 외,위키북스,20260102,컴퓨터/IT
9791124373071,S000220363675,챗GPT · 제미나이 · 클로드까지 모두를 위한 AI,"22,000","19,800",10%,5%,"1,100",지현이(디지털거북이),시프트,20260730,컴퓨터/IT
9791174911612,S000221031921,기술노트,"33,000","29,700",10%,5%,"1,650",기술노트 알렉,지식오름,20260905,컴퓨터/IT
9791199551039,S000218853684,2026 수제비 정보처리기사 실기 기본서,"40,000","36,000",10%,5%,"2,000",윤영빈 외,수제비출판사,20260105,컴퓨터/IT
9788988474914,S000212021705,SQL 자격검정 실전문제,"18,000","18,000",0%,3%,540,한국데이터산업진흥원,한국데이터산업진흥원,20231229,컴퓨터/IT
9791199730137,S000220042183,2026 수제비 정보처리기사 실기 Final 모의고사,"34,000","30,600",10%,5%,"1,700",윤영빈 외,수제비출판사,20260615,컴퓨터/IT
9791124516133,S000219916961,"바로바로 클로드 with 코워크, 스킬, 클로드 코드, 디자인","28,000","25,200",10%,5%,"1,400",차진우,골든래빗(주),20260520,컴퓨터/IT
9788931483215,S000220843869,2027 이기적 컴퓨터활용능력 2급 필기+실기 올인원,"27,000","24,300",10%,5%,"1,350",홍태성 외,영진닷컴,20260920,컴퓨터/IT
9791140717507,S000219186294,2026 시나공 정보처리기사 실기 기본서,"40,000","36,000",10%,5%,"2,000",길벗알앤디 외,길벗,20260227,컴퓨터/IT
9791140716647,S000218499838,2026 시나공 컴퓨터활용능력 2급 필기 기출문제집,"13,000","11,700",10%,5%,650,길벗알앤디,길벗,20260105,컴퓨터/IT
9791140715886,S000218090666,2026 한 권으로 끝내는 시나공 컴활 2급 필기+실기,"27,000","24,300",10%,5%,"1,350",길벗알앤디,길벗,20251015,컴퓨터/IT
9791140716630,S000218498075,2026 시나공 컴퓨터활용능력 1급 필기 기출문제집,"17,000","15,300",10%,5%,850,길벗알앤디,길벗,20260105,컴퓨터/IT
9791193672389,S000218846417,2026 ADsP 데이터분석 준전문가,"31,000","27,900",10%,5%,"1,550",윤종식,데이터에듀,20251226,컴퓨터/IT
9791140715879,S000218090665,2026 한 권으로 끝내는 시나공 컴활 1급 필기+실기,"40,000","36,000",10%,5%,"2,000",길벗알앤디,길벗,20251015,컴퓨터/IT
9788965404460,S000220589344,압도적 스킬로 바로 쓰는 클로드 코워크×AI 자동화,"28,000","25,200",10%,5%,"1,400",강다솔 외,프리렉,20260730,컴퓨터/IT
9791199529847,S000218728879,혼자 공부하는 바이브 코딩 with 클로드 코드,"30,000","27,000",10%,5%,"1,500",조태호,한빛미디어,20251216,컴퓨터/IT
9791124516492,S000220806536,"요즘 AI 루프 엔지니어링, 클로드 코드, 스킬, MCP, 훅, 컨텍스트, 하네스, 리뷰, 오케스트레이션, LLMOps, Langfuse","34,000","30,600",10%,5%,"1,700",박승규,골든래빗(주),20260902,컴퓨터/IT
9788960885134,S000220000024,일 잘하는 직장인의 AI 활용법,"22,000","19,800",10%,5%,"1,100",김덕중 외,디지털북스,20260601,컴퓨터/IT
9788931482980,S000220048974,2027 이기적 AI-POT AI 프롬프트활용능력 1급 기본서,"30,000","27,000",10%,5%,"1,500",김영진,영진닷컴,20260626,컴퓨터/IT
9791140718443,S000219615760,2026 시나공 빅데이터분석기사 실기 Python,"32,000","28,800",10%,5%,"1,600",김태헌,길벗,20260330,컴퓨터/IT
9791140717934,S000219436120,2026 시나공 정보처리기사 실기 총정리,"33,000","29,700",10%,5%,"1,650",길벗알앤디,길벗,20260323,컴퓨터/IT
9791158396589,S000218962409,이지패스 2026 SQLD SQL 개발자,"26,000","23,400",10%,5%,"1,300",전용문,위키북스,20260116,컴퓨터/IT
9791124516539,S000221179951,2027 빠르게 따는 빅데이터분석기사 실기 Python,"32,000","28,800",10%,5%,"1,600",조영훈 외,골든래빗(주),20260914,컴퓨터/IT
9791175790964,S000221145132,AI 시스템 설계,"33,000","29,700",10%,5%,"1,650",이한울,한빛미디어,20260907,컴퓨터/IT
9791163038863,S000220564212,된다! 하루 만에 끝내는 제미나이 활용법,"21,000","18,900",10%,5%,"1,050",권서림,이지스퍼블리싱,20260901,컴퓨터/IT
9791140717491,S000219055682,2026 시나공 정보처리기사 실기 기출문제집,"23,000","20,700",10%,5%,"1,150",길벗알앤디,길벗,20260209,컴퓨터/IT
9791140715923,S000217576068,요즘 개발자를 위한 시스템 설계 수업,"35,000","31,500",10%,5%,"1,750",디렌드라 신하 외,길벗,20250926,컴퓨터/IT
9791156002390,S000214737985,나도하는 도전 파이썬 코딩,"24,000","24,000",0%,3%,720,류춘하 외,홍릉,20241113,컴퓨터/IT
9791124205846,S000221073920,바이브 코딩: 프로덕션의 원칙,"30,000","27,000",10%,5%,"1,500",진 킴 외,제이펍,20260903,컴퓨터/IT
9788947503167,S000221074602,AI와 일하는 기술,"30,000","27,000",10%,5%,"1,500",최정혜 외,한국경제신문,20260831,컴퓨터/IT
9791140719884,S000220665095,2027 시나공 컴퓨터활용능력 2급 실기 기본서,"24,000","21,600",10%,5%,"1,200",길벗알앤디,길벗,20260824,컴퓨터/IT
9791140719457,S000220308524,2027 한 권으로 끝내는 시나공 SQLD,"26,000","23,400",10%,5%,"1,300",서동재,길벗,20260713,컴퓨터/IT
9788931482973,S000220049027,2027 이기적 AI-POT AI 프롬프트활용능력 2급 기본서,"30,000","27,000",10%,5%,"1,500",김영진,영진닷컴,20260612,컴퓨터/IT
9788931480351,S000219080998,2026 이기적 프로그래밍기능사 실기 기본서,"21,000","18,900",10%,5%,"1,050",임승현,영진닷컴,20260220,컴퓨터/IT
9788966113422,S000219083573,2026 알기사 정보보안기사(산업기사) 실기,"46,000","41,400",10%,5%,"2,300",정일영,지안에듀,20260130,컴퓨터/IT
9791174040862,S000218676405,2026 해커스 전산회계 2급 2주 합격 이론+실무+최신기출 15회분+무료특강,"24,000","21,600",10%,5%,"1,200",이남호,해커스금융,20260102,컴퓨터/IT
9791191600704,S000001952241,진짜 쓰는 실무 엑셀,"21,000","18,900",10%,5%,"1,050",오빠두(전진권),제이펍,20220215,컴퓨터/IT
9788931483000,S000221283484,2027 이기적 SQLD SQL 개발자 이론+기출문제,"25,000","22,500",10%,5%,"1,250",강태우,영진닷컴,20261012,컴퓨터/IT
9788931480399,S000221145000,2027 이기적 정보처리기사 실기 최신문제집 2주 패스,"22,000","19,800",10%,5%,"1,100",한진만 외,영진닷컴,20260918,컴퓨터/IT
9788931483628,S000221031949,2027 이기적 워드프로세서 필기+실기 올인원,"30,000","27,000",10%,5%,"1,500",김옥남 외,영진닷컴,20260914,컴퓨터/IT
9791196241650,S000221168707,제로부터 시작하는 인문학 AI 실습,"22,000","19,800",10%,5%,"1,100",김유영,브라운출판사,20260914,컴퓨터/IT
9788931484274,S000220843781,"클로드 역대급 활용법 with 코워크, 디자인, 코드, 스킬, 커넥터, 플러그인","28,000","25,200",10%,5%,"1,400",진한별,영진닷컴,20260821,컴퓨터/IT
9791175790926,S000220774700,AI 프로덕트 매니지먼트,"26,000","23,400",10%,5%,"1,300",김영욱,한빛미디어,20260810,컴퓨터/IT
9791194116240,S000220648919,"하루 10분, AI 동영상 제작하기","22,000","19,800",10%,5%,"1,100",최창희(스토리위너코치),리얼북스,20260801,컴퓨터/IT
9791175790810,S000220576144,클로드 에이전트 협업의 기술,"30,000","27,000",10%,5%,"1,500",김승권,한빛미디어,20260727,컴퓨터/IT
9791175790599,S000220048885,하네스 엔지니어링 with 클로드 코드,"30,000","27,000",10%,5%,"1,500",황민호,한빛미디어,20260611,컴퓨터/IT
9791176440561,S000219811055,2026 해커스 전산세무 2급 한권합격 이론+실무+최신기출 12회분+무료특강,"32,000","28,800",10%,5%,"1,600",이남호,해커스금융,20260427,컴퓨터/IT
9791140717514,S000219186331,2026 시나공 정보처리산업기사 실기 기본서,"33,000","29,700",10%,5%,"1,650",길벗알앤디 외,길벗,20260227,컴퓨터/IT
9791175790131,S000219002818,AI 에이전트 엔지니어링,"32,000","28,800",10%,5%,"1,600",마이클 알바다,한빛미디어,20260123,컴퓨터/IT
9791193666425,S000218933739,2026 흥달쌤의 정보처리기사 실기 세트,"40,000","36,000",10%,5%,"2,000",이흥직,에듀콕스,20260115,컴퓨터/IT
9791193747094,S000218822223,2026 아이리포 SQL 개발자 SQLD 모든 것,"26,000","23,400",10%,5%,"1,300",조용학,아이리포,20260102,컴퓨터/IT
9791169213745,S000216376461,주니어 백엔드 개발자가 반드시 알아야 할 실무 지식,"28,000","25,200",10%,5%,"1,400",최범균,한빛미디어,20250428,컴퓨터/IT
9791169213608,S000216111334,혼자 공부하는 머신러닝+딥러닝,"32,000","28,800",10%,5%,"1,600",박해선,한빛미디어,20250407,컴퓨터/IT
9791169212144,S000212911507,혼자 공부하는 네트워크,"28,000","25,200",10%,5%,"1,400",강민철,한빛미디어,20240412,컴퓨터/IT
9791169211475,S000208981368,핸즈온 머신러닝,"60,000","54,000",10%,5%,"3,000",오렐리앙 제롱,한빛미디어,20230929,컴퓨터/IT
9788966263158,S000001033116,가상 면접 사례로 배우는 대규모 시스템 설계 기초,"24,000","21,600",10%,5%,"1,200",알렉스 쉬,인사이트,20210728,컴퓨터/IT
9791156645443,S000001743820,정보보안개론,"30,000","30,000",0%,3%,900,양대일,한빛아카데미,20210630,컴퓨터/IT
9791124373163,S000221251716,네이버 블로그 노출·수익화 전략으로 돈이 되는 블로그 운영하기,"22,000","19,800",10%,5%,"1,100",아임플래너(황정희),시프트,20261006,컴퓨터/IT
9791124205907,S000221268726,지속 가능한 일러스트레이터,"22,000","19,800",10%,5%,"1,100",정은지,제이펍,20260923,컴퓨터/IT
9791194630944,S000221282112,바이브 코딩 주식 자동매매 with 파이썬,"26,000","23,400",10%,5%,"1,300",천인국 외,생능북스,20260922,컴퓨터/IT
9788931483222,S000221048140,2027 이기적 컴퓨터활용능력 1급 필기+실기 올인원,"40,000","36,000",10%,5%,"2,000",홍태성 외,영진닷컴,20260921,컴퓨터/IT
9788966265527,S000221234634,클린 코드,"45,000","40,500",10%,5%,"2,250",로버트 C. 마틴,인사이트,20260917,컴퓨터/IT
9791175790872,S000221178822,요즘 교사를 위한 웹앱 만들기 with 바이브 코딩,"22,000","19,800",10%,5%,"1,100",이상선 외,한빛미디어,20260910,컴퓨터/IT
9791124205853,S000221048420,직장인을 위한 AI 에이전트 클로드 코워크,"25,000","22,500",10%,5%,"1,250",케이트리,제이펍,20260903,컴퓨터/IT
9791175790957,S000220996795,밑바닥부터 시작하는 딥러닝 6,"35,000","31,500",10%,5%,"1,750",사이토 고키,한빛미디어,20260831,컴퓨터/IT
9788927775980,S000221108496,2027 원큐패스 개인정보관리사 CPPG,"38,000","34,200",10%,5%,"1,900",김창중,다락원,20260825,컴퓨터/IT
9791140719860,S000220844544,2027 시나공 워드프로세서 실기 기본서 (ver.한글2022),"20,000","18,000",10%,5%,"1,000",길벗알앤디,길벗,20260824,컴퓨터/IT
9791140720132,S000220929338,개발자가 문서 작성도 잘해야 하나요?,"22,000","19,800",10%,5%,"1,100",나카타 나오히로,길벗,20260820,컴퓨터/IT
9791163038870,S000220694962,된다! 교사를 위한 에듀테크 바이브 코딩 수업 활용법,"21,000","18,900",10%,5%,"1,050",최우현,이지스퍼블리싱,20260820,컴퓨터/IT
9791189028619,S000220939783,뚝딱 바로 써먹는 AI 실무 엑셀 : 챗GPT · 제미나이 · 코파일럿,"23,000","20,700",10%,5%,"1,150",주보연,안경다리북스,20260818,컴퓨터/IT
9791193205969,S000220575639,SUNO(수노AI)로 무엇이든 만들 수 있다,"18,000","16,200",10%,5%,900,김민구 외,광문각출판미디어,20260810,컴퓨터/IT
9791140719969,S000220844453,말하는 대로 완성되는 첫 바이브 코딩 무작정 따라하기,"18,000","16,200",10%,5%,900,성하준 외,길벗,20260810,컴퓨터/IT
9788965404446,S000220564240,AI 대세전환 노션Notion X AI 압도적 업무 생산성,"28,000","25,200",10%,5%,"1,400",지니언트,프리렉,20260724,컴퓨터/IT
9791140719556,S000220514686,AI 영상 제작,"27,000","24,300",10%,5%,"1,350",문수민 외,길벗,20260715,컴퓨터/IT
9791124516379,S000220354895,돈이 되네? 주문과 매출이 동시에 터지는 스마트스토어+쿠팡,"25,800","23,220",10%,5%,"1,290",김경은(단아쌤),골든래빗(주),20260707,컴퓨터/IT
9791140719242,S000220340265,그림으로 이해하는 IT 인프라 구조와 기술,"22,000","19,800",10%,5%,"1,100",츠루나가 신이치 외,길벗,20260630,컴퓨터/IT
9791136042934,S000220120124,2026 에듀윌 전산세무 1급 한권끝장 이론+실무+최신기출+무료특강,"38,000","34,200",10%,5%,"1,900",박진혁,에듀윌,20260604,컴퓨터/IT
9791173400636,S000220095109,데이터 과학을 위한 기초수학 with 파이썬,"28,000","28,000",0%,3%,840,이병준,한빛아카데미,20260526,컴퓨터/IT
9791194695462,S000220004015,2026 세무사 남정선의 전산세무 2급 이론+실무+최신기출+100% 무료강의,"33,000","29,700",10%,5%,"1,650",남정선 외,직업상점,20260520,컴퓨터/IT
9791127426996,S000219655659,코지마 히데오의 게임론,"21,800","19,620",10%,5%,"1,090",브라이언 히카리 하츠하임,AK TRVIA BOOK,20260410,컴퓨터/IT
9791175790407,S000219545154,한눈에 보는 AI 반도체 산업,"26,000","23,400",10%,5%,"1,300",MrTrigger,한빛미디어,20260331,컴퓨터/IT
9791175790421,S000219524044,"클로드 코워크 with 스킬, 플러그인","26,000","23,400",10%,5%,"1,300",클리커 외,한빛미디어,20260330,컴퓨터/IT
9791175790261,S000219519076,요즘 교사를 위한 에듀테크 수업 활용 가이드 with 2022 개정 교육과정,"24,000","21,600",10%,5%,"1,200",박진환 외,한빛미디어,20260319,컴퓨터/IT
9791140717446,S000219019970,2026 시나공 프로그래밍기능사 실기 기본서,"21,000","18,900",10%,5%,"1,050",길벗알앤디,길벗,20260202,컴퓨터/IT
9791194695370,S000219189904,2026 혜원장의 전산회계 1급 이론+실무+기출+100% 무료강의,"32,000","28,800",10%,5%,"1,600",이혜원(혜원장),직업상점,20260201,컴퓨터/IT
9791198776259,S000218961344,2026 퀵패스 AI-POT AI 프롬프트 활용능력 2급,"29,300","26,370",10%,5%,"1,460",김유성 외,퀵패스,20260119,컴퓨터/IT
9791140716142,S000218197628,2026 시나공 정보처리기사 필기 기본서,"35,000","31,500",10%,5%,"1,750",길벗알앤디,길벗,20251124,컴퓨터/IT
9791194630197,S000218564769,인공지능 시대의 이산수학,"33,000","29,700",10%,5%,"1,650",김대수 외,생능출판,20251124,컴퓨터/IT
9791169214278,S000217939673,AI 엔지니어링,"40,000","36,000",10%,5%,"2,000",칩 후옌,한빛미디어,20250930,컴퓨터/IT
9791194383437,S000217347037,요즘 바이브 코딩 클로드 코드 완벽 가이드,"24,000","21,600",10%,5%,"1,200",최지호(코드팩토리),골든래빗(주),20250901,컴퓨터/IT
9788931479355,S000217281540,2026 이기적 컴퓨터활용능력 1급 필기+실기 올인원,"40,000","36,000",10%,5%,"2,000",홍태성 외,영진닷컴,20250829,컴퓨터/IT
9791173400315,S000216971794,최신 컴퓨터 구조,"32,000","32,000",0%,3%,960,임석구 외,한빛아카데미,20250704,컴퓨터/IT
9791169213387,S000215599933,밑바닥부터 시작하는 딥러닝 1(리마스터판),"26,000","23,400",10%,5%,"1,300",사이토 고키,한빛미디어,20250124,컴퓨터/IT
9791169212298,S000212853100,이것이 자바다,"38,000","34,200",10%,5%,"1,900",신용권 외,한빛미디어,20240401,컴퓨터/IT
9791192932521,S000211901297,매트랩 프로그래밍,"33,000","33,000",0%,3%,990,임석진,생능출판,20240117,컴퓨터/IT
9791169210911,S000202252289,혼자 공부하는 C 언어,"26,000","23,400",10%,5%,"1,300",서현우,한빛미디어,20230518,컴퓨터/IT
9791162243091,S000061584886,혼자 공부하는 컴퓨터 구조+운영체제,"28,000","25,200",10%,5%,"1,400",강민철,한빛미디어,20220816,컴퓨터/IT
9791196918033,S000001981866,비전공자를 위한 이해할 수 있는 IT 지식,"16,800","15,120",10%,5%,840,최원영,티더블유아이지,20200714,컴퓨터/IT
9791132102229,S000001693753,이산수학(Rosen의),"38,000","38,000",0%,3%,"1,140",Kenneth H. Rosen,McGraw-Hill Education,20190823,컴퓨터/IT
9791188314027,S000001912961,도널드 노먼의 UX 디자인 특강,"26,000","23,400",10%,5%,"1,300",도널드 노먼,유엑스리뷰(UX REVIEW),20180405,컴퓨터/IT
9788966260577,S000001032948,린 스타트업,"18,000","16,200",10%,5%,900,에릭 리스,인사이트,20121112,컴퓨터/IT
9791140720613,S000221329726,케라스 창시자에게 배우는 딥러닝,"48,000","43,200",10%,5%,"2,400",프랑소와 숄레 외,길벗,20260930,컴퓨터/IT
9791140720576,S000221261637,요즘 개발자를 위한 AWS 비용 최적화,"30,000","27,000",10%,5%,"1,500",박정빈 외,길벗,20260929,컴퓨터/IT
9791186573907,S000221189763,나이아가라 VFX,"48,000","43,200",10%,5%,"2,400",김성준,비엘북스,20260926,컴퓨터/IT
9791163039068,S000221337772,Do it! 바이브 코딩 + 클로드 코드,"30,000","27,000",10%,5%,"1,500",고경희,이지스퍼블리싱,20260920,컴퓨터/IT
9791193732410,S000221061990,연봉 2배 AI 업무술,"28,000","25,200",10%,5%,"1,400",문병용,진서원,20260915,컴퓨터/IT
9791163038979,S000220789124,된다! 7일 실무 엑셀,"22,000","19,800",10%,5%,"1,100",한정희,이지스퍼블리싱,20260915,컴퓨터/IT
9788960309258,S000221189858,"5분 컷, 미친 효율 AI 프롬프트","22,000","19,800",10%,5%,"1,100",송진주,황금부엉이,20260902,컴퓨터/IT
9788966113828,S000221031780,2027 달~달~ 외우는 조현준 정보보호론 달달노트,"19,000","17,100",10%,5%,950,조현준,지안에듀,20260901,컴퓨터/IT
9788931482997,S000220716727,2027 이기적 ADsP 데이터분석 준전문가 이론+기출문제,"25,000","22,500",10%,5%,"1,250",임경덕,영진닷컴,20260821,컴퓨터/IT
9788931482744,S000220663868,2027 이기적 빅데이터분석기사 필기 기본서,"33,000","29,700",10%,5%,"1,650",이혜영 외,영진닷컴,20260820,컴퓨터/IT
9791194084471,S000220783191,이런 거야 클로드 데스크톱,"22,000","19,800",10%,5%,"1,100",이호준,리코멘드,20260820,컴퓨터/IT
9791175790896,S000220704263,누구나 아는 나만 모르는 클로드,"20,000","18,000",10%,5%,"1,000",누나IT(이성원),한빛미디어,20260814,컴퓨터/IT
9791194630906,S000220663222,AIoT를 위한 명품 라즈베리파이(개정판),"32,000","32,000",0%,0%,0,황기태 외,생능출판,20260803,컴퓨터/IT
9788931482393,S000220516783,2027 이기적 ITQ OA Master 엑셀 파워포인트 ver.2021 한글 ver. 2022 올인원,"30,000","27,000",10%,5%,"1,500",영진정보연구소,영진닷컴,20260730,컴퓨터/IT
9788960885189,S000220457617,다빈치리졸브 색보정,"22,000","19,800",10%,5%,"1,100",전수연,디지털북스,20260715,컴퓨터/IT
9791176491907,S000220350720,생성형 AI 치트키,"22,000","19,800",10%,5%,"1,100",장미희,박문각,20260715,컴퓨터/IT
9791124516430,S000220363628,슬기로운 교사 생활 캔바 AI 수업 활용법,"23,800","21,420",10%,5%,"1,190",미나리쌤,골든래빗(주),20260710,컴퓨터/IT
9788931480368,S000220308265,2027 이기적 정보처리산업기사 실기 기본서,"32,000","28,800",10%,5%,"1,600",고소현 외,영진닷컴,20260709,컴퓨터/IT
9791124516331,S000220363300,2027 빠르게 따는 AICE ASSOCIATE,"35,000","31,500",10%,5%,"1,750",조영훈 외,골든래빗(주),20260706,컴퓨터/IT
9788960885158,S000220211588,처음이지만 프로처럼 쓰는 n8n,"33,000","29,700",10%,5%,"1,650",곽지호(Dante),디지털북스,20260622,컴퓨터/IT
9791124516232,S000220240746,"2027 빠르게 따는 리눅스마스터 2급(1, 2차)","28,000","25,200",10%,5%,"1,400",권대우,골든래빗(주),20260622,컴퓨터/IT
9791189028589,S000220293044,뚝딱 바로 써먹는 AI 3대장: 챗GPT · 제미나이 · 클로드,"22,000","19,800",10%,5%,"1,100",코리아교육그룹,안경다리북스,20260622,컴퓨터/IT
9791163038726,S000220161376,Do it! 오토캐드 2027 + AI,"31,000","27,900",10%,5%,"1,550",박한울,이지스퍼블리싱,20260619,컴퓨터/IT
9791140719174,S000220220936,AI 시대에 개발자가 알아야 할 인프라 구성 배포 with 클로드 코드,"24,000","21,600",10%,5%,"1,200",조훈,길벗,20260619,컴퓨터/IT
9791193229484,S000220209296,AI 에이전트 실행 세계 1: 원리편,"30,000","27,000",10%,5%,"1,500",조쉬(이주환),로드북,20260617,컴퓨터/IT
9791175790698,S000220340251,피지컬 AI 시스템 설계,"30,000","27,000",10%,5%,"1,500",엥지유니버스,한빛미디어,20260617,컴퓨터/IT
9791124205532,S000220154112,진짜 쓰는 프리미어 영상 편집(2026),"26,000","23,400",10%,5%,"1,300",조블리(조애리),제이펍,20260611,컴퓨터/IT
9791163038573,S000219997033,된다! 스레드 활용법,"22,000","19,800",10%,5%,"1,100",거북이걸음,이지스퍼블리싱,20260601,컴퓨터/IT
9791124309070,S000220036708,"다시, 소프트웨어 엔지니어","30,000","27,000",10%,5%,"1,500",네서니얼 슈타 외,책만,20260529,컴퓨터/IT
9788965404422,S000220004671,교사를 위한 AI 에듀테크 수업·생활·업무 대백과,"27,000","24,300",10%,5%,"1,350",송해남 외,프리렉,20260527,컴퓨터/IT
9791175790445,S000219973671,요즘 교사를 위한 AI 바이브 코딩 활용 가이드 with 2022 개정 교육과정,"22,000","19,800",10%,5%,"1,100",공지훈 외,한빛미디어,20260526,컴퓨터/IT
9791194084402,S000220003827,AI 시대 사수 없는 마케터의 질문 수업,"22,000","19,800",10%,5%,"1,100",이효정,리코멘드,20260525,컴퓨터/IT
9791163038504,S000219796225,된다! 캡컷 영상 편집,"22,000","19,800",10%,5%,"1,100",지민이,이지스퍼블리싱,20260506,컴퓨터/IT
9791175790452,S000219786427,만들면서 배우는 AI 에이전트 개발 입문+실전,"37,000","33,300",10%,5%,"1,850",박나연(공원나연),한빛미디어,20260501,컴퓨터/IT
9791194687979,S000219801640,AI시대에 난생처음 들어보는 데이터센터 이야기,"22,000","19,800",10%,5%,"1,100",김주회,북플레이트,20260430,컴퓨터/IT
9791175790438,S000219616275,n8n이 다 해줌,"28,000","25,200",10%,5%,"1,400",이인영 외,한빛미디어,20260425,컴퓨터/IT
9791175790513,S000219725328,클로드 코드 마스터,"36,000","32,400",10%,5%,"1,800",이남희 외,한빛미디어,20260424,컴퓨터/IT
9791163038306,S000219348198,된다! 조회수 터지는 인스타그램 릴스 만들기,"21,000","18,900",10%,5%,"1,050",최지영,이지스퍼블리싱,20260313,컴퓨터/IT
9788966265213,S000219386206,가상 면접 사례로 배우는 생성형 AI 서비스 설계,"34,000","30,600",10%,5%,"1,700",알리 아미니안 외,인사이트,20260312,컴퓨터/IT
9791140717781,S000219336651,이펙티브 파이썬,"42,000","37,800",10%,5%,"2,100",브렛 슬라킨,길벗,20260227,컴퓨터/IT
9791175790186,S000219304666,맛있는 디자인 피그마 with AI,"28,000","25,200",10%,5%,"1,400",이영주,한빛미디어,20260227,컴퓨터/IT
9788931481433,S000219249581,2026 이기적 경영정보시각화능력 필기 기본서,"33,000","29,700",10%,5%,"1,650",인천대 비즈니스데이터센터 외,영진닷컴,20260223,컴퓨터/IT
9791194383772,S000219058596,코덱스 완벽 가이드,"28,000","25,200",10%,5%,"1,400",윤재원(단테),골든래빗(주),20260213,컴퓨터/IT
9791136040596,S000218965390,2026 에듀윌 SQLD SQL 개발자 2주끝장+무료특강,"24,000","21,600",10%,5%,"1,200",김남규,에듀윌,20260211,컴퓨터/IT
9791194383796,S000219142807,이게 되네? 제미나이 완전 미친 활용법 81제,"24,000","21,600",10%,5%,"1,200",오힘찬,골든래빗(주),20260210,컴퓨터/IT
9788931481402,S000218968390,2026 이기적 리눅스마스터 1급(1·2차) 기본서 세트,"38,000","34,200",10%,5%,"1,900",김윤수 외,영진닷컴,20260130,컴퓨터/IT
9791198776266,S000218961160,2026 퀵패스 AI-POT AI 프롬프트 활용능력 1급,"30,000","27,000",10%,5%,"1,500",AI 프롬프트 활용능력 연구소 외,퀵패스,20260119,컴퓨터/IT
9791136040909,S000219018478,2026 에듀윌 전산회계 1급 2주끝장,"28,000","25,200",10%,5%,"1,400",김성수,에듀윌,20260116,컴퓨터/IT
9791136040121,S000218881748,2026 에듀윌 ADsP 데이터분석 준전문가 2주끝장,"28,000","25,200",10%,5%,"1,400",윤소영,에듀윌,20260111,컴퓨터/IT
9791198347091,S000218365608,구글 스프레드시트 실전 가이드북,"22,000","19,800",10%,5%,"1,100",김동호 외,씨마스21,20260105,컴퓨터/IT
9791174040916,S000218797359,2026 해커스 전산회계 1급 3주 합격 이론+실무+최신기출 12회분+무료특강,"31,000","27,900",10%,5%,"1,550",이남호,해커스금융,20260102,컴퓨터/IT
9788931480320,S000218315406,2026 이기적 CPPG 개인정보관리사 기본서,"38,000","34,200",10%,5%,"1,900",이제이 외,영진닷컴,20251103,컴퓨터/IT
9791169214346,S000218186158,스레드 운영법,"20,000","18,000",10%,5%,"1,000",이동영,한빛미디어,20251024,컴퓨터/IT
9791169214117,S000217281595,회사에서 바로 통하는 실무 엑셀 파워포인트 워드&한글,"27,000","24,300",10%,5%,"1,350",전미진 외,한빛미디어,20250819,컴퓨터/IT
9791140715312,S000217286219,AI 영상×미드저니·런웨이·소라·클링·하이루오,"26,000","23,400",10%,5%,"1,300",안재홍,길벗,20250813,컴퓨터/IT
9791140715091,S000217153329,2026 시나공 컴퓨터활용능력 1급 필기 총정리,"22,000","19,800",10%,5%,"1,100",길벗알앤디,길벗,20250804,컴퓨터/IT
9788931480092,S000216885310,2026 이기적 컴퓨터활용능력 2급 실기 기본서,"23,000","20,700",10%,5%,"1,150",박윤정,영진닷컴,20250720,컴퓨터/IT
9791173400209,S000217098802,쉽게 배우는 운영체제,"33,000","33,000",0%,3%,990,조성호,한빛아카데미,20250718,컴퓨터/IT
9791140713707,S000216830196,2026 시나공 워드프로세서 필기 기본서,"21,000","18,900",10%,5%,"1,050",길벗알앤디,길벗,20250616,컴퓨터/IT
9791163037057,S000216406434,Do it! LLM을 활용한 AI 에이전트 개발 입문,"35,000","31,500",10%,5%,"1,750",이성용,이지스퍼블리싱,20250509,컴퓨터/IT
9791165712242,S000215653507,파포 2021 작품만들기,"14,000","12,600",10%,5%,700,해람북스 기획팀,해람북스(구 북스홀릭),20250210,컴퓨터/IT
9791192932941,S000214914086,컴퓨터구조론,"31,000","31,000",0%,0%,0,김종현,생능출판,20241213,컴퓨터/IT
9791172243579,S000214577766,규칙으로 배우는 임베디드 시스템: CPU 이론 및 펌웨어 개발 규칙,"20,000","18,000",10%,5%,"1,000",장선웅,북랩,20241023,컴퓨터/IT
9791169212960,S000214507043,밑바닥부터 시작하는 딥러닝 5,"33,000","29,700",10%,5%,"1,650",사이토 고키,한빛미디어,20241015,컴퓨터/IT
9788966264414,S000213057051,JVM 밑바닥까지 파헤치기,"43,000","38,700",10%,5%,"2,150",저우즈밍,인사이트,20240430,컴퓨터/IT
9791158395025,S000212653041,도메인 스토리텔링,"28,000","25,200",10%,5%,"1,400",스테판 호퍼 외,위키북스,20240312,컴퓨터/IT
9788966264353,S000212266758,가상 면접 사례로 배우는 머신러닝 시스템 설계 기초,"27,000","24,300",10%,5%,"1,350",알리 아미니안 외,인사이트,20240223,컴퓨터/IT
9788966264285,S000211648247,CODE,"35,000","31,500",10%,5%,"1,750",찰스 펫졸드,인사이트,20231222,컴퓨터/IT
9791192932347,S000211352934,따라하며 배우는 파이썬과 데이터 과학,"29,000","29,000",0%,0%,0,천인국 외,생능출판,20231120,컴퓨터/IT
9791163034735,S000202532365,Do it! 점프 투 파이썬,"22,000","19,800",10%,5%,"1,100",박응용,이지스퍼블리싱,20230615,컴퓨터/IT
9791169211130,S000202595362,프로덕트 매니지먼트,"23,000","20,700",10%,5%,"1,150",김영욱,한빛미디어,20230608,컴퓨터/IT
9791169210850,S000201212403,머신러닝 시스템 설계,"38,000","34,200",10%,5%,"1,900",칩 후옌,한빛미디어,20230313,컴퓨터/IT
9791165219529,S000001834833,면접을 위한 CS 전공지식 노트,"24,000","21,600",10%,5%,"1,200",주홍철,길벗,20220428,컴퓨터/IT
9791191198171,S000001949035,"정보영재원 대비 문제집 SW, 로봇(중등 초6~중2)","28,000","25,200",10%,5%,"1,400",최종원 외,잇플,20211126,컴퓨터/IT
9791191600315,S000001952218,인공지능 1,"42,000","37,800",10%,5%,"2,100",스튜어트 러셀 외,제이펍,20210825,컴퓨터/IT
9791191600322,S000001952219,인공지능 2,"38,000","34,200",10%,5%,"1,900",스튜어트 러셀 외,제이펍,20210825,컴퓨터/IT
9791156645436,S000001743819,컴퓨터 구조와 원리 3.0,"29,000","29,000",0%,3%,870,신종홍,한빛아카데미,20210630,컴퓨터/IT
9791162244180,S000001810380,데이터 과학을 위한 통계,"34,000","30,600",10%,5%,"1,700",피터 브루스 외,한빛미디어,20210507,컴퓨터/IT
9791162243596,S000001810323,밑바닥부터 시작하는 딥러닝 3,"38,000","34,200",10%,5%,"1,900",사이토 고키,한빛미디어,20201110,컴퓨터/IT
9791185475578,S000001868743,운영체제,"39,000","39,000",0%,3%,"1,170",Abraham Silberschatz 외,퍼스트북,20200228,컴퓨터/IT
9791185475554,S000001868741,디지털 디자인,"34,000","34,000",0%,3%,"1,020",M. Morris Mano 외,퍼스트북,20200228,컴퓨터/IT
9791156644408,S000001743716,논문 통계분석,"28,000","28,000",0%,3%,840,노경섭,한빛아카데미,20190228,컴퓨터/IT
9788970509013,S000001076292,C# 프로그래밍 입문,"27,000","27,000",0%,3%,810,오세만 외,생능출판,20170314,컴퓨터/IT
9788966261109,S000001032991,피플웨어,"16,800","15,120",10%,5%,840,톰 드마르코 외,인사이트,20140715,컴퓨터/IT
9788935303809,S000000600853,화일구조,"30,000","30,000",0%,3%,900,이석호,정익사,20130110,컴퓨터/IT
9788966260522,S000001032944,리버싱 핵심 원리,"48,000","43,200",10%,5%,"2,400",이승원,인사이트,20120930,컴퓨터/IT
9791199290044,S000221278142,당신의 게임은 이미 실패하고 있다,"25,000","22,500",10%,5%,"1,250",한지훈,문예사학,20261030,컴퓨터/IT
9788960885233,S000221367161,일 잘하는 직장인의 클로드 활용법,"25,000","22,500",10%,5%,"1,250",김도경 외,디지털북스,20261015,컴퓨터/IT
9791199938571,S000221341741,SQL부터 AI까지 데이터 분석 with 클로드 코드,"32,000","28,800",10%,5%,"1,600",조한성,정보문화사,20260930,컴퓨터/IT
9791140720491,S000221327569,"AI 읽는 힘, 보는 힘(AI 문해력 문화력)","28,000","25,200",10%,5%,"1,400",김경수,길벗캠퍼스,20260930,컴퓨터/IT
9791175790988,S000221354783,AI 쓰는 어른의 IT 상식,"22,000","19,800",10%,5%,"1,100",스펜서,한빛미디어,20260930,컴퓨터/IT
9791170685326,S000221335960,플랫폼이 된 인간,"18,000","16,200",10%,5%,900,김주연,군자출판사,20260930,컴퓨터/IT
9791140720507,S000221265110,허깅페이스 인 액션,"33,000","29,700",10%,5%,"1,650",웨이멍 리,길벗,20260923,컴퓨터/IT
9791194409717,S000221329594,AWS는 알려주지 않는 클라우드 비용 절감,"27,000","24,300",10%,5%,"1,350",최우영,에이콘온,20260923,컴퓨터/IT
9791194630982,S000221281868,클링 & 씨댄스,"25,000","22,500",10%,5%,"1,250",전은재,생능북스,20260922,컴퓨터/IT
9791143027566,S000221333667,로봇 리터러시,"12,000","12,000",0%,3%,360,진동철,커뮤니케이션북스,20260922,컴퓨터/IT
9791140720323,S000221177071,AI 편집 디자인,"28,000","25,200",10%,5%,"1,400",이미정 외,길벗,20260921,컴퓨터/IT
9791124516638,S000221280258,2027 빠르게 따는 컴퓨터활용능력 2급 필기+실기,"27,000","24,300",10%,5%,"1,350",이강용,골든래빗(주),20260921,컴퓨터/IT
9791165923525,S000221248777,코드를 넘어서,"19,800","17,820",10%,5%,990,팍스,비제이퍼블릭,20260921,컴퓨터/IT
9788931481976,S000221142569,2027 이기적 GTQ 포토샵 1급 기본서 ver.CC,"26,000","23,400",10%,5%,"1,300",박은영,영진닷컴,20260917,컴퓨터/IT
9791143019189,S000221268444,생성형 AI와 웹툰 서사 구성,"12,000","12,000",0%,0%,0,강승희,커뮤니케이션북스,20260917,컴퓨터/IT
9791143033093,S000221261542,AI와 교육 심리,"12,000","12,000",0%,0%,0,최민지,커뮤니케이션북스,20260916,컴퓨터/IT
9791175791015,S000221145124,"그록봇  with 스킬, 루틴, 그룹, 커넥터","30,000","27,000",10%,5%,"1,500",이종범,한빛미디어,20260915,컴퓨터/IT
9791144201163,S000221283707,AX 2.0 우리의 준비,"20,000","20,000",0%,3%,600,정보통신기획평가원,박영사,20260915,컴퓨터/IT
9791124205747,S000221151703,그냥 Postgres를 쓰세요!,"33,000","29,700",10%,5%,"1,650",데니스 마그다,제이펍,20260910,컴퓨터/IT
9791158396992,S000221109067,AI 네이티브 개발자를 위한 OpenAI 코덱스 실전 활용법,"30,000","27,000",10%,5%,"1,500",서지영,위키북스,20260910,컴퓨터/IT
9791193193235,S000220957117,PMP PM+P : PMP 합격을 위한 PMPBOK 지침서 해설서,"35,000","31,500",10%,5%,"1,750",김병호 외,소동,20260908,컴퓨터/IT
9788931483468,S000220852716,2027 이기적 컴퓨터활용능력 1급 실기 기본서,"39,000","35,100",10%,5%,"1,950",박윤정,영진닷컴,20260907,컴퓨터/IT
9791125105053,S000221142554,구현하며 이해하는 대칭키 암호,"30,000","30,000",0%,3%,900,염용진,교우,20260907,컴퓨터/IT
9791143032973,S000221162883,디지털 거버넌스,"28,000","28,000",0%,3%,840,김대호,커뮤니케이션북스,20260904,컴퓨터/IT
9791143029485,S000221074085,AI 시나리오 창작 프롬프트,"12,000","12,000",0%,0%,0,이수진,커뮤니케이션북스,20260904,컴퓨터/IT
9791199670990,S000221031408,UX 전략가는 따로 있다,"29,800","26,820",10%,5%,"1,490",문종민,비버북스,20260831,컴퓨터/IT
9791175790902,S000221062253,토도성문 일러스트레이터 아트워크,"28,000","25,200",10%,5%,"1,400",토도성문(장성문),한빛미디어,20260831,컴퓨터/IT
9791175790841,S000220996796,클로드 코드 에이전틱 코딩,"24,000","21,600",10%,5%,"1,200",이행철,한빛미디어,20260831,컴퓨터/IT
9791191053760,S000221144265,AI 광고 콘텐츠 제작법,"18,000","16,200",10%,5%,900,김남훈 외,이은북,20260831,컴퓨터/IT
9791175790940,S000221073648,벡터 데이터베이스,"28,000","25,200",10%,5%,"1,400",니틴 보르완카르,한빛미디어,20260828,컴퓨터/IT
9791194630975,S000220931172,딸깍! 제미나이 & 노트북,"25,000","22,500",10%,5%,"1,250",반병현 외,생능북스,20260828,컴퓨터/IT
9791175790643,S000220923893,"바이브 코딩을 위한 안티그래비티 2.0 with 스킬, 멀티 에이전트, MCP,  하네스","25,000","22,500",10%,5%,"1,250",클리커 외,한빛미디어,20260827,컴퓨터/IT
9791158396954,S000220939149,제미니의 백엔드 개발 실무,"24,000","21,600",10%,5%,"1,200",김재민,위키북스,20260827,컴퓨터/IT
9791143029751,S000220937744,AI와 교육공학,"12,000","12,000",0%,0%,0,고보경,커뮤니케이션북스,20260827,컴퓨터/IT
9791186573891,S000220844812,그냥 따라하다 배우는 AI영상 클링(Kling),"25,000","22,500",10%,5%,"1,250",심동엽,비엘북스,20260826,컴퓨터/IT
9791143031785,S000220937715,AI와 교육과정 실행,"12,000","12,000",0%,0%,0,김선영,커뮤니케이션북스,20260826,컴퓨터/IT
9791193059920,S000220774114,만들면서 배우는 40개의 엔트리 게임 + 인공지능 게임,"22,200","19,980",10%,5%,"1,110",전진아 외,앤써북,20260825,컴퓨터/IT
9791140720064,S000220870864,현장에서 픽하는 AI 서비스 기획을 위한 필수 지식,"22,000","19,800",10%,5%,"1,100",최진영,길벗,20260825,컴퓨터/IT
9791140719877,S000220844553,2027 시나공 컴퓨터활용능력 1급 실기 기본서,"40,000","36,000",10%,5%,"2,000",길벗알앤디,길벗,20260824,컴퓨터/IT
9791175700758,S000221075187,"플레이어, 게임 기획자가 되다","26,000","26,000",0%,3%,780,김민철,홍릉,20260824,컴퓨터/IT
9788931483338,S000220716797,2027 이기적 정보처리산업기사 필기+실기 올인원,"47,000","42,300",10%,5%,"2,350",정선아 외,영진닷컴,20260821,컴퓨터/IT
9791175700680,S000221030392,오늘부터 AX : AI 전환의 이해와 실전,"25,000","25,000",0%,3%,750,이태은,홍릉,20260821,컴퓨터/IT
9791193965337,S000220871278,OPNsense를 활용한 AI 방어체계 구축과 모의 해킹,"22,000","19,800",10%,5%,"1,100",박재경 외,광문각,20260821,컴퓨터/IT
9791163038931,S000220806717,Do it! 쉽게 배우는 머신러닝 + 딥러닝,"31,000","27,900",10%,5%,"1,550",이홍재,이지스퍼블리싱,20260820,컴퓨터/IT
9791163038856,S000220623682,Do it! 바이브 코딩 + 커서 AI,"28,000","25,200",10%,5%,"1,400",허주희,이지스퍼블리싱,20260820,컴퓨터/IT
9788966265473,S000220923097,"AI 에이전트 시대의 연결 프로토콜, MCP & A2A","24,000","21,600",10%,5%,"1,200",후루카와 히데카즈,인사이트,20260820,컴퓨터/IT
9788958536208,S000221031655,에이전틱 AI와 피지컬 AI,"23,000","23,000",0%,3%,690,김승욱,학현사,20260820,컴퓨터/IT
9791193059913,S000220765694,"요즘 교사를 위한 바이브코딩 밀키트 100 with 클로드 코드, 러버블","19,800","17,820",10%,5%,990,고상용 외,앤써북,20260820,컴퓨터/IT
9791158396978,S000220807861,Agentic AI 구축 개발의 모든 것,"28,000","25,200",10%,5%,"1,400",이준 외,위키북스,20260819,컴퓨터/IT
9791143414977,S000220096824,2027 유선배 AI 프롬프트활용능력 AI-POT 1·2급 핵심요약+기출변형+무료강의,"29,000","26,100",10%,5%,"1,450",홍진아,시대에듀,20260805,컴퓨터/IT
9791124516478,S000220615442,이게 되네? 엑셀 AI 미친 활용법 100제,"22,000","19,800",10%,5%,"1,100",직트키,골든래빗(주),20260805,컴퓨터/IT
9791194084457,S000220693235,AI 에이전트 주식 자동 매매,"20,000","18,000",10%,5%,"1,000",고현민,리코멘드,20260805,컴퓨터/IT
9791140719808,S000220636244,AI 자율학습  처음 만드는 AI 에이전트 서비스,"27,000","24,300",10%,5%,"1,350",김기수,길벗,20260803,컴퓨터/IT
9791175790803,S000220646575,공무원 AI 54제 활용 가이드,"23,000","20,700",10%,5%,"1,150",소현규,한빛미디어,20260731,컴퓨터/IT
9791199938564,S000220716688,스케치업 2026 for 건축 모델링 : 건축/인테리어 현장에서 사용되는,"42,000","37,800",10%,5%,"2,100",한정훈,정보문화사,20260730,컴퓨터/IT
9791175640016,S000220589486,자동차 사이버보안 엔지니어링 핸드북,"38,000","34,200",10%,5%,"1,900",아흐마드 MK 나세르,에이콘출판,20260730,컴퓨터/IT
9791194630937,S000220663145,일 잘하는 공무원의 AI 활용법,"24,000","21,600",10%,5%,"1,200",박인선,생능북스,20260730,컴퓨터/IT
9788931584776,S000220698837,쉽게 배워 실무에 바로 쓰는 POWER BI,"35,000","31,500",10%,5%,"1,750",송윤희 외,성안당,20260729,컴퓨터/IT
9791140719693,S000220645669,클로드 코드 & 오픈클로,"22,000","19,800",10%,5%,"1,100",서지영,길벗,20260729,컴퓨터/IT
9791175790827,S000220662331,AI 시대의 엔지니어링 전략,"27,000","24,300",10%,5%,"1,350",드류 호스킨스,한빛미디어,20260727,컴퓨터/IT
9791140718832,S000220693151,소프트웨어 공학,"30,000","30,000",0%,3%,900,김규억,길벗캠퍼스,20260723,컴퓨터/IT
9791175790742,S000220588972,"유튜브에서 음원 발매까지 AI 플레이리스트 with 수노, 제미나이, 리퍼, 캔바, 캡컷, 스포티파이","29,000","26,100",10%,5%,"1,450",문태영,한빛미디어,20260721,컴퓨터/IT
9791124309117,S000220501578,머신러닝 플랫폼 엔지니어링,"35,000","31,500",10%,5%,"1,750",벤자민 탄 웨이 하오 외,책만,20260720,컴퓨터/IT
9791124051764,S000220340980,2026 슬기쌤의 전산세무 1급 재무회계등 핵심이론 및 실무,"28,000","25,200",10%,5%,"1,400",유슬기,오스틴북스,20260720,컴퓨터/IT
9791174577344,S000220575915,보안을 해킹하다,"19,000","17,100",10%,5%,950,김정덕,이담북스,20260720,컴퓨터/IT
9791173400605,S000220587889,모듈로 배우는 머신러닝,"38,000","38,000",0%,3%,"1,140",정상근,한빛아카데미,20260717,컴퓨터/IT
9791194642343,S000220782494,대치동 엄마들도 모르는 AI 활용법 세트,"49,000","44,100",10%,5%,"2,450",이종구 외,디지털콘텐츠그룹,20260714,컴퓨터/IT
9788931480078,S000220340512,이기적 ISMS-P 인증심사원 자격검정 기본서,"50,000","45,000",10%,5%,"2,500",최중우 외,영진닷컴,20260713,컴퓨터/IT
9791172095222,S000220501431,2026 데이터분석 초보도 3주만에 합격하는 이패스 경영정보시각화능력 실기,"32,000","28,800",10%,5%,"1,600",박영식,이패스코리아,20260713,컴퓨터/IT
9791199859098,S000220588844,Mythos를 해부하다,"24,900","22,410",10%,5%,"1,240",제이슨 박,하이테크정보사,20260713,컴퓨터/IT
9791140719259,S000220443505,시나공 AI 능력시험 AICE ASSOCIATE(2027),"35,000","31,500",10%,5%,"1,750",서길원 외,길벗,20260710,컴퓨터/IT
9791173400650,S000220511072,데이터베이스 개론,"30,000","30,000",0%,3%,900,김연희,한빛아카데미,20260709,컴퓨터/IT
9791194084433,S000220341620,테디노트의 LangGraph 에이전트 비법노트,"34,000","30,600",10%,5%,"1,700",이경록 외,리코멘드,20260706,컴퓨터/IT
9791140719310,S000220356439,AWS 교과서,"38,000","34,200",10%,5%,"1,900",김원일 외,길벗,20260702,컴퓨터/IT
9788966265404,S000220307813,아키텍처는 진화한다,"28,000","25,200",10%,5%,"1,400",공상휘,인사이트,20260702,컴퓨터/IT
9788931482331,S000220221624,2027 이기적 ITQ 엑셀 ver.2021,"17,000","15,300",10%,5%,850,영진정보연구소,영진닷컴,20260702,컴퓨터/IT
9788931584905,S000220341549,2027 최적합 네트워크 관리사 1.2급 필기+실기,"30,000","27,000",10%,5%,"1,500",허준 외,성안당,20260701,컴퓨터/IT
9791175790636,S000220340257,요즘 교사를 위한 AI×에듀테크 가이드 음악&미술 수업 편 with 2022 개정 교육과정,"21,000","18,900",10%,5%,"1,050",김태선 외,한빛미디어,20260630,컴퓨터/IT
9791158396893,S000220273082,밑바닥부터 따라하면서 배우는 클로드 코드 완전 정복,"28,000","25,200",10%,5%,"1,400",엄태효,위키북스,20260624,컴퓨터/IT
9791124516270,S000220094349,이게 되네? 클로드 MCP 커넥터 미친 활용법 31제,"24,000","21,600",10%,5%,"1,200",박현규 외,골든래빗(주),20260622,컴퓨터/IT
9791124516294,S000220176829,바로바로 챗GPT X 덕테이프 X 코덱스,"24,000","21,600",10%,5%,"1,200",박현규,골든래빗(주),20260619,컴퓨터/IT
9791193229491,S000220209581,AI 에이전트 실행 세계 2: 설계편,"35,000","31,500",10%,5%,"1,750",조쉬(이주환),로드북,20260617,컴퓨터/IT
9791194630852,S000220120718,클로드 코워크,"24,000","21,600",10%,5%,"1,200",신승희,생능북스,20260615,컴퓨터/IT
9791175790612,S000220167465,혼자 해도 프로 선생님처럼 잘 만드는 학교 수업 자료 with 제미나이,"22,000","19,800",10%,5%,"1,100",김태훈 외,한빛미디어,20260612,컴퓨터/IT
9791124516195,S000220119542,요즘 바이브 코딩 하네스 with 클로드 코드,"30,000","27,000",10%,5%,"1,500",조성진,골든래빗(주),20260611,컴퓨터/IT
9791143027863,S000220164992,AI와 실험실의 미래,"12,000","12,000",0%,0%,0,정용석,커뮤니케이션북스,20260610,컴퓨터/IT
9791175790520,S000220096434,이것이 멀티 에이전트다,"35,000","31,500",10%,5%,"1,750",서지영,한빛미디어,20260603,컴퓨터/IT
9791175790667,S000220167604,7가지 생성 AI로 영상 제작&편집하기 with 챗GPT&미드저니&런웨이,"25,000","22,500",10%,5%,"1,250",홍순성,한빛미디어,20260602,컴퓨터/IT
9791140718979,S000220110783,2027 시나공 AI-POT AI 프롬프트활용능력 1급(2급 포함),"27,000","24,300",10%,5%,"1,350",김현정 외,길벗,20260601,컴퓨터/IT
9791124516157,S000219916946,바로바로 제미나이 X 구글 AI,"24,000","21,600",10%,5%,"1,200",공냥이,골든래빗(주),20260601,컴퓨터/IT
9791163038580,S000220042364,Do it! 유니티 6로 게임 제작 & 출시하기,"36,000","32,400",10%,5%,"1,800",고정운,이지스퍼블리싱,20260530,컴퓨터/IT
9788931481846,S000219974557,이기적 GTQ-AI(그래픽기술자격 AI) 기본서,"29,000","26,100",10%,5%,"1,450",장수민,영진닷컴,20260529,컴퓨터/IT
9791194548287,S000220225852,AX 에이전트 경영,"24,000","24,000",0%,3%,720,황영오,미디어북,20260528,컴퓨터/IT
9791176441599,S000220036239,2026 해커스 전산세무 1급 한권합격 법인세 이론+실무+최신기출 12회분,"35,000","31,500",10%,5%,"1,750",이남호,해커스금융,20260526,컴퓨터/IT
9791175790568,S000220054039,"조코딩의 바이브 코딩 1인 창업 with 클로드 코드, 수파베이스, 스트라이프","30,000","27,000",10%,5%,"1,500",조동근,한빛미디어,20260525,컴퓨터/IT
9791193205914,S000220004579,베테랑 AI 전문가가 만든 가장 쉬운 제미나이 활용! Gemini(제미나이)로 무엇이든 만들 수 있다 (AI 비서 영상 만들기 · 유튜브 숏폼),"19,000","17,100",10%,5%,950,송상미 외,광문각출판미디어,20260522,컴퓨터/IT
9791143412164,S000219524231,건축 BIM 입문 Revit 가이드북,"25,000","22,500",10%,5%,"1,250",양승규,시대인,20260520,컴퓨터/IT
9791175790605,S000220041612,트랜스포머 아키텍처로 배우는 AI 에이전트 with 랭체인 & 랭그래프,"39,000","35,100",10%,5%,"1,950",장철원,한빛미디어,20260518,컴퓨터/IT
9791197471520,S000220047534,AICE BASIC 실전대비서,"20,000","18,000",10%,5%,"1,000",조우연,코딩엑스,20260515,컴퓨터/IT
9791124205495,S000219918223,수업에 바로 쓰는 일잘러 선생님의 캔바 Canva 활용법,"22,000","19,800",10%,5%,"1,100",황은지,제이펍,20260514,컴퓨터/IT
9791140718702,S000219940534,코딩 자율학습 FastAPI 파이썬 백엔드 개발 입문,"28,000","25,200",10%,5%,"1,400",신동현,길벗,20260511,컴퓨터/IT
9791124516058,S000219751861,이게 되네? 캔바 AI 미친 활용법 47제,"24,000","21,600",10%,5%,"1,200",이지쌤,골든래빗(주),20260511,컴퓨터/IT
9791194630753,S000219812444,스토리 엔지니어링,"16,800","16,800",0%,3%,500,김우정,생능북스,20260508,컴퓨터/IT
9791124516034,S000219615902,이게 되네? 오픈클로 미친 활용법 50제,"24,000","21,600",10%,5%,"1,200",한준구,골든래빗(주),20260504,컴퓨터/IT
9791193187999,S000219744658,STATA를 활용한 정책평가,"34,000","34,000",0%,3%,"1,020",우석진 외,지필미디어,20260430,컴퓨터/IT
9788960885110,S000219732840,퇴근이 빨라지는 제미나이 & 노트북LM 업무 자동화 정석 엑셀 X AI,"22,000","19,800",10%,5%,"1,100",권현욱,디지털북스,20260430,컴퓨터/IT
9788994404646,S000219411647,큐베이스 15,"33,000","29,700",10%,5%,"1,650",최이진,노하우,20260429,컴퓨터/IT
9791158396756,S000219725405,AI 에이전트 개발 완벽 입문,"42,000","37,800",10%,5%,"2,100",김현지 외,위키북스,20260428,컴퓨터/IT
9791175790544,S000219742796,바이브 코더를 위한 최소한의 AI/IT 지식,"22,000","19,800",10%,5%,"1,100",클리커 외,한빛미디어,20260428,컴퓨터/IT
9791175790490,S000219751990,에이전트 시대의 AI 시스템 설계,"42,000","37,800",10%,5%,"2,100",발리아파 락슈마난 외,한빛미디어,20260427,컴퓨터/IT
9791124309032,S000219615653,"애플, 파괴적 혁신의 시작","26,000","23,400",10%,5%,"1,300",레인 누니,책만,20260427,컴퓨터/IT
9791175194502,S000219715517,2026 독공 전산세무 2급,"29,000","26,100",10%,5%,"1,450",공경태 외,박문각,20260425,컴퓨터/IT
9791140718498,S000219662458,개발자가 블로그도 잘 써야 하나요?,"33,000","29,700",10%,5%,"1,650",피오트르 사르나 외,길벗,20260423,컴퓨터/IT
9791157679355,S000219647861,2026 합격Easy 7일 챌린지 컴퓨터활용능력 2급 필기+ 시크릿 노트,"20,000","18,000",10%,5%,"1,000",정남경,건기원,20260420,컴퓨터/IT
9791199303218,S000220353074,로직 프로 12 입문 과정: 애플 공인 교육 센터 MFK 공식 편찬,"62,000","55,800",10%,5%,"3,100",백경민,에핀,20260415,컴퓨터/IT
9791163038429,S000219519839,된다! 포토샵 디자인,"28,000","25,200",10%,5%,"1,400",강아윤,이지스퍼블리싱,20260415,컴퓨터/IT
9791167073006,S000219665488,바쁜 교사를 위한 바로 쓰는 AI,"24,000","21,600",10%,5%,"1,200",전소영 외,사회평론아카데미,20260414,컴퓨터/IT
9791194383970,S000219568684,세컨드 브레인은 옵시디언 with 클로드 코드,"25,000","22,500",10%,5%,"1,250",시안,골든래빗(주),20260413,컴퓨터/IT
9791193059784,S000219594757,한 권으로 끝내는 피지컬 AI ROS2 입문+실전(종합편),"25,500","22,950",10%,5%,"1,270",서민우 외,앤써북,20260410,컴퓨터/IT
9791143024251,S000219646600,AI에 대한 인권의 역습,"12,000","12,000",0%,0%,0,노호창,커뮤니케이션북스,20260410,컴퓨터/IT
9791175790469,S000219647371,누구나 프로처럼 실전 AI 콘텐츠 디자인 with 나노 바나나,"28,000","25,200",10%,5%,"1,400",홍순성,한빛미디어,20260409,컴퓨터/IT
9791194383871,S000219518985,바로바로 바이브 코딩 with 커서 AI,"30,000","27,000",10%,5%,"1,500",박현규,골든래빗(주),20260403,컴퓨터/IT
9791169561471,S000219647981,"AI 로봇 시대, 인간 중심의 고등교육","24,000","24,000",0%,3%,720,조지프 E. 아운,고려대학교출판문화원,20260403,컴퓨터/IT
9791175790346,S000219544704,맛있는 디자인 프리미어 프로 CC 2026,"27,000","24,300",10%,5%,"1,350",심수진 외,한빛미디어,20260402,컴퓨터/IT
9791163038351,S000219545916,Do it! 깡샘의 안드로이드 앱 프로그래밍 with 코틀린,"42,000","37,800",10%,5%,"2,100",강성윤,이지스퍼블리싱,20260330,컴퓨터/IT
9791175700482,S000219564660,인공지능과 컴퓨팅사고,"27,000","27,000",0%,3%,810,강민수 외,홍릉,20260330,컴퓨터/IT
9791167640987,S000219524838,돈이 들어오는 무재고 위탁판매 쇼핑몰,"17,000","15,300",10%,5%,850,전진수,혜지원,20260330,컴퓨터/IT
9788931478969,S000219434636,2026 이기적 사무자동화산업기사 실기 기본서 세트,"28,000","25,200",10%,5%,"1,400",신면철,영진닷컴,20260327,컴퓨터/IT
9791143022950,S000219544901,AI와 개인정보,"12,000","12,000",0%,0%,0,최경진,커뮤니케이션북스,20260327,컴퓨터/IT
9791175196438,S000219407193,2026 독공 전산회계 1급,"28,000","25,200",10%,5%,"1,400",공경태 외,박문각,20260325,컴퓨터/IT
9791194084327,S000219435979,옵시디언 프로페셔널 노트,"25,000","22,500",10%,5%,"1,250",구요한,리코멘드,20260325,컴퓨터/IT
9791143021878,S000219513238,AI와 UX 라이팅,"12,000","12,000",0%,0%,0,전주경 외,커뮤니케이션북스,20260325,컴퓨터/IT
9791140717927,S000219436117,시나공 사무자동화산업기사 실기 기본서,"28,000","25,200",10%,5%,"1,400",길벗알앤디,길벗,20260323,컴퓨터/IT
9791175790209,S000219468919,인스타툰 그리기 with 클립 스튜디오: 인스타툰 채널을 키우고 수익화하는 실전 노하우부터 완성이 빨라지는 클립 스튜디오 활용 꿀팁까지!,"23,000","20,700",10%,5%,"1,150",새나곰(정은아),한빛미디어,20260323,컴퓨터/IT
9791175790278,S000219488499,이것이 리눅스다 현업 서버 환경 그대로 재현하는 실무 리눅스 풀코스 입문,"40,000","36,000",10%,5%,"2,000",우재남,한빛미디어,20260316,컴퓨터/IT
9791194383857,S000219310783,구글 클래스룸 수업 활용법,"26,800","24,120",10%,5%,"1,340",유수근,골든래빗(주),20260310,컴퓨터/IT
9791143411198,S000219391330,리눅스마스터 2급 한권으로 끝내기,"26,000","23,400",10%,5%,"1,300",박성업,시대고시기획,20260310,컴퓨터/IT
9791175790223,S000219342151,파이토치로 배우는 LLM & AI,"36,000","32,400",10%,5%,"1,800",로런스 모로니,한빛미디어,20260306,컴퓨터/IT
9791124309025,S000219305989,모던 자바 동시성 프로그래밍,"33,000","29,700",10%,5%,"1,650",ANM 바즐루어 라만,책만,20260227,컴퓨터/IT
9791124205211,S000219240722,에지 컴퓨팅과 피지컬 AI를 위한 라즈베리파이 5,"30,000","27,000",10%,5%,"1,500",허경용,제이펍,20260226,컴퓨터/IT
9791143410993,S000219311043,MOS 365 Word Expert,"15,000","13,500",10%,5%,750,김경희 외,시대인,20260226,컴퓨터/IT
9791140717828,S000219249026,생성형 AI 완전 정복,"33,000","29,700",10%,5%,"1,650",정재민 외,길벗,20260220,컴퓨터/IT
9788966265169,S000219145821,기본기부터 다시 새기는 러스트 특강,"33,000","29,700",10%,5%,"1,650",욘 옝세,인사이트,20260216,컴퓨터/IT
9791176160070,S000219211626,2026 로그인 전산세무 2급 기출문제집,"18,000","16,200",10%,5%,900,김영철,어울림,20260212,컴퓨터/IT
9791191590371,S000218980807,이나은 주임의 혼나지 않는 엑셀,"19,800","17,820",10%,5%,990,민지희 외,티더블유아이지,20260210,컴퓨터/IT
9791175194540,S000218830812,2026 박문각 SQL 개발자 SQLD 기출원스톱 400제+무료특강,"19,000","17,100",10%,5%,950,윤소정,박문각,20260210,컴퓨터/IT
9791175790094,S000219133630,맛있는 디자인 포토샵&일러스트레이터 CC 2026,"26,000","23,400",10%,5%,"1,300",빨간고래 외,한빛미디어,20260206,컴퓨터/IT
9791143018168,S000219180341,AI와 공감각적 음악 수업,"12,000","12,000",0%,0%,0,양은영 외,커뮤니케이션북스,20260205,컴퓨터/IT
9791140717606,S000219080825,AI 자율학습 클로드 코드·코덱스 CLI·제미나이 CLI 완전 활용법,"32,000","28,800",10%,5%,"1,600",Dave Lee,길벗,20260202,컴퓨터/IT
9791194695387,S000219189935,2026 혜원장의 전산회계 2급 이론+실무+기출+100% 무료강의,"24,000","21,600",10%,5%,"1,200",이혜원(혜원장),직업상점,20260201,컴퓨터/IT
9791175790117,S000219084184,데이터 엔지니어링 디자인 패턴,"35,000","31,500",10%,5%,"1,750",바르토시 코니에치니,한빛미디어,20260130,컴퓨터/IT
9791199271265,S000219004708,"광고, UX/UI, 브랜딩에 바로 쓰는 디자인 심리 108","18,000","16,200",10%,5%,900,321web(미쓰이 마사유키),시프트,20260130,컴퓨터/IT
9791194630463,S000219025412,왕초보 시니어도 쉽게 따라 하는 챗GPT 사용법,"16,800","15,120",10%,5%,840,곽민철 외,생능북스,20260130,컴퓨터/IT
9788931481723,S000219078321,그림으로 배우는 가상화 구조,"17,000","15,300",10%,5%,850,스즈키 켄지 외,영진닷컴,20260123,컴퓨터/IT
9791189028510,S000219135369,멘토시리즈 MOS 365 엑셀,"17,000","15,300",10%,5%,850,코리아교육그룹 교육연구소,코리아교육그룹,20260121,컴퓨터/IT
9791189028534,S000219135217,멘토시리즈 MOS 365 워드,"17,000","15,300",10%,5%,850,코리아교육그룹 교육연구소,코리아교육그룹,20260121,컴퓨터/IT
9791192967363,S000219075213,2026 선넘는 ADsP 데이터분석 준전문가 라임북,"31,000","27,900",10%,5%,"1,550",공석민,쏠티북스,20260120,컴퓨터/IT
9791192967370,S000219075243,2026 선넘는 컴퓨터활용능력 2급 필기+실기,"29,000","26,100",10%,5%,"1,450",김쌤(김경화),쏠티북스,20260120,컴퓨터/IT
9791140717422,S000219018495,감각 있는 일잘러의 IT 지식,"22,000","19,800",10%,5%,"1,100",이원진 외,길벗,20260120,컴퓨터/IT
9791140717347,S000218960995,2026 시나공 ADsP 데이터분석 준전문가 기출문제의 재구성,"25,000","22,500",10%,5%,"1,250",이상미,길벗,20260119,컴퓨터/IT
9788969656360,S000218974231,2026 해커스 정보처리기사 실기 한권합격 이론+최신기출,"37,000","33,300",10%,5%,"1,850",한미현 외,해커스자격증,20260116,컴퓨터/IT
9791136040916,S000219018494,2026 에듀윌 전산회계 2급 2주끝장,"22,000","19,800",10%,5%,"1,100",박진혁,에듀윌,20260116,컴퓨터/IT
9788931481297,S000218331600,2026 이기적 정보보안기사 필기+실기 올인원,"49,000","44,100",10%,5%,"2,450",임호진,영진닷컴,20260115,컴퓨터/IT
9791193666432,S000218933738,2026 흥달쌤의 프로그래밍 언어,"30,000","27,000",10%,5%,"1,500",이흥직,에듀콕스,20260115,컴퓨터/IT
9788931481211,S000218204635,"이기적 네트워크관리사 1, 2급 필기+실기 올인원","30,000","27,000",10%,5%,"1,500",임호진 외,영진닷컴,20260115,컴퓨터/IT
9788931480405,S000218881966,2026 이기적 정보처리기사 실기 기출 600제,"29,000","26,100",10%,5%,"1,450",이성행,영진닷컴,20260115,컴퓨터/IT
9788931481419,S000218787227,2026 이기적 리눅스마스터 2급(1·2차) 기본서,"28,000","25,200",10%,5%,"1,400",권소라,영진닷컴,20260115,컴퓨터/IT
9788931478075,S000218667743,2026 한 권으로 끝장내는 이기적X커미조아가현샘 컴퓨터활용능력 1급 실기,"26,000","23,400",10%,5%,"1,300",박가현,영진닷컴,20260115,컴퓨터/IT
9788931480306,S000218668111,이기적 ITQ 액세스 ver 2021,"17,000","15,300",10%,5%,850,영진정보연구소,영진닷컴,20260115,컴퓨터/IT
9791161757568,S000218918259,언리얼 엔진 5로 개발하는 절차적 콘텐츠 생성,"40,000","36,000",10%,5%,"2,000",폴 마틴 엘리아스,에이콘출판,20260113,컴퓨터/IT
9791164262762,S000218880663,타입스크립트와 Next.js로 완성하는 웹 애플리케이션,"34,000","30,600",10%,5%,"1,700",안귀정,아이콕스,20260112,컴퓨터/IT
9791167918222,S000219020152,GPR 딥러닝 완전정복,"20,000","18,000",10%,5%,"1,000",차우성,메이킹북스,20260112,컴퓨터/IT
9791194630500,S000218934632,파워 유저를 위한 파이썬 EXPRESS,"35,000","35,000",0%,3%,"1,050",천인국 외,생능출판,20260109,컴퓨터/IT
9791163038047,S000218881545,된다! 네이버 스마트플레이스,"22,000","19,800",10%,5%,"1,100",고수진,이지스퍼블리싱,20260106,컴퓨터/IT
9791191941128,S000218934695,DB 트랜잭션 동시성 제어,"38,000","38,000",0%,3%,"1,140",조시형,디비안(주)(DBian),20260102,컴퓨터/IT
9791194383673,S000218845536,이게 되네? AI 쇼츠 만들기 미친 자동화 22제,"26,000","23,400",10%,5%,"1,300",천은영,골든래빗(주),20260101,컴퓨터/IT
9791140716555,S000218777881,바이브 코딩으로 배우는 풀스택 만들기,"26,000","26,000",0%,3%,780,이희찬,길벗캠퍼스,20251231,컴퓨터/IT
9788966265046,S000218789214,이펙티브 타입스크립트,"35,000","31,500",10%,5%,"1,750",댄 밴더캄,인사이트,20251217,컴퓨터/IT
9791143015389,S000218730080,AI와 초·중등 교육의 변화,"12,000","12,000",0%,0%,0,홍옥수,커뮤니케이션북스,20251205,컴퓨터/IT
9791199529854,S000218641537,소프트웨어 아키텍처 The Basics,"43,000","38,700",10%,5%,"2,150",마크 리처즈 외,한빛미디어,20251130,컴퓨터/IT
9791158396503,S000218576652,LLM 디자인 패턴,"35,000","31,500",10%,5%,"1,750",켄 황,위키북스,20251125,컴퓨터/IT
9791140716159,S000218197637,2026 시나공 정보처리산업기사 필기 기본서,"30,000","27,000",10%,5%,"1,500",길벗알앤디,길벗,20251124,컴퓨터/IT
9788931481341,S000218278197,포토샵 AI with 파이어플라이,"25,000","22,500",10%,5%,"1,250",JASON KIM,영진닷컴,20251121,컴퓨터/IT
9791143010704,S000218570296,피지컬 AI와 법,"12,000","12,000",0%,0%,0,김윤명,커뮤니케이션북스,20251121,컴퓨터/IT
9791140716562,S000218604704,그림으로 이해하는 도커와 쿠버네티스,"22,000","19,800",10%,5%,"1,100",토쿠나가 코헤이,길벗,20251120,컴퓨터/IT
9791161759722,S000216564390,데이터로 측정하는 UX 리서치 3/e,"38,000","34,200",10%,5%,"1,900",Bill Albert 외,에이콘출판,20251113,컴퓨터/IT
9791143013897,S000218439680,AI와 가상현실의 철학,"12,000","12,000",0%,0%,0,이강원 외,커뮤니케이션북스,20251113,컴퓨터/IT
9791169214476,S000218400836,바이브 코딩 너머 개발자 생존법,"23,000","20,700",10%,5%,"1,150",애디 오스마니,한빛미디어,20251107,컴퓨터/IT
9791143000279,S000218304853,인공지능 윤리와 안전,"12,000","12,000",0%,3%,360,방준성,커뮤니케이션북스,20251107,컴퓨터/IT
9791158396404,S000218318818,MCP 실전 활용 & 서버 개발 핵심 가이드,"28,000","25,200",10%,5%,"1,400",AI튜터랩,위키북스,20251106,컴퓨터/IT
9791192038087,S000218193574,똑똑한 파이썬,"22,000","19,800",10%,5%,"1,100",황재호 외,인포앤북,20251101,컴퓨터/IT
9791140716326,S000218304652,그림과 실습으로 배우는 쿠버네티스 입문,"28,000","25,200",10%,5%,"1,400",타카하시 아오이,길벗,20251031,컴퓨터/IT
9791169214483,S000218331435,핸즈온 바이브 코딩: 요구사항 정의부터 리팩터링까지 직관이 아닌 원리로 익히는 실전 가이드,"22,000","19,800",10%,5%,"1,100",정도현,한빛미디어,20251031,컴퓨터/IT
9788966113217,S000218322836,2026 알기사 정보보안기사(산업기사) 필기+핵심기출 1200제 세트,"50,000","45,000",10%,5%,"2,500",조현준,지안에듀,20251030,컴퓨터/IT
9791158396374,S000218234961,이것이 UX/UI 디자인이다,"35,000","31,500",10%,5%,"1,750",조성봉,위키북스,20251030,컴퓨터/IT
9791169214452,S000218331318,스케치업&엔스케이프 트레이닝 북,"32,000","28,800",10%,5%,"1,600",강석창,한빛미디어,20251030,컴퓨터/IT
9788931476620,S000218183225,2026 이기적 GTQ 포토샵 1급 기본서 ver. CC,"24,000","21,600",10%,5%,"1,200",일마,영진닷컴,20251027,컴퓨터/IT
9788931479348,S000218081958,2026 이기적 컴퓨터활용능력 2급 필기 기출 800제,"13,000","11,700",10%,5%,650,영진정보연구소,영진닷컴,20251022,컴퓨터/IT
9788931481105,S000218081064,"리액트, Next.js로 완성하는 프론트엔드","36,000","32,400",10%,5%,"1,800",강경석,영진닷컴,20251020,컴퓨터/IT
9788931480344,S000217937669,2026 이기적 빅데이터분석기사 실기 Python 기본서,"32,000","28,800",10%,5%,"1,600",이삭 외,영진닷컴,20251017,컴퓨터/IT
9791194630210,S000217919085,AI 이후의 인간,"23,000","20,700",10%,5%,"1,150",반병현,생능북스,20251015,컴퓨터/IT
9791143005359,S000217922549,데이터 윤리,"12,000","12,000",0%,3%,360,김윤명,커뮤니케이션북스,20251014,컴퓨터/IT
9788931480108,S000217551114,2026 이기적 컴퓨터활용능력 1급 실기 기출문제집,"22,000","19,800",10%,5%,"1,100",박윤정,영진닷컴,20251003,컴퓨터/IT
9791169214414,S000217570343,크리핵티브의 한 권으로 끝내는 웹 해킹 바이블,"60,000","54,000",10%,5%,"3,000",하동민,한빛미디어,20251001,컴퓨터/IT
9788960884977,S000217579119,처음이지만 프로처럼 쓰는 노션(Notion),"25,000","22,500",10%,5%,"1,250",박한용(노션너굴),디지털북스,20250930,컴퓨터/IT
9791140715503,S000217368956,2026 시나공 컴퓨터활용능력 1급 실기 총정리,"26,000","23,400",10%,5%,"1,300",길벗알앤디,길벗,20250929,컴퓨터/IT
9791169214438,S000217939667,AI 프로덕트 기획과 운영,"22,000","19,800",10%,5%,"1,100",마릴리 니카,한빛미디어,20250929,컴퓨터/IT
9791165923341,S000217735516,안티프래질 프런트엔드,"23,000","20,700",10%,5%,"1,150",김상철,비제이퍼블릭,20250926,컴퓨터/IT
9791169213929,S000217513398,헤드 퍼스트 소프트웨어 아키텍처,"37,000","33,300",10%,5%,"1,850",라주 간디 외,한빛미디어,20250919,컴퓨터/IT
9788931479324,S000217403781,2026 이기적 컴퓨터활용능력 2급 필기 최신문제집,"17,000","15,300",10%,5%,850,홍태성 외,영진닷컴,20250919,컴퓨터/IT
9791163037644,S000217555430,Do it! Go 완전 정복,"38,000","34,200",10%,5%,"1,900",한성민,이지스퍼블리싱,20250915,컴퓨터/IT
9791136038821,S000217478348,2026 에듀윌 컴퓨터활용능력 2급 필기 기본서,"22,000","19,800",10%,5%,"1,100",이상미 외,에듀윌,20250905,컴퓨터/IT
9788931479805,S000217287449,2026 이기적 정보처리기사 필기+실기 올인원,"49,000","44,100",10%,5%,"2,450",고소현 외,영진닷컴,20250901,컴퓨터/IT
9791165923310,S000217413287,30가지 심리학 이야기로 풀어보는 UX 디자인,"24,000","21,600",10%,5%,"1,200",윤하린,비제이퍼블릭,20250901,컴퓨터/IT
9791158087524,S000217422535,R을 이용한 생존분석 기초,"28,000","28,000",0%,3%,840,김재희,자유아카데미,20250829,컴퓨터/IT
9791169214247,S000217524649,정지훈의 양자 컴퓨터 강의: AI 다음의 게임 체인저 양자 컴퓨터의 모든 것,"24,000","21,600",10%,5%,"1,200",정지훈,한빛미디어,20250829,컴퓨터/IT
9791193205716,S000217403616,찐 실전 챗GPT: 생성형 AI (에듀테크) 기술·가정 수업 활용하기!,"17,000","17,000",0%,3%,510,봉우리 외,광문각출판미디어,20250825,컴퓨터/IT
9788931479362,S000217187013,2026 이기적 컴퓨터활용능력 2급 필기+실기 올인원,"29,000","26,100",10%,5%,"1,450",홍태성 외,영진닷컴,20250822,컴퓨터/IT
9791143005830,S000217260424,AI와 감시 자본주의,"12,000","12,000",0%,0%,0,김상현,커뮤니케이션북스,20250822,컴퓨터/IT
9791190488617,S000217048849,"AI 시대의 질문력, 프롬프트 엔지니어링","27,000","24,300",10%,5%,"1,350",류한석,코리아닷컴,20250812,컴퓨터/IT
9791193229347,S000217098357,AI 에이전트 생태계,"27,000","24,300",10%,5%,"1,350",조쉬(이주환),로드북,20250804,컴퓨터/IT
9791169214100,S000217193352,"구스마일의 월 1,000만 원 버는 유튜브 첫걸음 가이드북","19,000","17,100",10%,5%,950,구스마일(구태한),한빛미디어,20250804,컴퓨터/IT
9791140715107,S000217153337,2026 시나공 컴퓨터활용능력 2급 필기 총정리,"16,000","14,400",10%,5%,800,길벗알앤디,길벗,20250804,컴퓨터/IT
9791140715060,S000217163721,나만의 MCP 서버 만들기 with 커서 AI,"24,000","21,600",10%,5%,"1,200",서지영,길벗,20250730,컴퓨터/IT
9791194630241,S000217111234,명품 C++ Programming,"34,000","34,000",0%,3%,"1,020",황기태,생능출판,20250725,컴퓨터/IT
9791185623375,S000001871374,국가공인 산업보안관리사 적중예상문제집,"30,000","27,000",10%,5%,"1,500",산업보안실무위원회,케듀아이,20250725,컴퓨터/IT
9791140714995,S000217061005,모두의 인공지능 with 파이썬,"30,000","27,000",10%,5%,"1,500",이영호,길벗,20250725,컴퓨터/IT
9788964947524,S000216905521,IT 업무의 기본이 되는 네트워크 구조 원리 교과서,"28,000","25,200",10%,5%,"1,400",도네 쓰토무,보누스,20250710,컴퓨터/IT
9791194587248,S000216841015,깃허브 액션으로 구현하는 실전 CI/CD 설계와 운영,"28,000","25,200",10%,5%,"1,400",노무라 도모키,제이펍,20250704,컴퓨터/IT
9791169214001,S000216932067,실무에서 SQL을 다루는 기술,"33,000","29,700",10%,5%,"1,650",마크 사이먼,한빛미디어,20250630,컴퓨터/IT
9791192040097,S000216987898,모두를 위한 최신 ChatGPT 프롬프트 엔지니어링,"20,000","18,000",10%,5%,"1,000",김진 외,마소캠퍼스,20250630,컴퓨터/IT
9791138394994,S000216966421,MOS 365 PowerPoint Associate,"15,000","13,500",10%,5%,750,김경희 외,시대인,20250630,컴퓨터/IT
9791188546626,S000216933415,시노비가미 유파북 쿠라마신류,"20,000","20,000",0%,3%,600,카와시마 토이치로,티알피지클럽(TRPG CLUB),20250627,컴퓨터/IT
9791138394437,S000216865871,MOS 365 Word Associate,"15,000","13,500",10%,5%,750,김경희 외,시대인,20250627,컴퓨터/IT
9791169213998,S000216858506,생성형 AI를 위한 프롬프트 엔지니어링,"38,000","34,200",10%,5%,"1,900",제임스 피닉스 외,한빛미디어,20250623,컴퓨터/IT
9791140713394,S000216810171,게임 UI 디자인 교과서,"33,000","33,000",0%,3%,990,이은정 외,길벗캠퍼스,20250620,컴퓨터/IT
9788931478006,S000216695808,처음이야? 파이썬 기초,"20,000","18,000",10%,5%,"1,000",윤영빈 외,영진닷컴,20250620,컴퓨터/IT
9791140713714,S000216758898,2026 시나공 컴퓨터활용능력 1급 필기 기본서,"32,000","28,800",10%,5%,"1,600",길벗알앤디,길벗,20250616,컴퓨터/IT
9791140713721,S000216758905,2026 시나공 컴퓨터활용능력 2급 필기 기본서,"22,000","19,800",10%,5%,"1,100",길벗알앤디,길벗,20250616,컴퓨터/IT
9791194587286,S000216627462,LUVIT 나의 첫 타입스크립트 프로젝트,"26,000","23,400",10%,5%,"1,300",조용수,제이펍,20250612,컴퓨터/IT
9791143000248,S000216695654,인공지능과 편향,"12,000","12,000",0%,3%,360,김효은,커뮤니케이션북스,20250610,컴퓨터/IT
9791169213905,S000216646713,스위프트 프로그래밍,"36,000","32,400",10%,5%,"1,800",야곰,한빛미디어,20250530,컴퓨터/IT
9791158395902,S000216400799,시스템 설계 면접 완벽 가이드,"35,000","31,500",10%,5%,"1,750",지용 탄,위키북스,20250515,컴퓨터/IT
9791169213783,S000216453776,러닝 랭체인,"28,000","25,200",10%,5%,"1,400",메이오 오신 외,한빛미디어,20250514,컴퓨터/IT
9791173078880,S000216327945,AI와 애니메이션 산업,"12,000","12,000",0%,0%,0,오동일,커뮤니케이션북스,20250428,컴퓨터/IT
9788931479409,S000216257548,예제로 배우는 C++ STL,"33,000","29,700",10%,5%,"1,650",빌 와인먼,영진닷컴,20250415,컴퓨터/IT
9788964947432,S000216255644,IT 업무의 기본이 되는 컴퓨터 구조 원리 교과서,"22,000","19,800",10%,5%,"1,100",야자와 히사오,보누스,20250415,컴퓨터/IT
9791173079337,S000216233057,AI와 유통 비즈니스,"12,000","12,000",0%,0%,0,장중호,커뮤니케이션북스,20250414,컴퓨터/IT
9788931478952,S000216169134,포토샵 판타지 아트 기본편+활용편,"32,000","28,800",10%,5%,"1,600",JASON KIM,영진닷컴,20250404,컴퓨터/IT
9791193083284,S000216124230,IT 인프라 기초,"22,000","19,800",10%,5%,"1,100",장두환,루비페이퍼,20250401,컴퓨터/IT
9791169213509,S000216143733,공여사들의 엑셀 혁명 with 챗GPT,"21,000","18,900",10%,5%,"1,050",공여사들,한빛미디어,20250331,컴퓨터/IT
9788931583786,S000215964212,블렌더 3D&AI,"30,000","27,000",10%,5%,"1,500",오창근 외,성안당,20250305,컴퓨터/IT
9791156002673,S000216848377,컴퓨터과학을 위한 필수 이산수학,"32,000","32,000",0%,3%,960,Harry Lewis 외,홍릉,20250228,컴퓨터/IT
9791192119427,S000215969252,발자취 DIAT 멀티미디어제작 곰픽+곰믹스 for DIAT 6개월,"21,000","18,900",10%,5%,"1,050",수험서개발팀,마린북스,20250228,컴퓨터/IT
9791169213394,S000215787646,레트로의 유니티 6 게임 프로그래밍 에센스,"66,000","59,400",10%,5%,"3,300",이제민,한빛미디어,20250217,컴퓨터/IT
9788931476460,S000215605443,이기적 SW코딩자격 2급(3급 포함)(엔트리),"18,000","16,200",10%,5%,900,이민경 외,영진닷컴,20250217,컴퓨터/IT
9791165712266,S000215617822,유틸리티와 함께하는 컴퓨터와 친구하기,"10,000","9,000",10%,5%,500,해람북스 기획팀,해람북스(구 북스홀릭),20250210,컴퓨터/IT
9791138386555,S000215723526,처음 시작하는 디지털 드로잉 with 스케치북,"19,000","17,100",10%,5%,950,이은지(꿀디쌤),시대인,20250207,컴퓨터/IT
9791192932996,S000215609859,Wireshark로 배우는 컴퓨터 네트워크,"39,000","39,000",0%,0%,0,김봉한 외,생능출판,20250131,컴퓨터/IT
9791139223903,S000215617495,DX를 위한 UI·UX 플랫폼 넥사크로 N,"25,000","22,500",10%,5%,"1,250",투비소프트 제품확산팀,지식과감성,20250120,컴퓨터/IT
9791192373911,S000215142605,누구나 쉽게 배우는 인공지능 스타트 with 챗GPT,"29,000","29,000",0%,0%,0,박동규,인피니티북스,20250110,컴퓨터/IT
9791163036654,S000215031171,Do it! 자바 프로그래밍 입문,"29,000","26,100",10%,5%,"1,450",박은종,이지스퍼블리싱,20250110,컴퓨터/IT
9791192932880,S000215103275,시니어를 위한 스마트폰 활용 with 챗GPT,"19,800","19,800",0%,3%,590,곽민철 외,생능북스,20250110,컴퓨터/IT
9791169213318,S000214977649,전문가를 위한 리액트,"34,000","30,600",10%,5%,"1,700",테자스 쿠마르,한빛미디어,20241223,컴퓨터/IT
9791165712211,S000215020890,컴퓨터와 인사하기 윈도우 11,"10,000","9,000",10%,5%,500,해람북스 기획팀,해람북스(구 북스홀릭),20241220,컴퓨터/IT
9791169213233,S000214928147,고작 다섯 명이 한 말을 어떻게 믿어요?,"23,000","20,700",10%,5%,"1,150",송라영,한빛미디어,20241213,컴퓨터/IT
9791163036623,S000214921842,Do it! 자바스크립트+제이쿼리 입문,"25,000","22,500",10%,5%,"1,250",정인용,이지스퍼블리싱,20241212,컴퓨터/IT
9791165712174,S000214913509,컴선생 여우님 한글 2022,"10,000","9,000",10%,5%,500,해람북스 기획팀,해람북스(구 북스홀릭),20241210,컴퓨터/IT
9791169211772,S000214847242,전문가를 위한 파이썬,"65,000","58,500",10%,5%,"3,250",루시아누 하말류,한빛미디어,20241130,컴퓨터/IT
9791169213059,S000214822468,"AGI의 시대: 인간을 초월한 인공지능, AGI를 논하다","22,000","19,800",10%,5%,"1,100",한상기,한빛미디어,20241129,컴퓨터/IT
9788966264537,S000214781090,GitOps Cookbook,"25,000","22,500",10%,5%,"1,250",나탈리 빈토 외,인사이트,20241126,컴퓨터/IT
9791156640189,S000214883066,데이터 과학 기반의 파이썬 빅데이터 분석,"31,000","31,000",0%,3%,930,이지영,한빛아카데미,20241125,컴퓨터/IT
9791198786678,S000214767628,메타러닝: 기본 개념과 아키텍처,"29,000","29,000",0%,1%,290,펑후이민,지니북스,20241112,컴퓨터/IT
9788931477153,S000214681688,2025 이기적 정보기기운용기능사 실기 기본서,"22,000","19,800",10%,5%,"1,100",이시영 외,영진닷컴,20241105,컴퓨터/IT
9791140711352,S000214646540,AI 영화 제작,"27,000","24,300",10%,5%,"1,350",민지영 외,길벗,20241104,컴퓨터/IT
9791198446893,S000214663588,5 디지털포렌식 기초실무와 법률,"42,000","37,800",10%,5%,"2,100",천성덕 외,에스엠디자인,20241101,컴퓨터/IT
9791193926499,S000214507856,비전공자를 위한 AWS,"20,000","18,000",10%,5%,"1,000",히로코 니시무라,제이펍,20241031,컴퓨터/IT
9791169213035,S000214599391,한 권으로 배우는 게임 프로그래밍,"28,000","25,200",10%,5%,"1,400",박태준 외,한빛미디어,20241028,컴퓨터/IT
9791198673015,S000214398680,인공지능이 다 해주는 브루 Vrew 영상 편집,"20,000","18,000",10%,5%,"1,000",지현이(디지털거북이),시프트,20241010,컴퓨터/IT
9791192695280,S000214220152,2025 이공자 ITQ 한글 2022,"17,000","15,300",10%,5%,850,KIE기획연구실,아카데미소프트,20241002,컴퓨터/IT
9791165712044,S000214128586,자바따 ITQ 엑셀 2021(스탠드형),"18,000","16,200",10%,5%,900,해람북스 기획팀,해람북스(구 북스홀릭),20240905,컴퓨터/IT
9788999732133,S000214299437,통계분석의 개념과 실제,"26,000","26,000",0%,3%,780,박준성 외,학지사,20240830,컴퓨터/IT
9791192119441,S000214082208,NEW 우당탕탕 한글 2020/2022로 문서만들기,"14,000","12,600",10%,5%,700,교재개발팀,마린북스,20240830,컴퓨터/IT
9791156002154,S000214156345,파이썬으로 배우는 데이터분석 입문,"28,000","28,000",0%,3%,840,강환수,홍릉,20240826,컴퓨터/IT
9791193926291,S000213962374,게임 밸런스 수치 기획 바이블,"28,000","25,200",10%,5%,"1,400",위안자오양,제이펍,20240826,컴퓨터/IT
9791193059340,S000213858557,인공지능 엔트리와 40개의 작품들,"19,800","17,820",10%,5%,990,전진아 외,앤써북,20240825,컴퓨터/IT
9791169212823,S000214055362,잘 읽히는 보고서 문장의 비밀,"18,000","16,200",10%,5%,900,임영균,한빛미디어,20240822,컴퓨터/IT
9791169212540,S000214014967,이것이 취업을 위한 컴퓨터 과학이다 with CS 기술 면접,"36,000","32,400",10%,5%,"1,800",강민철,한빛미디어,20240813,컴퓨터/IT
9791191905809,S000213858928,Tucker의 Go 언어 프로그래밍,"42,000","37,800",10%,5%,"2,100",공봉식,골든래빗(주),20240801,컴퓨터/IT
9791192991528,S000213815831,Start! 첫걸음 한글 2022 단계별 정복하기,"10,000","9,000",10%,5%,500,아티오 편집부,아티오,20240730,컴퓨터/IT
9788956749822,S000213908085,API 보안 전략,"28,000","25,200",10%,5%,"1,400",콜린 도모니,정보문화사,20240725,컴퓨터/IT
9791193083208,S000213921166,MLOps 구축 가이드북,"36,000","32,400",10%,5%,"1,800",김남기,루비페이퍼,20240722,컴퓨터/IT
9791192932774,S000213816178,두근두근 C언어 with 챗GPT,"32,000","32,000",0%,3%,960,천인국,생능출판,20240722,컴퓨터/IT
9791169212649,S000213660441,처음 시작하는 FastAPI,"26,000","23,400",10%,5%,"1,300",빌 루바노빅,한빛미디어,20240630,컴퓨터/IT
9791161758565,S000213611373,A Tour of C++,"33,000","29,700",10%,5%,"1,650",비야네 스트롭스트룹,에이콘출판,20240628,컴퓨터/IT
9791125103998,S000214182578,R을 활용한 회귀분석,"35,000","35,000",0%,3%,"1,050",고승곤,교우,20240625,컴퓨터/IT
9791193926260,S000213500949,프런트엔드 개발을 위한 테스트 입문,"28,000","25,200",10%,5%,"1,400",요시이 다케후미,제이펍,20240621,컴퓨터/IT
9791189909659,S000213373850,"데이터 거버넌스: 사람, 기술, 도구, 프로세스","30,000","27,000",10%,5%,"1,500",에브렌 에류렉 외,책만,20240603,컴퓨터/IT
9791169212502,S000213417669,개발자를 위한 필수 수학,"30,000","27,000",10%,5%,"1,500",토머스 닐드,한빛미디어,20240603,컴퓨터/IT
9788968444906,S000213094480,인공지능과 데이터 분석을 위한 오렌지,"35,000","35,000",0%,3%,"1,050",김계수,한경사,20240430,컴퓨터/IT
9791192820095,S000213155598,게임 기획의 정석,"30,000","27,000",10%,5%,"1,500",타이난 실베스터,스타비즈,20240430,컴퓨터/IT
9791193059241,S000213036226,만들면서 배우는 아두이노 IoT 사물인터넷과 40개의 작품들,"26,600","23,940",10%,5%,"1,330",장문철,앤써북,20240430,컴퓨터/IT
9791163035756,S000212844115,된다! 김메주의 유튜브 채널&영상 만들기,"19,000","17,100",10%,5%,950,김혜주,이지스퍼블리싱,20240422,컴퓨터/IT
9791189909635,S000212939982,UX/UI의 10가지 심리학 법칙,"18,000","16,200",10%,5%,900,존 야블론스키,책만,20240417,컴퓨터/IT
9791189357566,S000213057314,정보처리기사 필기 한권으로 끝내기,"29,000","26,100",10%,5%,"1,450",메인에듀 정보기술연구소 외,메인에듀,20240402,컴퓨터/IT
9791158395032,S000212758885,블렌더 3D 입문,"28,000","25,200",10%,5%,"1,400",토모,위키북스,20240327,컴퓨터/IT
9791165922702,S000212732003,창작자를 위한 옵시디언 마스터북,"33,000","29,700",10%,5%,"1,650",조지훈,비제이퍼블릭,20240325,컴퓨터/IT
9791140708895,S000212670871,"엑셀마왕의 엑셀 이럴 땐, 이렇게!","20,000","18,000",10%,5%,"1,000",엑셀마왕(임규범),길벗,20240320,컴퓨터/IT
9788931589238,S000000562251,만화로 쉽게 배우는 회귀분석,"18,000","16,200",10%,5%,900,다카하시 신,성안당,20240320,컴퓨터/IT
9788980783168,S000212720843,Step by Step 파이토치 딥러닝 프로그래밍 - Part 1,"28,000","25,200",10%,5%,"1,400",김동근,가메,20240314,컴퓨터/IT
9791169212076,S000212569890,만들면서 배우는 워드프레스,"29,000","26,100",10%,5%,"1,450",박현우,한빛미디어,20240305,컴퓨터/IT
9791191905694,S000212576322,코딩 테스트 합격자 되기: 자바 편,"42,000","37,800",10%,5%,"2,100",김희성 외,골든래빗(주),20240301,컴퓨터/IT
9788999730597,S000212415255,R을 활용한 양적연구방법과 통계분석,"29,000","29,000",0%,3%,870,유진은,학지사,20240301,컴퓨터/IT
9791156001751,S000212624909,나도 하는 C 코딩,"22,000","22,000",0%,3%,660,류춘하 외,홍릉,20240229,컴퓨터/IT
9791192987422,S000212236783,러스트 프로그래밍 공식 가이드,"40,000","36,000",10%,5%,"2,000",스티브 클라브닉 외,제이펍,20240223,컴퓨터/IT
9791158394899,S000212233308,리액트 훅을 활용한 마이크로 상태 관리,"27,000","24,300",10%,5%,"1,350",다이시 카토,위키북스,20240220,컴퓨터/IT
9791140708581,S000212263991,개발자가 영어도 잘해야 하나요?,"27,000","24,300",10%,5%,"1,350",최희철,길벗,20240220,컴퓨터/IT
9791169211901,S000212216152,혼자 공부하는 자바,"28,000","25,200",10%,5%,"1,400",신용권,한빛미디어,20240201,컴퓨터/IT
9791140707218,S000212174672,모두의 네트워크 기초,"24,000","21,600",10%,5%,"1,200",서지영,길벗,20240131,컴퓨터/IT
9791156640165,S000212196544,인공지능 수학 with 파이썬,"32,000","32,000",0%,3%,960,김종락 외,한빛아카데미,20240129,컴퓨터/IT
9791169211956,S000212020531,밑바닥부터 시작하는 딥러닝 4,"30,000","27,000",10%,5%,"1,500",사이토 고키,한빛미디어,20240126,컴퓨터/IT
9791192932507,S000211933474,데이터베이스 배움터,"29,000","29,000",0%,3%,870,홍의경 외,생능출판,20240122,컴퓨터/IT
9791191218275,S000211685324,꿈돌이의 FUSION360(퓨전360) 초급편 1,"30,000","27,000",10%,5%,"1,500",권경범,청담북스,20240110,컴퓨터/IT
9791193059159,S000211743796,홍마리오의 워드프레스 홈페이지 & 블로그 제작으로 수익창출,"25,500","22,950",10%,5%,"1,270",황홍식,앤써북,20240110,컴퓨터/IT
9788966264254,S000211656186,가상 면접 사례로 배우는 대규모 시스템 설계 기초 2,"36,000","32,400",10%,5%,"1,800",알렉스 쉬 외,인사이트,20240102,컴퓨터/IT
9788994404561,S000211607196,큐베이스 13,"55,000","49,500",10%,5%,"2,750",최이진,노하우,20231227,컴퓨터/IT
9791157689927,S000211744499,가장 쉬운 독학 노션 첫걸음,"19,800","17,820",10%,5%,990,원정민,동양북스,20231220,컴퓨터/IT
9791192932385,S000211571344,처음 만나는 인공지능,"27,000","27,000",0%,3%,810,김대수 외,생능출판,20231213,컴퓨터/IT
9791191905557,S000210881884,코딩 테스트 합격자 되기: 파이썬 편,"40,000","36,000",10%,5%,"2,000",박경록,골든래빗(주),20231115,컴퓨터/IT
9791163035244,S000211207431,Do it! Node.js 프로그래밍 입문,"36,000","32,400",10%,5%,"1,800",고경희,이지스퍼블리싱,20231110,컴퓨터/IT
9791169211574,S000210813941,데이터 드리븐 리포트,"33,000","29,700",10%,5%,"1,650",이상석,한빛미디어,20231031,컴퓨터/IT
9791136029058,S000210401792,에듀윌 EXIT GTQ 포토샵 1급 ver.CC,"22,000","19,800",10%,5%,"1,100",김부치,에듀윌,20231025,컴퓨터/IT
9791158085315,S000210614172,SPSS 29를 이용한 통계분석,"33,000","33,000",0%,3%,990,서의훈 외,자유아카데미,20231020,컴퓨터/IT
9791165922467,S000209771045,퇴근 후 스마트스토어로 투잡하기,"29,500","26,550",10%,5%,"1,470",해밀(박하나),비제이퍼블릭,20231020,컴퓨터/IT
9791163035084,S000209211667,된다! 책 만들기 with 인디자인,"22,000","19,800",10%,5%,"1,100",김혜린,이지스퍼블리싱,20230925,컴퓨터/IT
9791158394554,S000208863707,UX 라이팅 교과서,"28,000","25,200",10%,5%,"1,400",이춘희 외,위키북스,20230908,컴퓨터/IT
9791161757704,S000203272851,어둠 속의 추적자들,"28,000","25,200",10%,5%,"1,400",앤디 그린버그,에이콘출판,20230731,컴퓨터/IT
9791192932187,S000202666213,파이썬으로 쉽게 배우는 자료구조,"29,000","29,000",0%,3%,870,최영규 외,생능출판,20230626,컴퓨터/IT
9791191218237,S000202406599,Play! Solidworks 솔리드웍스 퍼펙트 NCS,"20,000","18,000",10%,5%,"1,000",원동현,청담북스,20230525,컴퓨터/IT
9791192932163,S000201798350,데이터베이스 설계 및 구축,"23,000","22,770",1%,2%,460,오세종,생능출판,20230508,컴퓨터/IT
9791156646532,S000201875654,모두를 위한 R 데이터 분석 입문,"29,000","29,000",0%,3%,870,오세종,한빛아카데미,20230505,컴퓨터/IT
9791169210973,S000201558138,파이썬 라이브러리를 활용한 데이터 분석,"39,000","35,100",10%,5%,"1,950",웨스 맥키니,한빛미디어,20230501,컴퓨터/IT
9788999728471,S000202852271,SPSS를 활용한 자료분석론,"30,000","30,000",0%,3%,900,정규형 외,학지사,20230501,컴퓨터/IT
9791140704286,S000201770637,데이터 분석을 위한 전처리와 시각화 with 파이썬,"29,000","29,000",0%,3%,870,오경선 외,길벗캠퍼스,20230501,컴퓨터/IT
9788966263929,S000201485097,밑바닥부터 만드는 컴퓨팅 시스템,"32,000","28,800",10%,5%,"1,600",노암 니산 외,인사이트,20230424,컴퓨터/IT
9791192469768,S000201464167,카프카 핵심 가이드,"33,000","29,700",10%,5%,"1,650",그웬 샤피라 외,제이펍,20230414,컴퓨터/IT
9791192143880,S000201375466,고객 여정 지도 워크숍 가이드,"26,000","23,400",10%,5%,"1,300",가토 미코토,유엑스리뷰(UX REVIEW),20230413,컴퓨터/IT
9791169210898,S000201305611,전문가를 위한 C++,"73,000","65,700",10%,5%,"3,650",마크 그레고리,한빛미디어,20230330,컴퓨터/IT
9791132112822,S000201404485,Chapra의 파이썬 수치해석,"38,000","38,000",0%,3%,"1,140",Steven C. Chapra 외,한티에듀,20230327,컴퓨터/IT
9791158394080,S000201282304,모던 웹을 위한 마이크로 프런트엔드,"28,000","25,200",10%,5%,"1,400",플로리안 라플,위키북스,20230324,컴퓨터/IT
9791161757254,S000201187897,로보틱스 알고리듬,"30,000","27,000",10%,5%,"1,500",모르데하이 벤 아리 외,에이콘출판,20230317,컴퓨터/IT
9791192373164,S000201190905,인공지능,"33,000","33,000",0%,5%,"1,650",천인국,인피니티북스,20230310,컴퓨터/IT
9791163034483,S000200738423,일 잘하는 디자이너,"16,000","14,400",10%,5%,800,시부야 료이치,이지스퍼블리싱,20230203,컴퓨터/IT
9791140703029,S000200743297,소프트웨어 코딩 대회를 위한 파이썬 문제 풀이 100,"20,000","18,000",10%,5%,"1,000",이형우,길벗,20230130,컴퓨터/IT
9791185623290,S000001871371,ISE 국가공인 산업보안관리사,"30,000","27,000",10%,5%,"1,500",산업보안실무위원회,케듀아이,20230120,컴퓨터/IT
9788938105752,S000200437382,전기 AutoCAD 완전정복,"27,000","27,000",0%,5%,"1,350",이충식 외,동일출판사,20230110,컴퓨터/IT
9791192373126,S000200641301,Python으로 시작하는 빅데이터분석 및 인공지능,"28,000","28,000",0%,5%,"1,400",조준모,인피니티북스,20230109,컴퓨터/IT
9791156000808,S000200712226,PSIM과 MATLAB을 활용한 전력변환 제어기 설계,"25,000","25,000",0%,3%,750,김일송,홍릉,20230109,컴퓨터/IT
9791156645481,S000200616653,컴퓨터 비전과 딥러닝,"39,000","39,000",0%,3%,"1,170",오일석,한빛아카데미,20230105,컴퓨터/IT
9788970506562,S000200553329,두근두근 파이썬,"25,000","25,000",0%,3%,750,천인국,생능출판,20230105,컴퓨터/IT
9791156646327,S000200555619,머신러닝을 위한 수학,"28,000","25,200",10%,5%,"1,400",이병준,한빛아카데미,20221226,컴퓨터/IT
9791163034186,S000200116829,포토샵 보정&합성 디자인 사전,"24,000","21,600",10%,5%,"1,200",쿠스다 사토시,이지스퍼블리싱,20221103,컴퓨터/IT
9791158393670,S000200033282,모두를 위한 메타러닝,"26,000","23,400",10%,5%,"1,300",정창훈 외,위키북스,20221025,컴퓨터/IT
9791163034087,S000062180275,Do it! C# 프로그래밍 입문,"20,000","18,000",10%,5%,"1,000",박필준,이지스퍼블리싱,20221013,컴퓨터/IT
9788931559057,S000061896244,픽스호크 드론의 정석,"35,000","35,000",0%,5%,"1,750",공현철 외,성안당,20221007,컴퓨터/IT
9788997030095,S000061896755,킹 오브 랜 스위칭(KING of Lan Switching),"35,000","31,500",10%,5%,"1,750",피터 전,네버스탑,20220929,컴퓨터/IT
9791161756790,S000061695100,보안 취약점 관리 자동화,"25,000","22,500",10%,5%,"1,250",앤드류 매그너슨,에이콘출판,20220915,컴퓨터/IT
9791169210089,S000061585518,SQL로 시작하는 데이터 분석,"30,000","27,000",10%,5%,"1,500",캐시 타니무라,한빛미디어,20220810,컴퓨터/IT
9791192469225,S000061532888,딥러닝을 위한 수학,"30,000","27,000",10%,5%,"1,500",로널드 크노이젤,제이펍,20220808,컴퓨터/IT
9791191941043,S000061696047,오라클 성능 고도화 원리와 해법 1,"39,000","39,000",0%,3%,"1,170",조시형,디비안(주)(DBian),20220801,컴퓨터/IT
9791158083625,S000061450226,버그 정글을 헤쳐 가기 위한 테스터 지침서,"26,000","26,000",0%,3%,780,최준현,자유아카데미,20220725,컴퓨터/IT
9791161755700,S000060625360,A/B 테스트,"30,000","27,000",10%,5%,"1,500",론 코하비 외,에이콘출판,20220630,컴퓨터/IT
9788956749167,S000061403818,인공지능 바이블,"28,000","25,200",10%,5%,"1,400",조민호,정보문화사,20220630,컴퓨터/IT
9791156646037,S000060624795,인터넷 해킹과 보안,"29,000","29,000",0%,3%,870,김경곤,한빛아카데미,20220625,컴퓨터/IT
9791162245651,S000061352349,혼자 공부하는 파이썬,"22,000","19,800",10%,5%,"1,100",윤인성,한빛미디어,20220601,컴퓨터/IT
9791163033493,S000001818061,Do it! 쉽게 배우는 파이썬 데이터 분석,"23,000","20,700",10%,5%,"1,150",김영우,이지스퍼블리싱,20220531,컴퓨터/IT
9791165219468,S000001834830,코딩 자율학습 HTML + CSS + 자바스크립트,"27,000","24,300",10%,5%,"1,350",김기수,길벗,20220425,컴퓨터/IT
9791158393229,S000001766511,파이썬 머신러닝 완벽 가이드,"40,000","36,000",10%,5%,"2,000",권철민,위키북스,20220421,컴퓨터/IT
9791162245262,S000001810483,헤드 퍼스트 디자인 패턴,"36,000","32,400",10%,5%,"1,800",에릭 프리먼 외,한빛미디어,20220316,컴퓨터/IT
9791161756059,S000001805096,태블로 학습하기,"45,000","40,500",10%,5%,"2,250",조슈아 밀리건,에이콘출판,20220218,컴퓨터/IT
9788970505459,S000001076031,명품 HTML5+CSS3+Javascript 웹 프로그래밍,"30,000","30,000",0%,3%,900,황기태,생능출판,20220210,컴퓨터/IT
9788966263325,S000001033127,C++20: 풍부한 예제로 익히는 핵심 기능,"35,000","31,500",10%,5%,"1,750",라이너 그림,인사이트,20220114,컴퓨터/IT
9791191600650,S000001952236,프로그래머의 뇌,"24,000","21,600",10%,5%,"1,200",펠리너 헤르만스,제이펍,20220112,컴퓨터/IT
9791132110804,S000001693779,공학도를 위한 수치해석,"36,000","36,000",0%,3%,"1,080",Steven C.Chapra 외,한빛아카데미,20220110,컴퓨터/IT
9791161755878,S000001805083,추천 시스템,"40,000","36,000",10%,5%,"2,000",차루 아가르왈,에이콘출판,20211231,컴퓨터/IT
9788970505251,S000001076015,명품 운영체제,"33,000","33,000",0%,3%,990,황기태,생능출판,20211214,컴퓨터/IT
9791165217815,S000001834743,누구나 자료 구조와 알고리즘,"33,000","29,700",10%,5%,"1,650",제이 웬그로우,길벗,20211130,컴퓨터/IT
9791191198164,S000001949034,"정보영재원 대비 문제집 SW, 로봇(초등 3~5학년)","28,000","25,200",10%,5%,"1,400",최종원 외,잇플,20211126,컴퓨터/IT
9791162244739,S000001810432,혼자 공부하는 SQL,"24,000","21,600",10%,5%,"1,200",우재남,한빛미디어,20211101,컴퓨터/IT
9791161755748,S000001805070,단위 테스트,"35,000","31,500",10%,5%,"1,750",블라디미르 코리코프,에이콘출판,20211020,컴퓨터/IT
9791163032991,S000001818039,Do it! 딥러닝 교과서,"28,000","25,200",10%,5%,"1,400",윤성진,이지스퍼블리싱,20211018,컴퓨터/IT
9788931465785,S000000555678,그림으로 배우는 양자 컴퓨터,"18,000","16,200",10%,5%,900,미나토 유이치로,영진닷컴,20211008,컴퓨터/IT
9791158392727,S000001766483,Real MySQL 8.0 (2권),"32,000","28,800",10%,5%,"1,600",백은빈 외,위키북스,20210908,컴퓨터/IT
9791161755632,S000001805060,TCP/IP Illustrated 1 Second Edition,"60,000","54,000",10%,5%,"3,000",케빈 폴 외,에이콘출판,20210831,컴퓨터/IT
9791185578835,S000001870599,Perfect C,"32,000","32,000",0%,3%,960,강환수 외,인피니티북스,20210818,컴퓨터/IT
9791197149887,S000001984329,데이터 분석가의 숫자유감,"16,000","14,400",10%,5%,800,권정민,골든래빗(주),20210810,컴퓨터/IT
9788970504933,S000001075988,C언어 콘서트(누구나 쉽게 즐기는),"27,000","27,000",0%,3%,810,천인국,생능출판,20210723,컴퓨터/IT
9788931465501,S000000555661,친절한 R with 스포츠 데이터,"26,000","23,400",10%,5%,"1,300",황규인,영진닷컴,20210714,컴퓨터/IT
9791161755397,S000001805039,스트리밍 시스템,"35,000","31,500",10%,5%,"1,750",타일러 아키다우 외,에이콘출판,20210630,컴퓨터/IT
9788970504896,S000001075985,알기 쉬운 알고리즘,"25,000","25,000",0%,3%,750,양성봉,생능출판,20210614,컴퓨터/IT
9791162244067,S000001810370,몽고DB 완벽 가이드,"36,000","32,400",10%,5%,"1,800",크리스티나 초도로 외,한빛미디어,20210315,컴퓨터/IT
9788931463347,S000000555543,엑셀로 시작하는 데이터과학 실무,"18,000","16,200",10%,5%,900,하야마 히로시,영진닷컴,20210107,컴퓨터/IT
9791156645214,S000001743797,난생처음 컴퓨팅 사고 with 파이썬,"23,000","23,000",0%,3%,690,김명호,한빛아카데미,20210105,컴퓨터/IT
9791165920289,S000001842163,라이트룸 클래식CC 사진 보정 클래스,"39,500","35,550",10%,5%,"1,970",정현성,비제이퍼블릭,20201229,컴퓨터/IT
9791190665209,S000001942495,그림으로 공부하는 IT 인프라 구조,"26,000","23,400",10%,5%,"1,300",야마자키 야스시 외,제이펍,20201209,컴퓨터/IT
9791189909239,S000001932750,구글 빅쿼리 완벽 가이드,"35,000","31,500",10%,5%,"1,750",발리아파 락쉬마난 외,책만,20201126,컴퓨터/IT
9791190665629,S000001942512,실무에 바로 쓰는 일잘러의 보고서 작성법,"18,000","16,200",10%,5%,900,김마라,제이펍,20201117,컴퓨터/IT
9791165213183,S000001834493,IT 엔지니어를 위한 네트워크 입문,"36,000","32,400",10%,5%,"1,800",고재성 외,길벗,20201030,컴퓨터/IT
9791197024009,S000001982951,MS SQL Server 기본에서 실무까지,"25,000","22,500",10%,5%,"1,250",김정현 외,WIDcloud(위드클라우드),20200930,컴퓨터/IT
9791161754536,S000001804958,AWS를 통한 효과적인 데브옵스 구축,"35,000","31,500",10%,5%,"1,750",요게쉬 라헤자 외,에이콘출판,20200923,컴퓨터/IT
9791161754451,S000001804950,양자 컴퓨터 원리와 수학적 기초,"25,000","22,500",10%,5%,"1,250",크리스 베른하트,에이콘출판,20200831,컴퓨터/IT
9791162243077,S000001810273,이것이 취업을 위한 코딩 테스트다 with 파이썬,"34,000","30,600",10%,5%,"1,700",나동빈,한빛미디어,20200805,컴퓨터/IT
9788931462098,S000000555434,한컴오피스 2020 한글+한셀+한쇼+한워드,"19,000","17,100",10%,5%,950,한글과컴퓨터 편집부 외,영진닷컴,20200720,컴퓨터/IT
9788965402701,S000001019685,구글 클래스룸 수업 레시피,"22,000","19,800",10%,5%,"1,100",박정철 외,프리렉,20200427,컴퓨터/IT
9788931461978,S000000555424,그림으로 배우는 보안 구조,"16,000","14,400",10%,5%,800,마스이 토시카츠,영진닷컴,20200410,컴퓨터/IT
9791189909109,S000001932744,데이터 시각화 교과서,"28,000","25,200",10%,5%,"1,400",클라우스 윌케,책만,20200220,컴퓨터/IT
9791163031253,S000001817951,기계는 어떻게 생각하는가?(리커버),"18,000","16,200",10%,5%,900,숀 게리시,이지스퍼블리싱,20191227,컴퓨터/IT
9788966262557,S000001033088,코틀린으로 배우는 함수형 프로그래밍,"25,000","22,500",10%,5%,"1,250",조재용 외,인사이트,20191220,컴퓨터/IT
9791156006916,S000001732333,파이썬으로 배우는 누구나 코딩,"25,000","25,000",0%,3%,750,강환수 외,도서출판 홍릉(홍릉과학출판사),20190826,컴퓨터/IT
9788970509860,S000001076364,엑셀 2016,"22,000","22,000",0%,3%,660,홍의경,생능출판,20190826,컴퓨터/IT
9791185294278,S000001865432,이공학도를 위한 수치해석: Python 으로 코딩하기,"30,000","29,700",1%,2%,600,최덕기,학산미디어,20190520,컴퓨터/IT
9788983799883,S000001294231,키샷 정리노트,"28,000","25,200",10%,5%,"1,400",김도엽,혜지원,20190419,컴퓨터/IT
9788970509716,S000001076349,자료구조,"29,000","26,100",10%,5%,"1,450",천인국 외,생능출판,20190222,컴퓨터/IT
9788970507804,S000001076199,컴퓨터 구조론,"28,000","27,160",3%,0%,0,윤남일 외,생능출판,20180808,컴퓨터/IT
9791158391089,S000001766338,정보보안 콘테스트를 위한 CTF 문제집,"25,000","22,500",10%,5%,"1,250",시미즈 유타로 외,위키북스,20180712,컴퓨터/IT
9791159711008,S000001784466,전투 전략 사전,"18,000","16,200",10%,5%,900,야마키타 아쓰시,북스힐,20180110,컴퓨터/IT
9791156641582,S000001743455,기계 학습,"32,000","32,000",0%,3%,960,오일석,한빛아카데미,20171205,컴퓨터/IT
9788968483509,S000001057736,신경망 첫걸음,"25,000","22,500",10%,5%,"1,250",타리크 라시드,한빛미디어,20170403,컴퓨터/IT
9791195444977,S000001962305,Mano의 컴퓨터시스템구조,"33,000","32,670",1%,2%,660,M. Morris Mano,프로텍미디어,20170120,컴퓨터/IT
9791185475219,S000001868716,컴퓨터 시스템,"39,000","39,000",0%,3%,"1,170",Randal E. Bryan 외,피어슨에듀케이션코리아,20160831,컴퓨터/IT
9788963510552,S000000987784,C++로 시작하는 객체지향 프로그래밍,"32,000","32,000",0%,3%,960,Liang Y. Daniel,ITC,20160831,컴퓨터/IT
9788970508740,S000001076270,언플러그드 컴퓨팅,"18,000","18,000",0%,3%,540,이재우,생능출판,20160831,컴퓨터/IT
9788966261673,S000001033022,프로그래밍 루비,"44,000","39,600",10%,5%,"2,200",데이브 토머스 외,인사이트,20151104,컴퓨터/IT
9791186659489,S000001889885,소프트웨어 장인,"22,000","19,800",10%,5%,"1,100",산드로 만쿠소,길벗,20150925,컴퓨터/IT
9788955661422,S000000807212,Amos 구조방정식 모형: 고급편,"25,000","22,500",10%,0%,0,허준,한나래,20150910,컴퓨터/IT
9788998139766,S000001628109,객체지향의 사실과 오해,"20,000","18,000",10%,5%,"1,000",조영호,위키북스,20150617,컴퓨터/IT
9788960776944,S000000935706,처음 배우는 C#,"25,000","22,500",10%,5%,"1,250",제이든 카이,에이콘출판,20150331,컴퓨터/IT
9788966261321,S000001033010,맨먼스 미신,"22,000","19,800",10%,5%,"1,100",프레더릭 브룩스,인사이트,20150323,컴퓨터/IT
9791156641780,S000001743471,C C++로 배우는 자료구조론,"23,000","23,000",0%,0%,0,주우석,한빛아카데미,20150202,컴퓨터/IT
9788960776432,S000000935655,파이썬을 활용한 네트워크 프로그래밍,"30,000","27,000",10%,5%,"1,500",파루크 사커,에이콘출판,20150127,컴퓨터/IT
9788960881457,S000000938356,디지털 채색의 정석,"23,000","20,700",10%,5%,"1,150",정종우,디지털북스,20140915,컴퓨터/IT
9788966260935,S000001032978,월스트리트저널 인포그래픽 가이드,"15,000","13,500",10%,5%,750,도나 M. 웡,인사이트,20140314,컴퓨터/IT
9788966261024,S000001032985,테스트 주도 개발,"25,000","22,500",10%,5%,"1,250",켄트 벡,인사이트,20140215,컴퓨터/IT
9788970507798,S000001076198,컴퓨터 그래픽스,"38,000","38,000",0%,3%,"1,140",김성호,생능출판,20130720,컴퓨터/IT
9788966260829,S000001032968,사용자 경험의 요소,"17,000","15,300",10%,5%,850,제시 제임스 개럿,인사이트,20130620,컴퓨터/IT
9788960774384,S000000935453,미래를 바꾼 아홉 가지 알고리즘,"18,800","16,920",10%,5%,940,존 맥코믹,에이콘출판,20130531,컴퓨터/IT
9788973389995,S000001137786,JMP를 활용한 데이터 분석,"26,000","24,700",5%,0%,0,박성수 외,자유아카데미,20130410,컴퓨터/IT
9788966260546,S000001032946,알고리즘 문제 해결 전략 세트,"50,000","45,000",10%,5%,"2,500",구종만,인사이트,20121101,컴퓨터/IT
9788972839736,S000001127011,Access 2010 실무 따라하기,"25,000","25,000",0%,3%,750,윤형태,도서출판 홍릉(홍릉과학출판사),20110831,컴퓨터/IT
9788994711003,S000001554841,소프트웨어 테스팅 실무,"28,000","25,200",10%,5%,"1,400",권원일 외,STA,20100915,컴퓨터/IT
9788935304677,S000000600922,컴파일러 입문,"36,000","32,400",10%,0%,0,오세만,정익사,20100810,컴퓨터/IT
9788960771260,S000000935150,해킹: 공격의 예술,"30,000","27,000",10%,5%,"1,500",존 에릭슨,에이콘출판,20100319,컴퓨터/IT
9788991268685,S000001469845,프로젝트가 서쪽으로 간 까닭은,"14,000","12,600",10%,5%,700,톰 디마르코 외,인사이트,20091118,컴퓨터/IT
9788991268456,S000001469824,컨텍스트를 생각하는 디자인,"25,000","22,500",10%,5%,"1,250",캐런 홀츠블랫 외,인사이트,20080930,컴퓨터/IT
9788957271100,S000000846115,이산수학,"20,000","20,000",0%,3%,600,박덕원,그린,20080721,컴퓨터/IT
9788962180497,S000000962536,디지털 시스템 설계,"25,000","25,000",0%,3%,750,"CHARLES H. ROTH,JR. 외",텍스트북스,20080215,컴퓨터/IT
9788972831082,S000001126239,SYSTEM SOFTWARE (AN INTRODUCTION TO SYSTEMPROGRAMMING),"29,000","29,000",0%,3%,870,LELAND L.BECK,도서출판 홍릉(홍릉과학출판사),19990330,컴퓨터/IT
